date,item_name,category,day_of_week,is_holiday,days_to_payday,is_long_weekend,precipitation_mm,temp_max_c,weather_severity_alert,department_meeting_flag,leave_rate_percentage,macro_dietary_period,recurring_meatless_day,nonveg_abstention_index,fasting_population_est,special_menu_flag,cost_per_portion,shortage_penalty,target_demand
2024-01-01,Chicken Dum Biryani,Non_Veg_Mains,0,0,1,0,9.03,27.59,0,0,0.04,None,0,0.15,0.0,0,70,100,0
2024-01-02,Chicken Dum Biryani,Non_Veg_Mains,1,0,0,0,0.61,25.97,0,0,0.06,None,1,0.25,0.0,0,70,100,0
2024-01-03,Chicken Dum Biryani,Non_Veg_Mains,2,0,29,0,4.61,19.35,0,0,0.09,None,0,0.05,0.0,0,70,100,112
2024-01-04,Chicken Dum Biryani,Non_Veg_Mains,3,0,28,0,1.74,23.83,0,0,0.08,None,1,0.2,0.0,0,70,100,0
2024-01-05,Chicken Dum Biryani,Non_Veg_Mains,4,0,27,0,0.61,27.95,0,0,0.05,None,0,0.05,0.0,0,70,100,0
2024-01-06,Chicken Dum Biryani,Non_Veg_Mains,5,0,26,0,1.32,22.12,0,0,0.09,None,1,0.3,0.0,0,70,100,0
2024-01-07,Chicken Dum Biryani,Non_Veg_Mains,6,0,25,0,0.23,28.73,0,0,0.04,None,0,0.02,0.0,0,70,100,119
2024-01-08,Chicken Dum Biryani,Non_Veg_Mains,0,0,24,0,3.04,20.22,0,1,0.08,None,0,0.15,0.0,0,70,100,0
2024-01-09,Chicken Dum Biryani,Non_Veg_Mains,1,0,23,0,1.67,31.26,0,0,0.03,None,1,0.25,0.0,0,70,100,0
2024-01-10,Chicken Dum Biryani,Non_Veg_Mains,2,0,22,0,0.86,30.91,0,0,0.03,None,0,0.05,0.0,0,70,100,124
2024-01-11,Chicken Dum Biryani,Non_Veg_Mains,3,0,21,0,0.62,25.39,0,1,0.14,None,1,0.2,0.0,0,70,100,0
2024-01-12,Chicken Dum Biryani,Non_Veg_Mains,4,0,20,0,5.91,19.15,0,0,0.09,None,0,0.05,0.0,0,70,100,0
2024-01-13,Chicken Dum Biryani,Non_Veg_Mains,5,0,19,0,1.17,32.54,0,0,0.15,None,1,0.3,0.0,0,70,100,0
2024-01-14,Chicken Dum Biryani,Non_Veg_Mains,6,0,18,0,0.98,24.23,0,0,0.08,None,0,0.02,0.0,0,70,100,114
2024-01-15,Chicken Dum Biryani,Non_Veg_Mains,0,0,17,0,3.0,27.35,0,0,0.13,None,0,0.15,0.0,0,70,100,0
2024-01-16,Chicken Dum Biryani,Non_Veg_Mains,1,0,16,0,0.05,18.8,0,0,0.04,None,1,0.25,0.0,0,70,100,0
2024-01-17,Chicken Dum Biryani,Non_Veg_Mains,2,0,15,0,6.3,23.71,0,0,0.11,None,0,0.05,0.0,0,70,100,114
2024-01-18,Chicken Dum Biryani,Non_Veg_Mains,3,0,14,0,1.29,28.13,0,0,0.14,None,1,0.2,0.0,0,70,100,0
2024-01-19,Chicken Dum Biryani,Non_Veg_Mains,4,0,13,0,6.86,26.17,0,0,0.04,None,0,0.05,0.0,0,70,100,0
2024-01-20,Chicken Dum Biryani,Non_Veg_Mains,5,0,12,0,0.81,27.63,0,0,0.12,None,1,0.3,0.0,0,70,100,0
2024-01-21,Chicken Dum Biryani,Non_Veg_Mains,6,0,11,0,0.84,21.99,0,1,0.07,None,0,0.02,0.0,0,70,100,143
2024-01-22,Chicken Dum Biryani,Non_Veg_Mains,0,0,10,0,3.85,35.88,0,0,0.02,None,0,0.15,0.0,0,70,100,0
2024-01-23,Chicken Dum Biryani,Non_Veg_Mains,1,1,9,0,5.75,24.71,0,0,0.07,None,1,0.25,0.0,1,70,100,0
2024-01-24,Chicken Dum Biryani,Non_Veg_Mains,2,0,8,0,3.57,21.46,0,0,0.15,None,0,0.05,0.0,0,70,100,110
2024-01-25,Chicken Dum Biryani,Non_Veg_Mains,3,0,7,0,3.64,19.49,0,1,0.13,None,1,0.2,0.0,0,70,100,0
2024-01-26,Chicken Dum Biryani,Non_Veg_Mains,4,0,6,0,4.77,29.54,0,1,0.06,None,0,0.05,0.0,0,70,100,0
2024-01-27,Chicken Dum Biryani,Non_Veg_Mains,5,0,5,0,2.35,27.75,0,0,0.02,None,1,0.3,0.0,0,70,100,0
2024-01-28,Chicken Dum Biryani,Non_Veg_Mains,6,0,4,0,0.73,22.08,0,0,0.09,None,0,0.02,0.0,0,70,100,120
2024-01-29,Chicken Dum Biryani,Non_Veg_Mains,0,0,3,0,0.95,21.83,0,0,0.15,None,0,0.15,0.0,0,70,100,0
2024-01-30,Chicken Dum Biryani,Non_Veg_Mains,1,0,2,0,0.86,32.06,0,0,0.06,None,1,0.25,0.0,0,70,100,0
2024-01-31,Chicken Dum Biryani,Non_Veg_Mains,2,0,1,0,4.25,23.06,0,0,0.04,None,0,0.05,0.0,0,70,100,102
2024-02-01,Chicken Dum Biryani,Non_Veg_Mains,3,0,29,0,1.71,20.9,0,0,0.1,None,1,0.2,0.0,0,70,100,0
2024-02-02,Chicken Dum Biryani,Non_Veg_Mains,4,0,28,0,5.82,21.07,0,0,0.1,None,0,0.05,0.0,0,70,100,0
2024-02-03,Chicken Dum Biryani,Non_Veg_Mains,5,0,27,0,3.09,27.65,0,0,0.09,None,1,0.3,0.0,0,70,100,0
2024-02-04,Chicken Dum Biryani,Non_Veg_Mains,6,0,26,0,0.07,23.03,0,1,0.06,None,0,0.02,0.0,0,70,100,153
2024-02-05,Chicken Dum Biryani,Non_Veg_Mains,0,0,25,0,0.59,27.52,0,0,0.12,None,0,0.15,0.0,0,70,100,0
2024-02-06,Chicken Dum Biryani,Non_Veg_Mains,1,0,24,0,1.68,24.19,0,0,0.12,None,1,0.25,0.0,0,70,100,0
2024-02-07,Chicken Dum Biryani,Non_Veg_Mains,2,0,23,0,0.03,26.3,0,1,0.09,None,0,0.05,0.0,0,70,100,129
2024-02-08,Chicken Dum Biryani,Non_Veg_Mains,3,0,22,0,4.19,27.5,0,0,0.08,None,1,0.2,0.0,0,70,100,0
2024-02-09,Chicken Dum Biryani,Non_Veg_Mains,4,0,21,0,0.37,24.41,0,0,0.12,None,0,0.05,0.0,0,70,100,0
2024-02-10,Chicken Dum Biryani,Non_Veg_Mains,5,0,20,0,5.18,23.12,0,0,0.15,None,1,0.3,0.0,0,70,100,0
2024-02-11,Chicken Dum Biryani,Non_Veg_Mains,6,0,19,0,2.45,28.43,0,0,0.08,None,0,0.02,0.0,0,70,100,114
2024-02-12,Chicken Dum Biryani,Non_Veg_Mains,0,0,18,0,2.63,24.56,0,0,0.13,None,0,0.15,0.0,0,70,100,0
2024-02-13,Chicken Dum Biryani,Non_Veg_Mains,1,1,17,0,2.22,30.8,0,0,0.1,None,1,0.25,0.0,1,70,100,0
2024-02-14,Chicken Dum Biryani,Non_Veg_Mains,2,0,16,0,0.63,21.77,0,0,0.07,None,0,0.05,0.0,0,70,100,123
2024-02-15,Chicken Dum Biryani,Non_Veg_Mains,3,0,15,0,0.53,22.69,0,1,0.13,None,1,0.2,0.0,0,70,100,0
2024-02-16,Chicken Dum Biryani,Non_Veg_Mains,4,1,14,1,0.49,18.15,0,1,0.28,None,0,0.05,0.0,1,70,100,0
2024-02-17,Chicken Dum Biryani,Non_Veg_Mains,5,0,13,0,6.0,22.6,0,1,0.15,None,1,0.3,0.0,0,70,100,0
2024-02-18,Chicken Dum Biryani,Non_Veg_Mains,6,1,12,0,2.8,24.43,0,0,0.11,None,0,0.02,0.0,1,70,100,12
2024-02-19,Chicken Dum Biryani,Non_Veg_Mains,0,0,11,0,5.74,25.46,0,0,0.09,None,0,0.15,0.0,0,70,100,0
2024-02-20,Chicken Dum Biryani,Non_Veg_Mains,1,0,10,0,0.04,27.74,0,0,0.1,None,1,0.25,0.0,0,70,100,0
2024-02-21,Chicken Dum Biryani,Non_Veg_Mains,2,0,9,0,4.59,31.51,0,1,0.14,None,0,0.05,0.0,0,70,100,129
2024-02-22,Chicken Dum Biryani,Non_Veg_Mains,3,0,8,0,1.2,19.78,0,0,0.04,None,1,0.2,0.0,0,70,100,0
2024-02-23,Chicken Dum Biryani,Non_Veg_Mains,4,0,7,0,1.93,20.76,0,0,0.04,None,0,0.05,0.0,0,70,100,0
2024-02-24,Chicken Dum Biryani,Non_Veg_Mains,5,0,6,0,1.36,32.86,0,0,0.12,None,1,0.3,0.0,0,70,100,0
2024-02-25,Chicken Dum Biryani,Non_Veg_Mains,6,0,5,0,4.14,22.88,0,0,0.08,None,0,0.02,0.0,0,70,100,118
2024-02-26,Chicken Dum Biryani,Non_Veg_Mains,0,0,4,0,0.87,27.31,0,0,0.09,None,0,0.15,0.0,0,70,100,0
2024-02-27,Chicken Dum Biryani,Non_Veg_Mains,1,0,3,0,1.42,22.41,0,0,0.14,None,1,0.25,0.0,0,70,100,0
2024-02-28,Chicken Dum Biryani,Non_Veg_Mains,2,0,2,0,2.31,30.92,0,0,0.12,None,0,0.05,0.0,0,70,100,117
2024-02-29,Chicken Dum Biryani,Non_Veg_Mains,3,0,1,0,12.92,32.64,0,0,0.05,None,1,0.2,0.0,0,70,100,0
2024-03-01,Chicken Dum Biryani,Non_Veg_Mains,4,0,1,0,6.81,25.19,0,0,0.15,None,0,0.05,0.0,0,70,100,0
2024-03-02,Chicken Dum Biryani,Non_Veg_Mains,5,0,0,0,3.31,28.02,0,1,0.09,None,1,0.3,0.0,0,70,100,0
2024-03-03,Chicken Dum Biryani,Non_Veg_Mains,6,0,29,0,0.83,17.78,0,0,0.1,None,0,0.02,0.0,0,70,100,113
2024-03-04,Chicken Dum Biryani,Non_Veg_Mains,0,0,28,0,0.43,25.19,0,0,0.15,None,0,0.15,0.0,0,70,100,0
2024-03-05,Chicken Dum Biryani,Non_Veg_Mains,1,0,27,0,1.59,30.77,0,0,0.14,None,1,0.25,0.0,0,70,100,0
2024-03-06,Chicken Dum Biryani,Non_Veg_Mains,2,0,26,0,5.53,26.35,0,0,0.04,None,0,0.05,0.0,0,70,100,134
2024-03-07,Chicken Dum Biryani,Non_Veg_Mains,3,0,25,0,6.29,29.8,0,0,0.07,None,1,0.2,0.0,0,70,100,0
2024-03-08,Chicken Dum Biryani,Non_Veg_Mains,4,0,24,0,6.9,31.71,0,0,0.09,None,0,0.05,0.0,0,70,100,0
2024-03-09,Chicken Dum Biryani,Non_Veg_Mains,5,0,23,0,4.74,27.53,0,1,0.12,None,1,0.3,0.0,0,70,100,0
2024-03-10,Chicken Dum Biryani,Non_Veg_Mains,6,0,22,0,2.53,26.92,0,0,0.13,Ramadan,0,0.02,0.15,0,70,100,98
2024-03-11,Chicken Dum Biryani,Non_Veg_Mains,0,0,21,0,3.84,28.48,0,0,0.09,Ramadan,0,0.15,0.15,0,70,100,0
2024-03-12,Chicken Dum Biryani,Non_Veg_Mains,1,0,20,0,8.83,26.12,0,0,0.1,Ramadan,1,0.25,0.15,0,70,100,0
2024-03-13,Chicken Dum Biryani,Non_Veg_Mains,2,0,19,0,0.5,25.9,0,0,0.1,Ramadan,0,0.05,0.15,0,70,100,97
2024-03-14,Chicken Dum Biryani,Non_Veg_Mains,3,0,18,0,1.53,29.38,0,0,0.06,Ramadan,1,0.2,0.15,0,70,100,0
2024-03-15,Chicken Dum Biryani,Non_Veg_Mains,4,0,17,0,1.28,23.66,0,0,0.08,Ramadan,0,0.05,0.15,0,70,100,0
2024-03-16,Chicken Dum Biryani,Non_Veg_Mains,5,0,16,0,1.35,24.78,0,0,0.1,Ramadan,1,0.3,0.15,0,70,100,0
2024-03-17,Chicken Dum Biryani,Non_Veg_Mains,6,0,15,0,6.85,24.9,0,0,0.04,Ramadan,0,0.02,0.15,0,70,100,104
2024-03-18,Chicken Dum Biryani,Non_Veg_Mains,0,0,14,0,1.74,31.02,0,0,0.09,Ramadan,0,0.15,0.15,0,70,100,0
2024-03-19,Chicken Dum Biryani,Non_Veg_Mains,1,0,13,0,0.51,32.01,0,0,0.11,Ramadan,1,0.25,0.15,0,70,100,0
2024-03-20,Chicken Dum Biryani,Non_Veg_Mains,2,0,12,0,0.82,24.04,0,0,0.13,Ramadan,0,0.05,0.15,0,70,100,96
2024-03-21,Chicken Dum Biryani,Non_Veg_Mains,3,0,11,0,6.8,26.3,0,0,0.14,Ramadan,1,0.2,0.15,0,70,100,0
2024-03-22,Chicken Dum Biryani,Non_Veg_Mains,4,0,10,0,0.94,19.37,0,0,0.07,Ramadan,0,0.05,0.15,0,70,100,0
2024-03-23,Chicken Dum Biryani,Non_Veg_Mains,5,0,9,0,0.45,24.85,0,1,0.12,Ramadan,1,0.3,0.15,0,70,100,0
2024-03-24,Chicken Dum Biryani,Non_Veg_Mains,6,0,8,0,0.89,25.68,0,1,0.09,Ramadan,0,0.02,0.15,0,70,100,115
2024-03-25,Chicken Dum Biryani,Non_Veg_Mains,0,0,7,0,2.42,29.12,0,0,0.02,Ramadan,0,0.15,0.15,0,70,100,0
2024-03-26,Chicken Dum Biryani,Non_Veg_Mains,1,0,6,0,7.37,17.64,0,0,0.03,Ramadan,1,0.25,0.15,0,70,100,0
2024-03-27,Chicken Dum Biryani,Non_Veg_Mains,2,0,5,0,1.48,21.98,0,0,0.07,Ramadan,0,0.05,0.15,0,70,100,103
2024-03-28,Chicken Dum Biryani,Non_Veg_Mains,3,0,4,0,0.73,25.74,0,0,0.05,Ramadan,1,0.2,0.15,0,70,100,0
2024-03-29,Chicken Dum Biryani,Non_Veg_Mains,4,0,3,0,4.42,24.86,0,0,0.08,Ramadan,0,0.05,0.15,0,70,100,0
2024-03-30,Chicken Dum Biryani,Non_Veg_Mains,5,0,2,0,2.68,28.89,0,0,0.03,Ramadan,1,0.3,0.15,0,70,100,0
2024-03-31,Chicken Dum Biryani,Non_Veg_Mains,6,0,1,0,3.23,27.44,0,0,0.13,Ramadan,0,0.02,0.15,0,70,100,97
2024-04-01,Chicken Dum Biryani,Non_Veg_Mains,0,0,0,0,0.0,37.45,0,0,0.14,Ramadan,0,0.15,0.15,0,70,100,0
2024-04-02,Chicken Dum Biryani,Non_Veg_Mains,1,0,29,0,0.01,41.0,0,0,0.11,Ramadan,1,0.25,0.15,0,70,100,0
2024-04-03,Chicken Dum Biryani,Non_Veg_Mains,2,0,28,0,0.83,37.3,0,0,0.13,Ramadan,0,0.05,0.15,0,70,100,90
2024-04-04,Chicken Dum Biryani,Non_Veg_Mains,3,0,27,0,0.46,39.11,0,0,0.12,Ramadan,1,0.2,0.15,0,70,100,0
2024-04-05,Chicken Dum Biryani,Non_Veg_Mains,4,0,26,0,0.0,38.16,0,0,0.07,Ramadan,0,0.05,0.15,0,70,100,0
2024-04-06,Chicken Dum Biryani,Non_Veg_Mains,5,0,25,0,5.13,37.75,0,1,0.05,Ramadan,1,0.3,0.15,0,70,100,0
2024-04-07,Chicken Dum Biryani,Non_Veg_Mains,6,0,24,0,0.06,41.11,0,0,0.03,Ramadan,0,0.02,0.15,0,70,100,113
2024-04-08,Chicken Dum Biryani,Non_Veg_Mains,0,0,23,0,2.0,40.41,0,0,0.1,Ramadan,0,0.15,0.15,0,70,100,0
2024-04-09,Chicken Dum Biryani,Non_Veg_Mains,1,0,22,0,0.33,41.77,0,0,0.03,Ramadan,1,0.25,0.15,0,70,100,0
2024-04-10,Chicken Dum Biryani,Non_Veg_Mains,2,0,21,0,2.1,38.26,0,0,0.09,None,0,0.05,0.0,0,70,100,119
2024-04-11,Chicken Dum Biryani,Non_Veg_Mains,3,0,20,0,1.05,41.01,0,0,0.04,None,1,0.2,0.0,0,70,100,0
2024-04-12,Chicken Dum Biryani,Non_Veg_Mains,4,0,19,0,2.19,40.38,0,0,0.05,None,0,0.05,0.0,0,70,100,0
2024-04-13,Chicken Dum Biryani,Non_Veg_Mains,5,0,18,0,0.59,40.44,0,0,0.1,None,1,0.3,0.0,0,70,100,0
2024-04-14,Chicken Dum Biryani,Non_Veg_Mains,6,0,17,0,0.24,40.35,0,0,0.13,None,0,0.02,0.0,0,70,100,110
2024-04-15,Chicken Dum Biryani,Non_Veg_Mains,0,0,16,0,1.79,43.76,0,0,0.03,None,0,0.15,0.0,0,70,100,0
2024-04-16,Chicken Dum Biryani,Non_Veg_Mains,1,0,15,0,0.32,41.27,0,1,0.07,None,1,0.25,0.0,0,70,100,0
2024-04-17,Chicken Dum Biryani,Non_Veg_Mains,2,0,14,0,0.45,40.54,0,0,0.12,None,0,0.05,0.0,0,70,100,113
2024-04-18,Chicken Dum Biryani,Non_Veg_Mains,3,0,13,0,4.04,39.82,0,0,0.04,None,1,0.2,0.0,0,70,100,0
2024-04-19,Chicken Dum Biryani,Non_Veg_Mains,4,0,12,0,0.7,37.14,0,0,0.06,None,0,0.05,0.0,0,70,100,0
2024-04-20,Chicken Dum Biryani,Non_Veg_Mains,5,0,11,0,0.75,41.57,0,0,0.03,None,1,0.3,0.0,0,70,100,0
2024-04-21,Chicken Dum Biryani,Non_Veg_Mains,6,0,10,0,1.15,38.25,0,0,0.02,None,0,0.02,0.0,0,70,100,120
2024-04-22,Chicken Dum Biryani,Non_Veg_Mains,0,0,9,0,1.84,42.8,0,0,0.14,None,0,0.15,0.0,0,70,100,0
2024-04-23,Chicken Dum Biryani,Non_Veg_Mains,1,0,8,0,1.85,40.23,0,1,0.08,None,1,0.25,0.0,0,70,100,0
2024-04-24,Chicken Dum Biryani,Non_Veg_Mains,2,0,7,0,0.12,40.41,0,1,0.05,None,0,0.05,0.0,0,70,100,157
2024-04-25,Chicken Dum Biryani,Non_Veg_Mains,3,0,6,0,0.92,40.87,0,0,0.03,None,1,0.2,0.0,0,70,100,0
2024-04-26,Chicken Dum Biryani,Non_Veg_Mains,4,0,5,0,0.24,40.45,0,0,0.11,None,0,0.05,0.0,0,70,100,0
2024-04-27,Chicken Dum Biryani,Non_Veg_Mains,5,0,4,0,0.73,41.77,0,0,0.1,None,1,0.3,0.0,0,70,100,0
2024-04-28,Chicken Dum Biryani,Non_Veg_Mains,6,0,3,0,0.12,39.42,0,0,0.09,None,0,0.02,0.0,0,70,100,111
2024-04-29,Chicken Dum Biryani,Non_Veg_Mains,0,0,2,0,0.03,42.32,0,0,0.05,None,0,0.15,0.0,0,70,100,0
2024-04-30,Chicken Dum Biryani,Non_Veg_Mains,1,0,1,0,0.06,37.22,0,0,0.12,None,1,0.25,0.0,0,70,100,0
2024-05-01,Chicken Dum Biryani,Non_Veg_Mains,2,0,1,0,2.72,39.35,0,0,0.09,None,0,0.05,0.0,0,70,100,117
2024-05-02,Chicken Dum Biryani,Non_Veg_Mains,3,0,0,0,0.0,41.83,0,0,0.09,None,1,0.2,0.0,0,70,100,0
2024-05-03,Chicken Dum Biryani,Non_Veg_Mains,4,0,29,0,1.02,37.92,0,0,0.11,None,0,0.05,0.0,0,70,100,0
2024-05-04,Chicken Dum Biryani,Non_Veg_Mains,5,0,28,0,5.12,44.81,0,1,0.09,None,1,0.3,0.0,0,70,100,0
2024-05-05,Chicken Dum Biryani,Non_Veg_Mains,6,0,27,0,0.93,42.01,0,0,0.09,None,0,0.02,0.0,0,70,100,112
2024-05-06,Chicken Dum Biryani,Non_Veg_Mains,0,0,26,0,1.91,39.4,0,1,0.04,None,0,0.15,0.0,0,70,100,0
2024-05-07,Chicken Dum Biryani,Non_Veg_Mains,1,0,25,0,1.12,36.89,0,0,0.05,None,1,0.25,0.0,0,70,100,0
2024-05-08,Chicken Dum Biryani,Non_Veg_Mains,2,0,24,0,0.29,43.07,0,0,0.08,None,0,0.05,0.0,0,70,100,124
2024-05-09,Chicken Dum Biryani,Non_Veg_Mains,3,0,23,0,1.24,41.13,0,0,0.05,None,1,0.2,0.0,0,70,100,0
2024-05-10,Chicken Dum Biryani,Non_Veg_Mains,4,0,22,0,0.47,38.02,0,1,0.09,None,0,0.05,0.0,0,70,100,0
2024-05-11,Chicken Dum Biryani,Non_Veg_Mains,5,0,21,0,0.03,41.88,0,0,0.04,None,1,0.3,0.0,0,70,100,0
2024-05-12,Chicken Dum Biryani,Non_Veg_Mains,6,0,20,0,0.0,39.85,0,1,0.1,None,0,0.02,0.0,0,70,100,131
2024-05-13,Chicken Dum Biryani,Non_Veg_Mains,0,0,19,0,3.41,43.5,0,0,0.12,None,0,0.15,0.0,0,70,100,0
2024-05-14,Chicken Dum Biryani,Non_Veg_Mains,1,0,18,0,0.71,38.44,0,0,0.13,None,1,0.25,0.0,0,70,100,0
2024-05-15,Chicken Dum Biryani,Non_Veg_Mains,2,0,17,0,0.6,42.92,0,0,0.15,None,0,0.05,0.0,0,70,100,97
2024-05-16,Chicken Dum Biryani,Non_Veg_Mains,3,0,16,0,1.1,41.14,0,0,0.03,None,1,0.2,0.0,0,70,100,0
2024-05-17,Chicken Dum Biryani,Non_Veg_Mains,4,0,15,0,1.84,37.55,0,0,0.13,None,0,0.05,0.0,0,70,100,0
2024-05-18,Chicken Dum Biryani,Non_Veg_Mains,5,0,14,0,0.63,38.59,0,0,0.14,None,1,0.3,0.0,0,70,100,0
2024-05-19,Chicken Dum Biryani,Non_Veg_Mains,6,0,13,0,0.41,42.63,0,0,0.14,None,0,0.02,0.0,0,70,100,116
2024-05-20,Chicken Dum Biryani,Non_Veg_Mains,0,0,12,0,0.54,40.38,0,0,0.13,None,0,0.15,0.0,0,70,100,0
2024-05-21,Chicken Dum Biryani,Non_Veg_Mains,1,0,11,0,4.71,38.3,0,0,0.1,None,1,0.25,0.0,0,70,100,0
2024-05-22,Chicken Dum Biryani,Non_Veg_Mains,2,0,10,0,0.09,40.0,0,0,0.13,None,0,0.05,0.0,0,70,100,106
2024-05-23,Chicken Dum Biryani,Non_Veg_Mains,3,0,9,0,0.32,41.98,0,0,0.06,None,1,0.2,0.0,0,70,100,0
2024-05-24,Chicken Dum Biryani,Non_Veg_Mains,4,0,8,0,4.11,42.78,0,0,0.09,None,0,0.05,0.0,0,70,100,0
2024-05-25,Chicken Dum Biryani,Non_Veg_Mains,5,0,7,0,0.04,39.63,0,0,0.15,None,1,0.3,0.0,0,70,100,0
2024-05-26,Chicken Dum Biryani,Non_Veg_Mains,6,0,6,0,0.81,38.41,0,0,0.03,None,0,0.02,0.0,0,70,100,123
2024-05-27,Chicken Dum Biryani,Non_Veg_Mains,0,0,5,0,0.01,39.4,0,1,0.13,None,0,0.15,0.0,0,70,100,0
2024-05-28,Chicken Dum Biryani,Non_Veg_Mains,1,0,4,0,0.4,39.58,0,0,0.07,None,1,0.25,0.0,0,70,100,0
2024-05-29,Chicken Dum Biryani,Non_Veg_Mains,2,0,3,0,0.14,40.22,0,0,0.02,None,0,0.05,0.0,0,70,100,136
2024-05-30,Chicken Dum Biryani,Non_Veg_Mains,3,0,2,0,0.02,39.11,0,0,0.08,None,1,0.2,0.0,0,70,100,0
2024-05-31,Chicken Dum Biryani,Non_Veg_Mains,4,0,1,0,5.83,39.58,0,0,0.11,None,0,0.05,0.0,0,70,100,0
2024-06-01,Chicken Dum Biryani,Non_Veg_Mains,5,0,0,0,28.2,30.9,0,0,0.03,None,1,0.3,0.0,0,70,100,0
2024-06-02,Chicken Dum Biryani,Non_Veg_Mains,6,0,29,0,17.86,27.59,0,0,0.07,None,0,0.02,0.0,0,70,100,119
2024-06-03,Chicken Dum Biryani,Non_Veg_Mains,0,0,28,0,37.14,32.16,0,0,0.03,None,0,0.15,0.0,0,70,100,0
2024-06-04,Chicken Dum Biryani,Non_Veg_Mains,1,0,27,0,7.35,28.25,0,1,0.12,None,1,0.25,0.0,0,70,100,0
2024-06-05,Chicken Dum Biryani,Non_Veg_Mains,2,0,26,0,25.56,31.67,0,0,0.07,None,0,0.05,0.0,0,70,100,136
2024-06-06,Chicken Dum Biryani,Non_Veg_Mains,3,0,25,0,13.97,29.17,0,0,0.06,None,1,0.2,0.0,0,70,100,0
2024-06-07,Chicken Dum Biryani,Non_Veg_Mains,4,0,24,0,23.84,32.2,0,0,0.04,None,0,0.05,0.0,0,70,100,0
2024-06-08,Chicken Dum Biryani,Non_Veg_Mains,5,0,23,0,10.73,31.76,0,1,0.12,None,1,0.3,0.0,0,70,100,0
2024-06-09,Chicken Dum Biryani,Non_Veg_Mains,6,0,22,0,26.08,28.13,0,0,0.02,None,0,0.02,0.0,0,70,100,143
2024-06-10,Chicken Dum Biryani,Non_Veg_Mains,0,0,21,0,48.86,31.18,1,0,0.07,None,0,0.15,0.0,0,70,100,0
2024-06-11,Chicken Dum Biryani,Non_Veg_Mains,1,0,20,0,8.16,27.55,0,0,0.14,None,1,0.25,0.0,0,70,100,0
2024-06-12,Chicken Dum Biryani,Non_Veg_Mains,2,0,19,0,8.73,33.5,0,0,0.1,None,0,0.05,0.0,0,70,100,110
2024-06-13,Chicken Dum Biryani,Non_Veg_Mains,3,0,18,0,59.96,33.63,1,1,0.06,None,1,0.2,0.0,0,70,100,0
2024-06-14,Chicken Dum Biryani,Non_Veg_Mains,4,0,17,0,17.83,34.43,0,0,0.06,None,0,0.05,0.0,0,70,100,0
2024-06-15,Chicken Dum Biryani,Non_Veg_Mains,5,0,16,0,6.63,35.56,0,0,0.04,None,1,0.3,0.0,0,70,100,0
2024-06-16,Chicken Dum Biryani,Non_Veg_Mains,6,0,15,0,21.58,28.42,0,0,0.06,None,0,0.02,0.0,0,70,100,144
2024-06-17,Chicken Dum Biryani,Non_Veg_Mains,0,0,14,0,5.67,21.38,0,0,0.11,None,0,0.15,0.0,0,70,100,0
2024-06-18,Chicken Dum Biryani,Non_Veg_Mains,1,0,13,0,6.13,31.06,0,0,0.03,None,1,0.25,0.0,0,70,100,0
2024-06-19,Chicken Dum Biryani,Non_Veg_Mains,2,0,12,0,13.97,29.09,0,0,0.03,None,0,0.05,0.0,0,70,100,116
2024-06-20,Chicken Dum Biryani,Non_Veg_Mains,3,0,11,0,28.1,29.16,0,0,0.15,None,1,0.2,0.0,0,70,100,0
2024-06-21,Chicken Dum Biryani,Non_Veg_Mains,4,0,10,0,29.17,26.24,0,0,0.08,None,0,0.05,0.0,0,70,100,0
2024-06-22,Chicken Dum Biryani,Non_Veg_Mains,5,0,9,0,8.87,27.57,0,0,0.09,None,1,0.3,0.0,0,70,100,0
2024-06-23,Chicken Dum Biryani,Non_Veg_Mains,6,0,8,0,8.09,28.65,0,0,0.1,None,0,0.02,0.0,0,70,100,117
2024-06-24,Chicken Dum Biryani,Non_Veg_Mains,0,0,7,0,9.64,27.6,0,0,0.12,None,0,0.15,0.0,0,70,100,0
2024-06-25,Chicken Dum Biryani,Non_Veg_Mains,1,0,6,0,16.26,29.82,0,1,0.09,None,1,0.25,0.0,0,70,100,0
2024-06-26,Chicken Dum Biryani,Non_Veg_Mains,2,0,5,0,24.08,24.51,0,0,0.1,None,0,0.05,0.0,0,70,100,130
2024-06-27,Chicken Dum Biryani,Non_Veg_Mains,3,0,4,0,23.74,27.46,0,0,0.13,None,1,0.2,0.0,0,70,100,0
2024-06-28,Chicken Dum Biryani,Non_Veg_Mains,4,0,3,0,7.13,31.27,0,0,0.03,None,0,0.05,0.0,0,70,100,0
2024-06-29,Chicken Dum Biryani,Non_Veg_Mains,5,0,2,0,6.37,31.28,0,0,0.04,None,1,0.3,0.0,0,70,100,0
2024-06-30,Chicken Dum Biryani,Non_Veg_Mains,6,0,1,0,25.61,35.42,0,0,0.08,None,0,0.02,0.0,0,70,100,122
2024-07-01,Chicken Dum Biryani,Non_Veg_Mains,0,0,1,0,6.81,28.49,0,1,0.03,None,0,0.15,0.0,0,70,100,0
2024-07-02,Chicken Dum Biryani,Non_Veg_Mains,1,0,0,0,38.73,29.69,0,1,0.1,None,1,0.25,0.0,0,70,100,0
2024-07-03,Chicken Dum Biryani,Non_Veg_Mains,2,0,29,0,5.98,28.79,0,1,0.06,None,0,0.05,0.0,0,70,100,144
2024-07-04,Chicken Dum Biryani,Non_Veg_Mains,3,0,28,0,24.22,30.54,0,0,0.12,None,1,0.2,0.0,0,70,100,0
2024-07-05,Chicken Dum Biryani,Non_Veg_Mains,4,0,27,0,15.01,27.08,0,1,0.09,None,0,0.05,0.0,0,70,100,0
2024-07-06,Chicken Dum Biryani,Non_Veg_Mains,5,0,26,0,21.33,30.57,0,1,0.06,None,1,0.3,0.0,0,70,100,0
2024-07-07,Chicken Dum Biryani,Non_Veg_Mains,6,0,25,0,12.16,27.27,0,0,0.02,None,0,0.02,0.0,0,70,100,132
2024-07-08,Chicken Dum Biryani,Non_Veg_Mains,0,0,24,0,32.19,35.13,0,0,0.03,None,0,0.15,0.0,0,70,100,0
2024-07-09,Chicken Dum Biryani,Non_Veg_Mains,1,0,23,0,17.14,30.8,0,1,0.13,None,1,0.25,0.0,0,70,100,0
2024-07-10,Chicken Dum Biryani,Non_Veg_Mains,2,0,22,0,9.27,32.66,0,0,0.1,None,0,0.05,0.0,0,70,100,118
2024-07-11,Chicken Dum Biryani,Non_Veg_Mains,3,0,21,0,13.69,27.47,0,0,0.14,None,1,0.2,0.0,0,70,100,0
2024-07-12,Chicken Dum Biryani,Non_Veg_Mains,4,0,20,0,8.8,26.04,0,0,0.04,None,0,0.05,0.0,0,70,100,0
2024-07-13,Chicken Dum Biryani,Non_Veg_Mains,5,0,19,0,17.75,25.63,0,0,0.05,None,1,0.3,0.0,0,70,100,0
2024-07-14,Chicken Dum Biryani,Non_Veg_Mains,6,0,18,0,14.44,27.34,0,0,0.09,None,0,0.02,0.0,0,70,100,115
2024-07-15,Chicken Dum Biryani,Non_Veg_Mains,0,0,17,0,2.54,25.25,0,0,0.1,None,0,0.15,0.0,0,70,100,0
2024-07-16,Chicken Dum Biryani,Non_Veg_Mains,1,0,16,0,21.5,27.34,0,0,0.12,None,1,0.25,0.0,0,70,100,0
2024-07-17,Chicken Dum Biryani,Non_Veg_Mains,2,0,15,0,36.51,30.62,0,1,0.11,None,0,0.05,0.0,0,70,100,149
2024-07-18,Chicken Dum Biryani,Non_Veg_Mains,3,0,14,0,10.54,30.28,0,0,0.06,None,1,0.2,0.0,0,70,100,0
2024-07-19,Chicken Dum Biryani,Non_Veg_Mains,4,0,13,0,5.52,32.76,0,0,0.08,None,0,0.05,0.0,0,70,100,0
2024-07-20,Chicken Dum Biryani,Non_Veg_Mains,5,0,12,0,39.81,25.01,0,0,0.07,None,1,0.3,0.0,0,70,100,0
2024-07-21,Chicken Dum Biryani,Non_Veg_Mains,6,0,11,0,14.67,29.55,0,0,0.11,None,0,0.02,0.0,0,70,100,113
2024-07-22,Chicken Dum Biryani,Non_Veg_Mains,0,0,10,0,11.27,29.96,0,1,0.07,None,0,0.15,0.0,0,70,100,0
2024-07-23,Chicken Dum Biryani,Non_Veg_Mains,1,0,9,0,19.8,25.38,0,0,0.09,None,1,0.25,0.0,0,70,100,0
2024-07-24,Chicken Dum Biryani,Non_Veg_Mains,2,0,8,0,20.11,26.81,0,0,0.03,None,0,0.05,0.0,0,70,100,145
2024-07-25,Chicken Dum Biryani,Non_Veg_Mains,3,0,7,0,6.3,30.72,0,0,0.08,None,1,0.2,0.0,0,70,100,0
2024-07-26,Chicken Dum Biryani,Non_Veg_Mains,4,0,6,0,11.35,29.68,0,0,0.05,None,0,0.05,0.0,0,70,100,0
2024-07-27,Chicken Dum Biryani,Non_Veg_Mains,5,0,5,0,26.05,28.89,0,0,0.08,None,1,0.3,0.0,0,70,100,0
2024-07-28,Chicken Dum Biryani,Non_Veg_Mains,6,0,4,0,7.98,30.72,0,0,0.1,None,0,0.02,0.0,0,70,100,127
2024-07-29,Chicken Dum Biryani,Non_Veg_Mains,0,1,3,1,14.25,29.55,0,0,0.28,None,0,0.15,0.0,1,70,100,0
2024-07-30,Chicken Dum Biryani,Non_Veg_Mains,1,0,2,0,13.74,28.77,0,0,0.12,None,1,0.25,0.0,0,70,100,0
2024-07-31,Chicken Dum Biryani,Non_Veg_Mains,2,0,1,0,30.35,31.55,0,0,0.12,None,0,0.05,0.0,0,70,100,131
2024-08-01,Chicken Dum Biryani,Non_Veg_Mains,3,0,1,0,16.33,27.35,0,0,0.07,None,1,0.2,0.0,0,70,100,0
2024-08-02,Chicken Dum Biryani,Non_Veg_Mains,4,0,0,0,2.22,30.64,0,0,0.12,None,0,0.05,0.0,0,70,100,0
2024-08-03,Chicken Dum Biryani,Non_Veg_Mains,5,0,29,0,8.58,27.18,0,1,0.07,None,1,0.3,0.0,0,70,100,0
2024-08-04,Chicken Dum Biryani,Non_Veg_Mains,6,0,28,0,16.97,27.44,0,1,0.09,None,0,0.02,0.0,0,70,100,144
2024-08-05,Chicken Dum Biryani,Non_Veg_Mains,0,0,27,0,29.41,27.08,0,1,0.09,Shravan,0,0.4,0.02,0,70,100,0
2024-08-06,Chicken Dum Biryani,Non_Veg_Mains,1,0,26,0,16.31,28.12,0,0,0.11,Shravan,1,0.4,0.02,0,70,100,0
2024-08-07,Chicken Dum Biryani,Non_Veg_Mains,2,0,25,0,8.51,33.08,0,1,0.08,Shravan,0,0.4,0.02,0,70,100,95
2024-08-08,Chicken Dum Biryani,Non_Veg_Mains,3,0,24,0,42.61,32.78,1,0,0.11,Shravan,1,0.4,0.02,0,70,100,0
2024-08-09,Chicken Dum Biryani,Non_Veg_Mains,4,0,23,0,25.95,33.61,0,0,0.14,Shravan,0,0.4,0.02,0,70,100,0
2024-08-10,Chicken Dum Biryani,Non_Veg_Mains,5,0,22,0,10.93,29.56,0,0,0.13,Shravan,1,0.4,0.02,0,70,100,0
2024-08-11,Chicken Dum Biryani,Non_Veg_Mains,6,0,21,0,21.84,27.77,0,0,0.12,Shravan,0,0.4,0.02,0,70,100,76
2024-08-12,Chicken Dum Biryani,Non_Veg_Mains,0,0,20,0,12.77,31.81,0,0,0.03,Shravan,0,0.4,0.02,0,70,100,0
2024-08-13,Chicken Dum Biryani,Non_Veg_Mains,1,0,19,0,0.54,29.77,0,0,0.15,Shravan,1,0.4,0.02,0,70,100,0
2024-08-14,Chicken Dum Biryani,Non_Veg_Mains,2,0,18,0,8.96,29.29,0,0,0.02,Shravan,0,0.4,0.02,0,70,100,77
2024-08-15,Chicken Dum Biryani,Non_Veg_Mains,3,0,17,0,18.89,30.15,0,0,0.14,Shravan,1,0.4,0.02,0,70,100,0
2024-08-16,Chicken Dum Biryani,Non_Veg_Mains,4,0,16,0,15.37,25.07,0,0,0.03,Shravan,0,0.4,0.02,0,70,100,0
2024-08-17,Chicken Dum Biryani,Non_Veg_Mains,5,0,15,0,12.28,29.05,0,0,0.1,Shravan,1,0.4,0.02,0,70,100,0
2024-08-18,Chicken Dum Biryani,Non_Veg_Mains,6,0,14,0,30.2,29.21,0,1,0.11,Shravan,0,0.4,0.02,0,70,100,98
2024-08-19,Chicken Dum Biryani,Non_Veg_Mains,0,0,13,0,58.82,30.02,1,0,0.12,Shravan,0,0.4,0.02,0,70,100,0
2024-08-20,Chicken Dum Biryani,Non_Veg_Mains,1,0,12,0,5.28,31.34,0,0,0.14,Shravan,1,0.4,0.02,0,70,100,0
2024-08-21,Chicken Dum Biryani,Non_Veg_Mains,2,0,11,0,3.29,30.49,0,0,0.12,Shravan,0,0.4,0.02,0,70,100,64
2024-08-22,Chicken Dum Biryani,Non_Veg_Mains,3,0,10,0,27.79,26.12,0,0,0.09,Shravan,1,0.4,0.02,0,70,100,0
2024-08-23,Chicken Dum Biryani,Non_Veg_Mains,4,0,9,0,5.17,31.81,0,1,0.11,Shravan,0,0.4,0.02,0,70,100,0
2024-08-24,Chicken Dum Biryani,Non_Veg_Mains,5,0,8,0,12.46,28.06,0,1,0.15,Shravan,1,0.4,0.02,0,70,100,0
2024-08-25,Chicken Dum Biryani,Non_Veg_Mains,6,0,7,0,25.46,31.22,0,0,0.11,Shravan,0,0.4,0.02,0,70,100,80
2024-08-26,Chicken Dum Biryani,Non_Veg_Mains,0,0,6,0,11.94,32.06,0,0,0.08,Shravan,0,0.4,0.02,0,70,100,0
2024-08-27,Chicken Dum Biryani,Non_Veg_Mains,1,0,5,0,13.19,34.23,0,0,0.08,Shravan,1,0.4,0.02,0,70,100,0
2024-08-28,Chicken Dum Biryani,Non_Veg_Mains,2,0,4,0,6.62,30.03,0,0,0.13,Shravan,0,0.4,0.02,0,70,100,71
2024-08-29,Chicken Dum Biryani,Non_Veg_Mains,3,0,3,0,2.64,30.96,0,0,0.04,Shravan,1,0.4,0.02,0,70,100,0
2024-08-30,Chicken Dum Biryani,Non_Veg_Mains,4,0,2,0,27.07,26.55,0,1,0.07,Shravan,0,0.4,0.02,0,70,100,0
2024-08-31,Chicken Dum Biryani,Non_Veg_Mains,5,0,1,0,28.96,29.25,0,1,0.12,Shravan,1,0.4,0.02,0,70,100,0
2024-09-01,Chicken Dum Biryani,Non_Veg_Mains,6,0,0,0,22.12,31.71,0,0,0.05,Shravan,0,0.4,0.02,0,70,100,88
2024-09-02,Chicken Dum Biryani,Non_Veg_Mains,0,0,29,0,57.99,39.33,1,1,0.13,Shravan,0,0.4,0.02,0,70,100,0
2024-09-03,Chicken Dum Biryani,Non_Veg_Mains,1,0,28,0,31.67,28.39,0,0,0.06,Shravan,1,0.4,0.02,0,70,100,0
2024-09-04,Chicken Dum Biryani,Non_Veg_Mains,2,0,27,0,17.83,31.36,0,0,0.07,None,0,0.05,0.0,0,70,100,111
2024-09-05,Chicken Dum Biryani,Non_Veg_Mains,3,0,26,0,24.0,30.15,0,0,0.11,None,1,0.2,0.0,0,70,100,0
2024-09-06,Chicken Dum Biryani,Non_Veg_Mains,4,0,25,0,11.22,27.41,0,1,0.11,None,0,0.05,0.0,0,70,100,0
2024-09-07,Chicken Dum Biryani,Non_Veg_Mains,5,0,24,0,12.34,30.43,0,0,0.06,None,1,0.3,0.0,0,70,100,0
2024-09-08,Chicken Dum Biryani,Non_Veg_Mains,6,0,23,0,14.79,35.44,0,0,0.03,None,0,0.02,0.0,0,70,100,134
2024-09-09,Chicken Dum Biryani,Non_Veg_Mains,0,0,22,0,12.44,26.02,0,0,0.06,None,0,0.15,0.0,0,70,100,0
2024-09-10,Chicken Dum Biryani,Non_Veg_Mains,1,0,21,0,9.94,26.68,0,0,0.05,None,1,0.25,0.0,0,70,100,0
2024-09-11,Chicken Dum Biryani,Non_Veg_Mains,2,1,20,0,4.97,29.75,0,0,0.1,None,0,0.05,0.0,1,70,100,12
2024-09-12,Chicken Dum Biryani,Non_Veg_Mains,3,0,19,0,5.97,27.25,0,1,0.14,None,1,0.2,0.0,0,70,100,0
2024-09-13,Chicken Dum Biryani,Non_Veg_Mains,4,0,18,0,13.88,29.87,0,0,0.08,None,0,0.05,0.0,0,70,100,0
2024-09-14,Chicken Dum Biryani,Non_Veg_Mains,5,0,17,0,16.36,29.48,0,0,0.14,None,1,0.3,0.0,0,70,100,0
2024-09-15,Chicken Dum Biryani,Non_Veg_Mains,6,0,16,0,15.57,32.42,0,0,0.05,None,0,0.02,0.0,0,70,100,119
2024-09-16,Chicken Dum Biryani,Non_Veg_Mains,0,0,15,0,15.81,27.85,0,0,0.11,None,0,0.15,0.0,0,70,100,0
2024-09-17,Chicken Dum Biryani,Non_Veg_Mains,1,0,14,0,27.1,29.44,0,1,0.1,None,1,0.25,0.0,0,70,100,0
2024-09-18,Chicken Dum Biryani,Non_Veg_Mains,2,0,13,0,13.42,36.42,0,0,0.11,None,0,0.05,0.0,0,70,100,113
2024-09-19,Chicken Dum Biryani,Non_Veg_Mains,3,0,12,0,10.53,32.58,0,0,0.06,None,1,0.2,0.0,0,70,100,0
2024-09-20,Chicken Dum Biryani,Non_Veg_Mains,4,0,11,0,11.08,34.33,0,0,0.04,None,0,0.05,0.0,0,70,100,0
2024-09-21,Chicken Dum Biryani,Non_Veg_Mains,5,0,10,0,12.74,28.16,0,0,0.09,None,1,0.3,0.0,0,70,100,0
2024-09-22,Chicken Dum Biryani,Non_Veg_Mains,6,0,9,0,33.31,26.56,0,0,0.14,None,0,0.02,0.0,0,70,100,128
2024-09-23,Chicken Dum Biryani,Non_Veg_Mains,0,0,8,0,31.62,31.45,0,0,0.08,None,0,0.15,0.0,0,70,100,0
2024-09-24,Chicken Dum Biryani,Non_Veg_Mains,1,0,7,0,28.23,30.34,0,0,0.03,None,1,0.25,0.0,0,70,100,0
2024-09-25,Chicken Dum Biryani,Non_Veg_Mains,2,0,6,0,13.22,25.75,0,0,0.07,None,0,0.05,0.0,0,70,100,120
2024-09-26,Chicken Dum Biryani,Non_Veg_Mains,3,0,5,0,3.43,24.36,0,0,0.11,None,1,0.2,0.0,0,70,100,0
2024-09-27,Chicken Dum Biryani,Non_Veg_Mains,4,0,4,0,6.7,30.26,0,0,0.06,None,0,0.05,0.0,0,70,100,0
2024-09-28,Chicken Dum Biryani,Non_Veg_Mains,5,0,3,0,17.17,25.65,0,0,0.12,None,1,0.3,0.0,0,70,100,0
2024-09-29,Chicken Dum Biryani,Non_Veg_Mains,6,0,2,0,30.0,33.73,0,1,0.13,None,0,0.02,0.0,0,70,100,168
2024-09-30,Chicken Dum Biryani,Non_Veg_Mains,0,0,1,0,8.32,29.81,0,1,0.14,None,0,0.15,0.0,0,70,100,0
2024-10-01,Chicken Dum Biryani,Non_Veg_Mains,1,0,1,0,1.41,22.76,0,1,0.08,None,1,0.25,0.0,0,70,100,0
2024-10-02,Chicken Dum Biryani,Non_Veg_Mains,2,0,0,0,1.38,32.05,0,0,0.11,None,0,0.05,0.0,0,70,100,120
2024-10-03,Chicken Dum Biryani,Non_Veg_Mains,3,0,29,0,4.36,30.59,0,0,0.12,Navratri,1,0.45,0.05,0,70,100,0
2024-10-04,Chicken Dum Biryani,Non_Veg_Mains,4,0,28,0,0.56,31.1,0,0,0.14,Navratri,0,0.45,0.05,0,70,100,0
2024-10-05,Chicken Dum Biryani,Non_Veg_Mains,5,0,27,0,6.6,32.46,0,0,0.08,Navratri,1,0.45,0.05,0,70,100,0
2024-10-06,Chicken Dum Biryani,Non_Veg_Mains,6,0,26,0,0.73,28.4,0,0,0.04,Navratri,0,0.45,0.05,0,70,100,65
2024-10-07,Chicken Dum Biryani,Non_Veg_Mains,0,0,25,0,4.77,28.71,0,0,0.14,Navratri,0,0.45,0.05,0,70,100,0
2024-10-08,Chicken Dum Biryani,Non_Veg_Mains,1,0,24,0,0.74,18.9,0,0,0.13,Navratri,1,0.45,0.05,0,70,100,0
2024-10-09,Chicken Dum Biryani,Non_Veg_Mains,2,0,23,0,0.09,30.74,0,0,0.02,Navratri,0,0.45,0.05,0,70,100,63
2024-10-10,Chicken Dum Biryani,Non_Veg_Mains,3,0,22,0,6.57,29.66,0,0,0.14,Navratri,1,0.45,0.05,0,70,100,0
2024-10-11,Chicken Dum Biryani,Non_Veg_Mains,4,0,21,0,20.42,29.65,0,1,0.13,Navratri,0,0.45,0.05,0,70,100,0
2024-10-12,Chicken Dum Biryani,Non_Veg_Mains,5,0,20,0,1.13,22.61,0,0,0.05,Navratri,1,0.45,0.05,0,70,100,0
2024-10-13,Chicken Dum Biryani,Non_Veg_Mains,6,0,19,0,2.61,26.32,0,1,0.12,None,0,0.02,0.0,0,70,100,143
2024-10-14,Chicken Dum Biryani,Non_Veg_Mains,0,0,18,0,1.26,25.64,0,0,0.05,None,0,0.15,0.0,0,70,100,0
2024-10-15,Chicken Dum Biryani,Non_Veg_Mains,1,0,17,0,3.4,22.39,0,0,0.14,None,1,0.25,0.0,0,70,100,0
2024-10-16,Chicken Dum Biryani,Non_Veg_Mains,2,0,16,0,0.97,26.62,0,0,0.04,None,0,0.05,0.0,0,70,100,124
2024-10-17,Chicken Dum Biryani,Non_Veg_Mains,3,0,15,0,0.06,27.09,0,0,0.13,None,1,0.2,0.0,0,70,100,0
2024-10-18,Chicken Dum Biryani,Non_Veg_Mains,4,0,14,0,0.97,23.75,0,1,0.1,None,0,0.05,0.0,0,70,100,0
2024-10-19,Chicken Dum Biryani,Non_Veg_Mains,5,0,13,0,6.39,26.33,0,0,0.13,None,1,0.3,0.0,0,70,100,0
2024-10-20,Chicken Dum Biryani,Non_Veg_Mains,6,0,12,0,17.68,26.15,0,0,0.13,None,0,0.02,0.0,0,70,100,115
2024-10-21,Chicken Dum Biryani,Non_Veg_Mains,0,0,11,0,0.27,22.33,0,0,0.05,None,0,0.15,0.0,0,70,100,0
2024-10-22,Chicken Dum Biryani,Non_Veg_Mains,1,0,10,0,1.18,20.94,0,0,0.05,None,1,0.25,0.0,0,70,100,0
2024-10-23,Chicken Dum Biryani,Non_Veg_Mains,2,0,9,0,6.0,26.33,0,0,0.03,None,0,0.05,0.0,0,70,100,124
2024-10-24,Chicken Dum Biryani,Non_Veg_Mains,3,0,8,0,0.47,20.75,0,0,0.06,None,1,0.2,0.0,0,70,100,0
2024-10-25,Chicken Dum Biryani,Non_Veg_Mains,4,0,7,0,0.18,20.26,0,0,0.09,None,0,0.05,0.0,0,70,100,0
2024-10-26,Chicken Dum Biryani,Non_Veg_Mains,5,0,6,0,5.5,28.22,0,1,0.14,None,1,0.3,0.0,0,70,100,0
2024-10-27,Chicken Dum Biryani,Non_Veg_Mains,6,0,5,0,1.35,19.12,0,1,0.07,None,0,0.02,0.0,0,70,100,147
2024-10-28,Chicken Dum Biryani,Non_Veg_Mains,0,0,4,0,2.02,19.98,0,0,0.05,None,0,0.15,0.0,0,70,100,0
2024-10-29,Chicken Dum Biryani,Non_Veg_Mains,1,0,3,0,0.74,26.16,0,0,0.13,None,1,0.25,0.0,0,70,100,0
2024-10-30,Chicken Dum Biryani,Non_Veg_Mains,2,0,2,0,1.41,22.87,0,0,0.09,None,0,0.05,0.0,0,70,100,109
2024-10-31,Chicken Dum Biryani,Non_Veg_Mains,3,0,1,0,0.74,23.56,0,0,0.02,None,1,0.2,0.0,0,70,100,0
2024-11-01,Chicken Dum Biryani,Non_Veg_Mains,4,0,0,0,1.84,27.76,0,0,0.03,None,0,0.05,0.0,0,70,100,0
2024-11-02,Chicken Dum Biryani,Non_Veg_Mains,5,0,29,0,1.89,31.36,0,0,0.08,None,1,0.3,0.0,0,70,100,0
2024-11-03,Chicken Dum Biryani,Non_Veg_Mains,6,0,28,0,0.09,22.6,0,0,0.1,None,0,0.02,0.0,0,70,100,117
2024-11-04,Chicken Dum Biryani,Non_Veg_Mains,0,0,27,0,2.4,29.8,0,0,0.02,None,0,0.15,0.0,0,70,100,0
2024-11-05,Chicken Dum Biryani,Non_Veg_Mains,1,0,26,0,0.57,29.88,0,0,0.12,None,1,0.25,0.0,0,70,100,0
2024-11-06,Chicken Dum Biryani,Non_Veg_Mains,2,0,25,0,7.94,20.53,0,0,0.03,None,0,0.05,0.0,0,70,100,126
2024-11-07,Chicken Dum Biryani,Non_Veg_Mains,3,0,24,0,2.84,25.78,0,0,0.06,None,1,0.2,0.0,0,70,100,0
2024-11-08,Chicken Dum Biryani,Non_Veg_Mains,4,1,23,1,0.03,28.97,0,0,0.3,None,0,0.05,0.0,1,70,100,0
2024-11-09,Chicken Dum Biryani,Non_Veg_Mains,5,0,22,0,1.26,21.8,0,1,0.14,None,1,0.3,0.0,0,70,100,0
2024-11-10,Chicken Dum Biryani,Non_Veg_Mains,6,0,21,0,0.85,26.94,0,0,0.11,None,0,0.02,0.0,0,70,100,120
2024-11-11,Chicken Dum Biryani,Non_Veg_Mains,0,0,20,0,0.02,27.8,0,0,0.11,None,0,0.15,0.0,0,70,100,0
2024-11-12,Chicken Dum Biryani,Non_Veg_Mains,1,0,19,0,0.61,28.7,0,0,0.08,None,1,0.25,0.0,0,70,100,0
2024-11-13,Chicken Dum Biryani,Non_Veg_Mains,2,0,18,0,2.72,20.16,0,0,0.09,None,0,0.05,0.0,0,70,100,122
2024-11-14,Chicken Dum Biryani,Non_Veg_Mains,3,0,17,0,5.16,32.64,0,1,0.07,None,1,0.2,0.0,0,70,100,0
2024-11-15,Chicken Dum Biryani,Non_Veg_Mains,4,0,16,0,0.38,21.35,0,1,0.05,None,0,0.05,0.0,0,70,100,0
2024-11-16,Chicken Dum Biryani,Non_Veg_Mains,5,0,15,0,0.57,18.02,0,1,0.13,None,1,0.3,0.0,0,70,100,0
2024-11-17,Chicken Dum Biryani,Non_Veg_Mains,6,0,14,0,3.53,18.92,0,0,0.05,None,0,0.02,0.0,0,70,100,126
2024-11-18,Chicken Dum Biryani,Non_Veg_Mains,0,0,13,0,1.3,29.61,0,0,0.05,None,0,0.15,0.0,0,70,100,0
2024-11-19,Chicken Dum Biryani,Non_Veg_Mains,1,0,12,0,1.44,26.94,0,0,0.08,None,1,0.25,0.0,0,70,100,0
2024-11-20,Chicken Dum Biryani,Non_Veg_Mains,2,0,11,0,1.94,32.83,0,0,0.04,None,0,0.05,0.0,0,70,100,120
2024-11-21,Chicken Dum Biryani,Non_Veg_Mains,3,0,10,0,2.85,22.17,0,1,0.11,None,1,0.2,0.0,0,70,100,0
2024-11-22,Chicken Dum Biryani,Non_Veg_Mains,4,0,9,0,5.06,18.75,0,0,0.03,None,0,0.05,0.0,0,70,100,0
2024-11-23,Chicken Dum Biryani,Non_Veg_Mains,5,0,8,0,1.51,30.15,0,0,0.04,None,1,0.3,0.0,0,70,100,0
2024-11-24,Chicken Dum Biryani,Non_Veg_Mains,6,0,7,0,9.52,18.69,0,0,0.14,None,0,0.02,0.0,0,70,100,124
2024-11-25,Chicken Dum Biryani,Non_Veg_Mains,0,0,6,0,3.94,26.4,0,1,0.04,None,0,0.15,0.0,0,70,100,0
2024-11-26,Chicken Dum Biryani,Non_Veg_Mains,1,0,5,0,5.58,24.15,0,0,0.09,None,1,0.25,0.0,0,70,100,0
2024-11-27,Chicken Dum Biryani,Non_Veg_Mains,2,0,4,0,0.02,31.03,0,0,0.11,None,0,0.05,0.0,0,70,100,111
2024-11-28,Chicken Dum Biryani,Non_Veg_Mains,3,0,3,0,3.49,26.77,0,0,0.06,None,1,0.2,0.0,0,70,100,0
2024-11-29,Chicken Dum Biryani,Non_Veg_Mains,4,0,2,0,4.25,23.65,0,1,0.03,None,0,0.05,0.0,0,70,100,0
2024-11-30,Chicken Dum Biryani,Non_Veg_Mains,5,0,1,0,0.07,23.51,0,1,0.14,None,1,0.3,0.0,0,70,100,0
2024-12-01,Chicken Dum Biryani,Non_Veg_Mains,6,0,1,0,0.09,24.27,0,0,0.06,None,0,0.02,0.0,0,70,100,122
2024-12-02,Chicken Dum Biryani,Non_Veg_Mains,0,0,0,0,0.97,20.92,0,1,0.07,None,0,0.15,0.0,0,70,100,0
2024-12-03,Chicken Dum Biryani,Non_Veg_Mains,1,0,29,0,0.76,27.54,0,1,0.03,None,1,0.25,0.0,0,70,100,0
2024-12-04,Chicken Dum Biryani,Non_Veg_Mains,2,0,28,0,2.03,21.9,0,0,0.06,None,0,0.05,0.0,0,70,100,122
2024-12-05,Chicken Dum Biryani,Non_Veg_Mains,3,0,27,0,0.48,27.86,0,0,0.07,None,1,0.2,0.0,0,70,100,0
2024-12-06,Chicken Dum Biryani,Non_Veg_Mains,4,0,26,0,3.08,27.09,0,1,0.06,None,0,0.05,0.0,0,70,100,0
2024-12-07,Chicken Dum Biryani,Non_Veg_Mains,5,0,25,0,3.35,20.42,0,1,0.07,None,1,0.3,0.0,0,70,100,0
2024-12-08,Chicken Dum Biryani,Non_Veg_Mains,6,1,24,0,0.51,24.17,0,1,0.15,None,0,0.02,0.0,1,70,100,13
2024-12-09,Chicken Dum Biryani,Non_Veg_Mains,0,0,23,0,1.59,17.7,0,0,0.06,None,0,0.15,0.0,0,70,100,0
2024-12-10,Chicken Dum Biryani,Non_Veg_Mains,1,0,22,0,5.12,26.18,0,0,0.14,None,1,0.25,0.0,0,70,100,0
2024-12-11,Chicken Dum Biryani,Non_Veg_Mains,2,0,21,0,0.4,23.19,0,0,0.1,None,0,0.05,0.0,0,70,100,124
2024-12-12,Chicken Dum Biryani,Non_Veg_Mains,3,0,20,0,4.39,27.92,0,0,0.1,None,1,0.2,0.0,0,70,100,0
2024-12-13,Chicken Dum Biryani,Non_Veg_Mains,4,0,19,0,3.97,26.3,0,0,0.08,None,0,0.05,0.0,0,70,100,0
2024-12-14,Chicken Dum Biryani,Non_Veg_Mains,5,0,18,0,0.9,25.3,0,0,0.09,None,1,0.3,0.0,0,70,100,0
2024-12-15,Chicken Dum Biryani,Non_Veg_Mains,6,0,17,0,6.63,31.49,0,0,0.03,None,0,0.02,0.0,0,70,100,125
2024-12-16,Chicken Dum Biryani,Non_Veg_Mains,0,0,16,0,0.46,21.01,0,0,0.11,None,0,0.15,0.0,0,70,100,0
2024-12-17,Chicken Dum Biryani,Non_Veg_Mains,1,0,15,0,1.05,27.61,0,0,0.1,None,1,0.25,0.0,0,70,100,0
2024-12-18,Chicken Dum Biryani,Non_Veg_Mains,2,0,14,0,0.3,27.83,0,1,0.14,None,0,0.05,0.0,0,70,100,128
2024-12-19,Chicken Dum Biryani,Non_Veg_Mains,3,0,13,0,3.74,26.11,0,0,0.05,None,1,0.2,0.0,0,70,100,0
2024-12-20,Chicken Dum Biryani,Non_Veg_Mains,4,0,12,0,2.39,30.67,0,0,0.05,None,0,0.05,0.0,0,70,100,0
2024-12-21,Chicken Dum Biryani,Non_Veg_Mains,5,0,11,0,6.21,26.1,0,1,0.1,None,1,0.3,0.0,0,70,100,0
2024-12-22,Chicken Dum Biryani,Non_Veg_Mains,6,0,10,0,0.43,29.57,0,0,0.04,None,0,0.02,0.0,0,70,100,125
2024-12-23,Chicken Dum Biryani,Non_Veg_Mains,0,0,9,0,2.9,29.33,0,0,0.02,None,0,0.15,0.0,0,70,100,0
2024-12-24,Chicken Dum Biryani,Non_Veg_Mains,1,1,8,0,0.34,24.04,0,0,0.1,None,1,0.25,0.0,1,70,100,0
2024-12-25,Chicken Dum Biryani,Non_Veg_Mains,2,0,7,0,3.05,32.88,0,0,0.06,None,0,0.05,0.0,0,70,100,126
2024-12-26,Chicken Dum Biryani,Non_Veg_Mains,3,0,6,0,1.36,22.92,0,0,0.11,None,1,0.2,0.0,0,70,100,0
2024-12-27,Chicken Dum Biryani,Non_Veg_Mains,4,0,5,0,3.63,24.38,0,0,0.11,None,0,0.05,0.0,0,70,100,0
2024-12-28,Chicken Dum Biryani,Non_Veg_Mains,5,0,4,0,0.87,25.87,0,1,0.07,None,1,0.3,0.0,0,70,100,0
2024-12-29,Chicken Dum Biryani,Non_Veg_Mains,6,0,3,0,18.29,16.74,0,0,0.03,None,0,0.02,0.0,0,70,100,119
2024-12-30,Chicken Dum Biryani,Non_Veg_Mains,0,0,2,0,3.13,25.69,0,1,0.04,None,0,0.15,0.0,0,70,100,0
2024-12-31,Chicken Dum Biryani,Non_Veg_Mains,1,0,1,0,0.41,20.53,0,0,0.05,None,1,0.25,0.0,0,70,100,0
2025-01-01,Chicken Dum Biryani,Non_Veg_Mains,2,0,1,0,1.27,26.02,0,1,0.09,None,0,0.05,0.0,0,70,100,132
2025-01-02,Chicken Dum Biryani,Non_Veg_Mains,3,0,0,0,1.7,23.24,0,0,0.03,None,1,0.2,0.0,0,70,100,0
2025-01-03,Chicken Dum Biryani,Non_Veg_Mains,4,0,29,0,5.29,22.17,0,1,0.04,None,0,0.05,0.0,0,70,100,0
2025-01-04,Chicken Dum Biryani,Non_Veg_Mains,5,0,28,0,2.61,23.03,0,1,0.11,None,1,0.3,0.0,0,70,100,0
2025-01-05,Chicken Dum Biryani,Non_Veg_Mains,6,0,27,0,1.44,20.72,0,0,0.1,None,0,0.02,0.0,0,70,100,119
2025-01-06,Chicken Dum Biryani,Non_Veg_Mains,0,0,26,0,4.83,29.83,0,0,0.13,None,0,0.15,0.0,0,70,100,0
2025-01-07,Chicken Dum Biryani,Non_Veg_Mains,1,0,25,0,0.75,27.31,0,0,0.09,None,1,0.25,0.0,0,70,100,0
2025-01-08,Chicken Dum Biryani,Non_Veg_Mains,2,0,24,0,0.25,20.13,0,0,0.05,None,0,0.05,0.0,0,70,100,105
2025-01-09,Chicken Dum Biryani,Non_Veg_Mains,3,0,23,0,1.45,24.21,0,0,0.03,None,1,0.2,0.0,0,70,100,0
2025-01-10,Chicken Dum Biryani,Non_Veg_Mains,4,0,22,0,9.64,25.71,0,0,0.03,None,0,0.05,0.0,0,70,100,0
2025-01-11,Chicken Dum Biryani,Non_Veg_Mains,5,0,21,0,0.56,18.45,0,0,0.15,None,1,0.3,0.0,0,70,100,0
2025-01-12,Chicken Dum Biryani,Non_Veg_Mains,6,0,20,0,0.24,20.55,0,0,0.07,None,0,0.02,0.0,0,70,100,127
2025-01-13,Chicken Dum Biryani,Non_Veg_Mains,0,0,19,0,0.81,27.48,0,0,0.08,None,0,0.15,0.0,0,70,100,0
2025-01-14,Chicken Dum Biryani,Non_Veg_Mains,1,0,18,0,0.76,18.89,0,1,0.04,None,1,0.25,0.0,0,70,100,0
2025-01-15,Chicken Dum Biryani,Non_Veg_Mains,2,0,17,0,5.36,31.4,0,1,0.13,None,0,0.05,0.0,0,70,100,117
2025-01-16,Chicken Dum Biryani,Non_Veg_Mains,3,0,16,0,16.99,29.42,0,0,0.11,None,1,0.2,0.0,0,70,100,0
2025-01-17,Chicken Dum Biryani,Non_Veg_Mains,4,0,15,0,1.63,29.57,0,0,0.04,None,0,0.05,0.0,0,70,100,0
2025-01-18,Chicken Dum Biryani,Non_Veg_Mains,5,0,14,0,0.08,26.35,0,0,0.12,None,1,0.3,0.0,0,70,100,0
2025-01-19,Chicken Dum Biryani,Non_Veg_Mains,6,0,13,0,2.01,28.31,0,0,0.05,None,0,0.02,0.0,0,70,100,123
2025-01-20,Chicken Dum Biryani,Non_Veg_Mains,0,0,12,0,3.98,24.09,0,0,0.1,None,0,0.15,0.0,0,70,100,0
2025-01-21,Chicken Dum Biryani,Non_Veg_Mains,1,0,11,0,0.66,14.96,0,0,0.13,None,1,0.25,0.0,0,70,100,0
2025-01-22,Chicken Dum Biryani,Non_Veg_Mains,2,0,10,0,4.16,25.58,0,0,0.05,None,0,0.05,0.0,0,70,100,108
2025-01-23,Chicken Dum Biryani,Non_Veg_Mains,3,0,9,0,1.67,22.1,0,0,0.04,None,1,0.2,0.0,0,70,100,0
2025-01-24,Chicken Dum Biryani,Non_Veg_Mains,4,0,8,0,0.04,18.75,0,0,0.11,None,0,0.05,0.0,0,70,100,0
2025-01-25,Chicken Dum Biryani,Non_Veg_Mains,5,0,7,0,8.05,27.6,0,0,0.05,None,1,0.3,0.0,0,70,100,0
2025-01-26,Chicken Dum Biryani,Non_Veg_Mains,6,0,6,0,2.08,20.47,0,0,0.12,None,0,0.02,0.0,0,70,100,116
2025-01-27,Chicken Dum Biryani,Non_Veg_Mains,0,0,5,0,4.57,28.04,0,1,0.07,None,0,0.15,0.0,0,70,100,0
2025-01-28,Chicken Dum Biryani,Non_Veg_Mains,1,0,4,0,2.11,22.25,0,0,0.12,None,1,0.25,0.0,0,70,100,0
2025-01-29,Chicken Dum Biryani,Non_Veg_Mains,2,0,3,0,7.2,22.45,0,0,0.12,None,0,0.05,0.0,0,70,100,110
2025-01-30,Chicken Dum Biryani,Non_Veg_Mains,3,0,2,0,4.96,23.18,0,1,0.06,None,1,0.2,0.0,0,70,100,0
2025-01-31,Chicken Dum Biryani,Non_Veg_Mains,4,0,1,0,1.21,33.88,0,0,0.04,None,0,0.05,0.0,0,70,100,0
2025-02-01,Chicken Dum Biryani,Non_Veg_Mains,5,0,28,0,4.18,26.36,0,1,0.14,None,1,0.3,0.0,0,70,100,0
2025-02-02,Chicken Dum Biryani,Non_Veg_Mains,6,0,27,0,6.19,29.6,0,0,0.03,None,0,0.02,0.0,0,70,100,129
2025-02-03,Chicken Dum Biryani,Non_Veg_Mains,0,0,26,0,0.63,23.66,0,0,0.09,None,0,0.15,0.0,0,70,100,0
2025-02-04,Chicken Dum Biryani,Non_Veg_Mains,1,0,25,0,3.34,26.26,0,0,0.07,None,1,0.25,0.0,0,70,100,0
2025-02-05,Chicken Dum Biryani,Non_Veg_Mains,2,0,24,0,0.15,25.29,0,0,0.06,None,0,0.05,0.0,0,70,100,117
2025-02-06,Chicken Dum Biryani,Non_Veg_Mains,3,0,23,0,2.36,24.76,0,0,0.06,None,1,0.2,0.0,0,70,100,0
2025-02-07,Chicken Dum Biryani,Non_Veg_Mains,4,0,22,0,0.45,29.19,0,1,0.05,None,0,0.05,0.0,0,70,100,0
2025-02-08,Chicken Dum Biryani,Non_Veg_Mains,5,0,21,0,4.61,27.04,0,0,0.07,None,1,0.3,0.0,0,70,100,0
2025-02-09,Chicken Dum Biryani,Non_Veg_Mains,6,0,20,0,2.72,24.99,0,1,0.06,None,0,0.02,0.0,0,70,100,151
2025-02-10,Chicken Dum Biryani,Non_Veg_Mains,0,0,19,0,0.38,25.6,0,1,0.08,None,0,0.15,0.0,0,70,100,0
2025-02-11,Chicken Dum Biryani,Non_Veg_Mains,1,0,18,0,3.81,24.57,0,1,0.06,None,1,0.25,0.0,0,70,100,0
2025-02-12,Chicken Dum Biryani,Non_Veg_Mains,2,0,17,0,0.03,25.11,0,0,0.08,None,0,0.05,0.0,0,70,100,118
2025-02-13,Chicken Dum Biryani,Non_Veg_Mains,3,0,16,0,0.02,22.75,0,0,0.05,None,1,0.2,0.0,0,70,100,0
2025-02-14,Chicken Dum Biryani,Non_Veg_Mains,4,0,15,0,0.21,25.94,0,0,0.07,None,0,0.05,0.0,0,70,100,0
2025-02-15,Chicken Dum Biryani,Non_Veg_Mains,5,0,14,0,0.34,28.66,0,1,0.03,None,1,0.3,0.0,0,70,100,0
2025-02-16,Chicken Dum Biryani,Non_Veg_Mains,6,0,13,0,0.4,26.15,0,0,0.14,None,0,0.02,0.0,0,70,100,111
2025-02-17,Chicken Dum Biryani,Non_Veg_Mains,0,0,12,0,0.04,25.88,0,0,0.12,None,0,0.15,0.0,0,70,100,0
2025-02-18,Chicken Dum Biryani,Non_Veg_Mains,1,0,11,0,3.53,16.07,0,0,0.06,None,1,0.25,0.0,0,70,100,0
2025-02-19,Chicken Dum Biryani,Non_Veg_Mains,2,0,10,0,2.38,24.12,0,0,0.03,None,0,0.05,0.0,0,70,100,122
2025-02-20,Chicken Dum Biryani,Non_Veg_Mains,3,0,9,0,4.33,30.26,0,0,0.1,None,1,0.2,0.0,0,70,100,0
2025-02-21,Chicken Dum Biryani,Non_Veg_Mains,4,0,8,0,0.21,28.45,0,0,0.06,None,0,0.05,0.0,0,70,100,0
2025-02-22,Chicken Dum Biryani,Non_Veg_Mains,5,0,7,0,1.44,23.89,0,0,0.06,None,1,0.3,0.0,0,70,100,0
2025-02-23,Chicken Dum Biryani,Non_Veg_Mains,6,0,6,0,0.68,30.64,0,0,0.03,None,0,0.02,0.0,0,70,100,133
2025-02-24,Chicken Dum Biryani,Non_Veg_Mains,0,0,5,0,2.82,22.58,0,0,0.04,None,0,0.15,0.0,0,70,100,0
2025-02-25,Chicken Dum Biryani,Non_Veg_Mains,1,0,4,0,7.81,27.65,0,0,0.13,None,1,0.25,0.0,0,70,100,0
2025-02-26,Chicken Dum Biryani,Non_Veg_Mains,2,0,3,0,1.19,23.28,0,0,0.12,None,0,0.05,0.0,0,70,100,110
2025-02-27,Chicken Dum Biryani,Non_Veg_Mains,3,0,2,0,4.09,18.32,0,1,0.08,None,1,0.2,0.0,0,70,100,0
2025-02-28,Chicken Dum Biryani,Non_Veg_Mains,4,0,1,0,7.21,31.05,0,1,0.06,Ramadan,0,0.05,0.15,0,70,100,0
2025-03-01,Chicken Dum Biryani,Non_Veg_Mains,5,0,1,0,2.93,22.78,0,0,0.12,Ramadan,1,0.3,0.15,0,70,100,0
2025-03-02,Chicken Dum Biryani,Non_Veg_Mains,6,0,0,0,1.32,32.76,0,0,0.04,Ramadan,0,0.02,0.15,0,70,100,105
2025-03-03,Chicken Dum Biryani,Non_Veg_Mains,0,0,29,0,10.26,31.66,0,0,0.14,Ramadan,0,0.15,0.15,0,70,100,0
2025-03-04,Chicken Dum Biryani,Non_Veg_Mains,1,0,28,0,0.4,28.39,0,0,0.02,Ramadan,1,0.25,0.15,0,70,100,0
2025-03-05,Chicken Dum Biryani,Non_Veg_Mains,2,0,27,0,3.91,31.07,0,0,0.15,Ramadan,0,0.05,0.15,0,70,100,92
2025-03-06,Chicken Dum Biryani,Non_Veg_Mains,3,0,26,0,0.38,29.03,0,0,0.07,Ramadan,1,0.2,0.15,0,70,100,0
2025-03-07,Chicken Dum Biryani,Non_Veg_Mains,4,0,25,0,4.5,23.52,0,1,0.04,Ramadan,0,0.05,0.15,0,70,100,0
2025-03-08,Chicken Dum Biryani,Non_Veg_Mains,5,0,24,0,0.66,27.52,0,1,0.11,Ramadan,1,0.3,0.15,0,70,100,0
2025-03-09,Chicken Dum Biryani,Non_Veg_Mains,6,0,23,0,0.9,23.53,0,0,0.09,Ramadan,0,0.02,0.15,0,70,100,93
2025-03-10,Chicken Dum Biryani,Non_Veg_Mains,0,1,22,1,3.9,25.31,0,0,0.18,Ramadan,0,0.15,0.15,1,70,100,0
2025-03-11,Chicken Dum Biryani,Non_Veg_Mains,1,0,21,0,1.22,19.35,0,1,0.04,Ramadan,1,0.25,0.15,0,70,100,0
2025-03-12,Chicken Dum Biryani,Non_Veg_Mains,2,0,20,0,2.45,32.73,0,0,0.14,Ramadan,0,0.05,0.15,0,70,100,92
2025-03-13,Chicken Dum Biryani,Non_Veg_Mains,3,0,19,0,7.6,22.82,0,0,0.09,Ramadan,1,0.2,0.15,0,70,100,0
2025-03-14,Chicken Dum Biryani,Non_Veg_Mains,4,0,18,0,1.98,21.96,0,0,0.13,Ramadan,0,0.05,0.15,0,70,100,0
2025-03-15,Chicken Dum Biryani,Non_Veg_Mains,5,0,17,0,2.58,25.12,0,0,0.02,Ramadan,1,0.3,0.15,0,70,100,0
2025-03-16,Chicken Dum Biryani,Non_Veg_Mains,6,0,16,0,2.54,22.79,0,0,0.06,Ramadan,0,0.02,0.15,0,70,100,105
2025-03-17,Chicken Dum Biryani,Non_Veg_Mains,0,0,15,0,1.01,29.06,0,0,0.08,Ramadan,0,0.15,0.15,0,70,100,0
2025-03-18,Chicken Dum Biryani,Non_Veg_Mains,1,0,14,0,2.37,24.88,0,0,0.06,Ramadan,1,0.25,0.15,0,70,100,0
2025-03-19,Chicken Dum Biryani,Non_Veg_Mains,2,0,13,0,9.95,30.48,0,0,0.11,Ramadan,0,0.05,0.15,0,70,100,91
2025-03-20,Chicken Dum Biryani,Non_Veg_Mains,3,0,12,0,1.56,26.32,0,1,0.1,Ramadan,1,0.2,0.15,0,70,100,0
2025-03-21,Chicken Dum Biryani,Non_Veg_Mains,4,0,11,0,0.61,29.51,0,0,0.08,Ramadan,0,0.05,0.15,0,70,100,0
2025-03-22,Chicken Dum Biryani,Non_Veg_Mains,5,0,10,0,0.48,23.84,0,0,0.08,Ramadan,1,0.3,0.15,0,70,100,0
2025-03-23,Chicken Dum Biryani,Non_Veg_Mains,6,0,9,0,6.49,25.32,0,1,0.07,Ramadan,0,0.02,0.15,0,70,100,126
2025-03-24,Chicken Dum Biryani,Non_Veg_Mains,0,0,8,0,8.35,21.35,0,0,0.12,Ramadan,0,0.15,0.15,0,70,100,0
2025-03-25,Chicken Dum Biryani,Non_Veg_Mains,1,0,7,0,1.09,29.85,0,0,0.13,Ramadan,1,0.25,0.15,0,70,100,0
2025-03-26,Chicken Dum Biryani,Non_Veg_Mains,2,0,6,0,1.76,30.67,0,0,0.05,Ramadan,0,0.05,0.15,0,70,100,96
2025-03-27,Chicken Dum Biryani,Non_Veg_Mains,3,0,5,0,2.63,18.27,0,1,0.04,Ramadan,1,0.2,0.15,0,70,100,0
2025-03-28,Chicken Dum Biryani,Non_Veg_Mains,4,0,4,0,2.11,23.87,0,0,0.15,Ramadan,0,0.05,0.15,0,70,100,0
2025-03-29,Chicken Dum Biryani,Non_Veg_Mains,5,0,3,0,4.8,26.93,0,1,0.08,Ramadan,1,0.3,0.15,0,70,100,0
2025-03-30,Chicken Dum Biryani,Non_Veg_Mains,6,0,2,0,0.68,30.28,0,1,0.09,Ramadan,0,0.02,0.15,0,70,100,115
2025-03-31,Chicken Dum Biryani,Non_Veg_Mains,0,0,1,0,1.06,22.58,0,0,0.08,None,0,0.15,0.0,0,70,100,0
2025-04-01,Chicken Dum Biryani,Non_Veg_Mains,1,0,0,0,0.42,39.88,0,1,0.03,None,1,0.25,0.0,0,70,100,0
2025-04-02,Chicken Dum Biryani,Non_Veg_Mains,2,0,29,0,0.0,39.8,0,0,0.08,None,0,0.05,0.0,0,70,100,132
2025-04-03,Chicken Dum Biryani,Non_Veg_Mains,3,0,28,0,3.1,42.19,0,1,0.15,None,1,0.2,0.0,0,70,100,0
2025-04-04,Chicken Dum Biryani,Non_Veg_Mains,4,0,27,0,0.16,37.82,0,1,0.03,None,0,0.05,0.0,0,70,100,0
2025-04-05,Chicken Dum Biryani,Non_Veg_Mains,5,0,26,0,0.13,39.49,0,1,0.14,None,1,0.3,0.0,0,70,100,0
2025-04-06,Chicken Dum Biryani,Non_Veg_Mains,6,0,25,0,0.13,42.18,0,1,0.06,None,0,0.02,0.0,0,70,100,145
2025-04-07,Chicken Dum Biryani,Non_Veg_Mains,0,1,24,1,2.48,37.25,0,0,0.25,None,0,0.15,0.0,1,70,100,0
2025-04-08,Chicken Dum Biryani,Non_Veg_Mains,1,0,23,0,0.06,38.3,0,0,0.08,None,1,0.25,0.0,0,70,100,0
2025-04-09,Chicken Dum Biryani,Non_Veg_Mains,2,0,22,0,0.1,38.91,0,0,0.02,None,0,0.05,0.0,0,70,100,130
2025-04-10,Chicken Dum Biryani,Non_Veg_Mains,3,0,21,0,0.66,40.42,0,0,0.11,None,1,0.2,0.0,0,70,100,0
2025-04-11,Chicken Dum Biryani,Non_Veg_Mains,4,0,20,0,0.12,41.52,0,1,0.08,None,0,0.05,0.0,0,70,100,0
2025-04-12,Chicken Dum Biryani,Non_Veg_Mains,5,0,19,0,0.01,41.86,0,0,0.07,None,1,0.3,0.0,0,70,100,0
2025-04-13,Chicken Dum Biryani,Non_Veg_Mains,6,0,18,0,1.05,35.75,0,0,0.03,None,0,0.02,0.0,0,70,100,129
2025-04-14,Chicken Dum Biryani,Non_Veg_Mains,0,0,17,0,2.34,39.14,0,0,0.04,None,0,0.15,0.0,0,70,100,0
2025-04-15,Chicken Dum Biryani,Non_Veg_Mains,1,0,16,0,0.09,38.64,0,0,0.05,None,1,0.25,0.0,0,70,100,0
2025-04-16,Chicken Dum Biryani,Non_Veg_Mains,2,0,15,0,0.2,43.07,0,1,0.13,None,0,0.05,0.0,0,70,100,131
2025-04-17,Chicken Dum Biryani,Non_Veg_Mains,3,0,14,0,0.0,42.44,0,0,0.06,None,1,0.2,0.0,0,70,100,0
2025-04-18,Chicken Dum Biryani,Non_Veg_Mains,4,0,13,0,0.97,39.2,0,1,0.04,None,0,0.05,0.0,0,70,100,0
2025-04-19,Chicken Dum Biryani,Non_Veg_Mains,5,0,12,0,0.69,43.9,0,0,0.03,None,1,0.3,0.0,0,70,100,0
2025-04-20,Chicken Dum Biryani,Non_Veg_Mains,6,0,11,0,0.21,37.8,0,1,0.13,None,0,0.02,0.0,0,70,100,139
2025-04-21,Chicken Dum Biryani,Non_Veg_Mains,0,0,10,0,0.03,40.55,0,0,0.08,None,0,0.15,0.0,0,70,100,0
2025-04-22,Chicken Dum Biryani,Non_Veg_Mains,1,0,9,0,0.17,40.81,0,0,0.04,None,1,0.25,0.0,0,70,100,0
2025-04-23,Chicken Dum Biryani,Non_Veg_Mains,2,0,8,0,2.72,39.84,0,0,0.03,None,0,0.05,0.0,0,70,100,123
2025-04-24,Chicken Dum Biryani,Non_Veg_Mains,3,0,7,0,1.19,41.17,0,0,0.06,None,1,0.2,0.0,0,70,100,0
2025-04-25,Chicken Dum Biryani,Non_Veg_Mains,4,0,6,0,1.12,40.97,0,0,0.04,None,0,0.05,0.0,0,70,100,0
2025-04-26,Chicken Dum Biryani,Non_Veg_Mains,5,0,5,0,1.15,39.23,0,0,0.08,None,1,0.3,0.0,0,70,100,0
2025-04-27,Chicken Dum Biryani,Non_Veg_Mains,6,1,4,0,0.26,40.09,0,0,0.11,None,0,0.02,0.0,1,70,100,11
2025-04-28,Chicken Dum Biryani,Non_Veg_Mains,0,0,3,0,0.74,38.31,0,1,0.08,None,0,0.15,0.0,0,70,100,0
2025-04-29,Chicken Dum Biryani,Non_Veg_Mains,1,0,2,0,2.89,36.97,0,0,0.05,None,1,0.25,0.0,0,70,100,0
2025-04-30,Chicken Dum Biryani,Non_Veg_Mains,2,0,1,0,0.02,37.45,0,0,0.04,None,0,0.05,0.0,0,70,100,117
2025-05-01,Chicken Dum Biryani,Non_Veg_Mains,3,0,1,0,0.21,36.9,0,0,0.12,None,1,0.2,0.0,0,70,100,0
2025-05-02,Chicken Dum Biryani,Non_Veg_Mains,4,0,0,0,0.25,42.33,0,0,0.11,None,0,0.05,0.0,0,70,100,0
2025-05-03,Chicken Dum Biryani,Non_Veg_Mains,5,0,29,0,1.16,39.08,0,0,0.06,None,1,0.3,0.0,0,70,100,0
2025-05-04,Chicken Dum Biryani,Non_Veg_Mains,6,0,28,0,0.49,39.08,0,0,0.09,None,0,0.02,0.0,0,70,100,114
2025-05-05,Chicken Dum Biryani,Non_Veg_Mains,0,0,27,0,1.47,35.66,0,1,0.06,None,0,0.15,0.0,0,70,100,0
2025-05-06,Chicken Dum Biryani,Non_Veg_Mains,1,0,26,0,0.14,40.59,0,1,0.04,None,1,0.25,0.0,0,70,100,0
2025-05-07,Chicken Dum Biryani,Non_Veg_Mains,2,0,25,0,0.07,40.76,0,0,0.04,None,0,0.05,0.0,0,70,100,123
2025-05-08,Chicken Dum Biryani,Non_Veg_Mains,3,0,24,0,0.02,38.2,0,1,0.13,None,1,0.2,0.0,0,70,100,0
2025-05-09,Chicken Dum Biryani,Non_Veg_Mains,4,0,23,0,0.84,39.89,0,1,0.09,None,0,0.05,0.0,0,70,100,0
2025-05-10,Chicken Dum Biryani,Non_Veg_Mains,5,0,22,0,1.66,38.72,0,0,0.1,None,1,0.3,0.0,0,70,100,0
2025-05-11,Chicken Dum Biryani,Non_Veg_Mains,6,0,21,0,0.13,39.77,0,0,0.14,None,0,0.02,0.0,0,70,100,112
2025-05-12,Chicken Dum Biryani,Non_Veg_Mains,0,0,20,0,0.04,39.4,0,0,0.1,None,0,0.15,0.0,0,70,100,0
2025-05-13,Chicken Dum Biryani,Non_Veg_Mains,1,0,19,0,6.74,38.31,0,0,0.12,None,1,0.25,0.0,0,70,100,0
2025-05-14,Chicken Dum Biryani,Non_Veg_Mains,2,0,18,0,0.02,40.06,0,0,0.04,None,0,0.05,0.0,0,70,100,122
2025-05-15,Chicken Dum Biryani,Non_Veg_Mains,3,0,17,0,2.33,42.04,0,0,0.07,None,1,0.2,0.0,0,70,100,0
2025-05-16,Chicken Dum Biryani,Non_Veg_Mains,4,1,16,1,0.45,35.66,0,0,0.27,None,0,0.05,0.0,1,70,100,0
2025-05-17,Chicken Dum Biryani,Non_Veg_Mains,5,0,15,0,0.02,39.31,0,0,0.12,None,1,0.3,0.0,0,70,100,0
2025-05-18,Chicken Dum Biryani,Non_Veg_Mains,6,0,14,0,0.0,37.66,0,0,0.02,None,0,0.02,0.0,0,70,100,125
2025-05-19,Chicken Dum Biryani,Non_Veg_Mains,0,0,13,0,1.97,38.67,0,0,0.13,None,0,0.15,0.0,0,70,100,0
2025-05-20,Chicken Dum Biryani,Non_Veg_Mains,1,0,12,0,0.84,39.99,0,0,0.09,None,1,0.25,0.0,0,70,100,0
2025-05-21,Chicken Dum Biryani,Non_Veg_Mains,2,0,11,0,0.43,45.28,1,1,0.06,None,0,0.05,0.0,0,70,100,140
2025-05-22,Chicken Dum Biryani,Non_Veg_Mains,3,0,10,0,0.82,38.12,0,0,0.05,None,1,0.2,0.0,0,70,100,0
2025-05-23,Chicken Dum Biryani,Non_Veg_Mains,4,0,9,0,0.16,40.96,0,0,0.11,None,0,0.05,0.0,0,70,100,0
2025-05-24,Chicken Dum Biryani,Non_Veg_Mains,5,0,8,0,0.22,40.5,0,1,0.07,None,1,0.3,0.0,0,70,100,0
2025-05-25,Chicken Dum Biryani,Non_Veg_Mains,6,0,7,0,0.0,36.79,0,1,0.06,None,0,0.02,0.0,0,70,100,150
2025-05-26,Chicken Dum Biryani,Non_Veg_Mains,0,0,6,0,0.82,42.55,0,0,0.12,None,0,0.15,0.0,0,70,100,0
2025-05-27,Chicken Dum Biryani,Non_Veg_Mains,1,0,5,0,4.69,43.11,0,0,0.05,None,1,0.25,0.0,0,70,100,0
2025-05-28,Chicken Dum Biryani,Non_Veg_Mains,2,0,4,0,0.04,43.75,0,0,0.14,None,0,0.05,0.0,0,70,100,111
2025-05-29,Chicken Dum Biryani,Non_Veg_Mains,3,0,3,0,0.0,39.84,0,0,0.11,None,1,0.2,0.0,0,70,100,0
2025-05-30,Chicken Dum Biryani,Non_Veg_Mains,4,0,2,0,0.06,39.9,0,0,0.04,None,0,0.05,0.0,0,70,100,0
2025-05-31,Chicken Dum Biryani,Non_Veg_Mains,5,0,1,0,1.87,40.0,0,0,0.12,None,1,0.3,0.0,0,70,100,0
2025-06-01,Chicken Dum Biryani,Non_Veg_Mains,6,0,0,0,25.41,28.89,0,0,0.03,None,0,0.02,0.0,0,70,100,136
2025-06-02,Chicken Dum Biryani,Non_Veg_Mains,0,0,29,0,26.88,27.02,0,0,0.04,None,0,0.15,0.0,0,70,100,0
2025-06-03,Chicken Dum Biryani,Non_Veg_Mains,1,0,28,0,16.96,32.21,0,0,0.07,None,1,0.25,0.0,0,70,100,0
2025-06-04,Chicken Dum Biryani,Non_Veg_Mains,2,0,27,0,12.66,33.5,0,0,0.09,None,0,0.05,0.0,0,70,100,113
2025-06-05,Chicken Dum Biryani,Non_Veg_Mains,3,0,26,0,12.02,29.55,0,0,0.02,None,1,0.2,0.0,0,70,100,0
2025-06-06,Chicken Dum Biryani,Non_Veg_Mains,4,0,25,0,28.15,25.81,0,0,0.08,None,0,0.05,0.0,0,70,100,0
2025-06-07,Chicken Dum Biryani,Non_Veg_Mains,5,0,24,0,11.82,31.98,0,0,0.13,None,1,0.3,0.0,0,70,100,0
2025-06-08,Chicken Dum Biryani,Non_Veg_Mains,6,0,23,0,16.3,26.01,0,0,0.14,None,0,0.02,0.0,0,70,100,117
2025-06-09,Chicken Dum Biryani,Non_Veg_Mains,0,0,22,0,6.45,32.61,0,0,0.03,None,0,0.15,0.0,0,70,100,0
2025-06-10,Chicken Dum Biryani,Non_Veg_Mains,1,0,21,0,8.05,25.65,0,0,0.03,None,1,0.25,0.0,0,70,100,0
2025-06-11,Chicken Dum Biryani,Non_Veg_Mains,2,0,20,0,8.23,29.14,0,0,0.04,None,0,0.05,0.0,0,70,100,128
2025-06-12,Chicken Dum Biryani,Non_Veg_Mains,3,0,19,0,68.93,32.61,1,0,0.13,None,1,0.2,0.0,0,70,100,0
2025-06-13,Chicken Dum Biryani,Non_Veg_Mains,4,0,18,0,4.6,30.57,0,0,0.04,None,0,0.05,0.0,0,70,100,0
2025-06-14,Chicken Dum Biryani,Non_Veg_Mains,5,0,17,0,41.11,28.18,1,0,0.05,None,1,0.3,0.0,0,70,100,0
2025-06-15,Chicken Dum Biryani,Non_Veg_Mains,6,0,16,0,18.98,31.17,0,0,0.13,None,0,0.02,0.0,0,70,100,109
2025-06-16,Chicken Dum Biryani,Non_Veg_Mains,0,0,15,0,5.36,26.81,0,0,0.07,None,0,0.15,0.0,0,70,100,0
2025-06-17,Chicken Dum Biryani,Non_Veg_Mains,1,0,14,0,22.08,28.67,0,0,0.07,None,1,0.25,0.0,0,70,100,0
2025-06-18,Chicken Dum Biryani,Non_Veg_Mains,2,0,13,0,18.16,32.57,0,0,0.13,None,0,0.05,0.0,0,70,100,113
2025-06-19,Chicken Dum Biryani,Non_Veg_Mains,3,0,12,0,42.4,28.65,1,0,0.04,None,1,0.2,0.0,0,70,100,0
2025-06-20,Chicken Dum Biryani,Non_Veg_Mains,4,0,11,0,35.76,30.01,0,1,0.03,None,0,0.05,0.0,0,70,100,0
2025-06-21,Chicken Dum Biryani,Non_Veg_Mains,5,0,10,0,14.15,35.24,0,0,0.07,None,1,0.3,0.0,0,70,100,0
2025-06-22,Chicken Dum Biryani,Non_Veg_Mains,6,0,9,0,7.41,32.01,0,1,0.08,None,0,0.02,0.0,0,70,100,143
2025-06-23,Chicken Dum Biryani,Non_Veg_Mains,0,0,8,0,20.98,28.03,0,0,0.06,None,0,0.15,0.0,0,70,100,0
2025-06-24,Chicken Dum Biryani,Non_Veg_Mains,1,0,7,0,1.68,27.14,0,0,0.13,None,1,0.25,0.0,0,70,100,0
2025-06-25,Chicken Dum Biryani,Non_Veg_Mains,2,0,6,0,18.61,30.84,0,0,0.02,None,0,0.05,0.0,0,70,100,122
2025-06-26,Chicken Dum Biryani,Non_Veg_Mains,3,0,5,0,25.11,32.13,0,0,0.12,None,1,0.2,0.0,0,70,100,0
2025-06-27,Chicken Dum Biryani,Non_Veg_Mains,4,0,4,0,12.76,33.15,0,0,0.03,None,0,0.05,0.0,0,70,100,0
2025-06-28,Chicken Dum Biryani,Non_Veg_Mains,5,0,3,0,13.78,23.69,0,1,0.11,None,1,0.3,0.0,0,70,100,0
2025-06-29,Chicken Dum Biryani,Non_Veg_Mains,6,0,2,0,2.46,33.14,0,0,0.13,None,0,0.02,0.0,0,70,100,118
2025-06-30,Chicken Dum Biryani,Non_Veg_Mains,0,0,1,0,70.63,36.56,1,0,0.12,None,0,0.15,0.0,0,70,100,0
2025-07-01,Chicken Dum Biryani,Non_Veg_Mains,1,0,1,0,16.48,24.6,0,0,0.13,None,1,0.25,0.0,0,70,100,0
2025-07-02,Chicken Dum Biryani,Non_Veg_Mains,2,0,0,0,12.81,32.22,0,0,0.14,None,0,0.05,0.0,0,70,100,106
2025-07-03,Chicken Dum Biryani,Non_Veg_Mains,3,0,29,0,4.66,30.09,0,1,0.08,None,1,0.2,0.0,0,70,100,0
2025-07-04,Chicken Dum Biryani,Non_Veg_Mains,4,0,28,0,3.57,30.12,0,0,0.09,None,0,0.05,0.0,0,70,100,0
2025-07-05,Chicken Dum Biryani,Non_Veg_Mains,5,0,27,0,6.32,32.87,0,1,0.08,None,1,0.3,0.0,0,70,100,0
2025-07-06,Chicken Dum Biryani,Non_Veg_Mains,6,0,26,0,23.21,26.37,0,0,0.07,None,0,0.02,0.0,0,70,100,147
2025-07-07,Chicken Dum Biryani,Non_Veg_Mains,0,0,25,0,24.02,31.2,0,0,0.04,None,0,0.15,0.0,0,70,100,0
2025-07-08,Chicken Dum Biryani,Non_Veg_Mains,1,0,24,0,26.46,29.96,0,0,0.11,None,1,0.25,0.0,0,70,100,0
2025-07-09,Chicken Dum Biryani,Non_Veg_Mains,2,1,23,0,12.81,27.19,0,0,0.12,None,0,0.05,0.0,1,70,100,11
2025-07-10,Chicken Dum Biryani,Non_Veg_Mains,3,0,22,0,30.11,31.18,0,0,0.05,None,1,0.2,0.0,0,70,100,0
2025-07-11,Chicken Dum Biryani,Non_Veg_Mains,4,0,21,0,9.52,33.1,0,0,0.14,None,0,0.05,0.0,0,70,100,0
2025-07-12,Chicken Dum Biryani,Non_Veg_Mains,5,0,20,0,21.23,31.55,0,1,0.05,None,1,0.3,0.0,0,70,100,0
2025-07-13,Chicken Dum Biryani,Non_Veg_Mains,6,0,19,0,2.1,27.98,0,0,0.02,None,0,0.02,0.0,0,70,100,123
2025-07-14,Chicken Dum Biryani,Non_Veg_Mains,0,0,18,0,5.93,28.76,0,0,0.09,None,0,0.15,0.0,0,70,100,0
2025-07-15,Chicken Dum Biryani,Non_Veg_Mains,1,0,17,0,23.34,30.68,0,0,0.09,None,1,0.25,0.0,0,70,100,0
2025-07-16,Chicken Dum Biryani,Non_Veg_Mains,2,0,16,0,13.89,34.32,0,0,0.13,None,0,0.05,0.0,0,70,100,110
2025-07-17,Chicken Dum Biryani,Non_Veg_Mains,3,0,15,0,28.73,33.48,0,0,0.04,None,1,0.2,0.0,0,70,100,0
2025-07-18,Chicken Dum Biryani,Non_Veg_Mains,4,0,14,0,22.37,30.87,0,0,0.07,None,0,0.05,0.0,0,70,100,0
2025-07-19,Chicken Dum Biryani,Non_Veg_Mains,5,0,13,0,7.32,28.71,0,1,0.11,None,1,0.3,0.0,0,70,100,0
2025-07-20,Chicken Dum Biryani,Non_Veg_Mains,6,0,12,0,64.65,31.17,1,1,0.1,None,0,0.02,0.0,0,70,100,170
2025-07-21,Chicken Dum Biryani,Non_Veg_Mains,0,0,11,0,16.5,32.46,0,0,0.13,None,0,0.15,0.0,0,70,100,0
2025-07-22,Chicken Dum Biryani,Non_Veg_Mains,1,0,10,0,8.2,28.8,0,0,0.08,None,1,0.25,0.0,0,70,100,0
2025-07-23,Chicken Dum Biryani,Non_Veg_Mains,2,0,9,0,9.53,31.39,0,0,0.13,None,0,0.05,0.0,0,70,100,104
2025-07-24,Chicken Dum Biryani,Non_Veg_Mains,3,0,8,0,27.42,25.59,0,0,0.03,None,1,0.2,0.0,0,70,100,0
2025-07-25,Chicken Dum Biryani,Non_Veg_Mains,4,0,7,0,25.67,26.35,0,1,0.06,Shravan,0,0.4,0.02,0,70,100,0
2025-07-26,Chicken Dum Biryani,Non_Veg_Mains,5,0,6,0,7.4,30.24,0,0,0.14,Shravan,1,0.4,0.02,0,70,100,0
2025-07-27,Chicken Dum Biryani,Non_Veg_Mains,6,0,5,0,8.15,29.49,0,0,0.06,Shravan,0,0.4,0.02,0,70,100,71
2025-07-28,Chicken Dum Biryani,Non_Veg_Mains,0,1,4,1,13.53,25.47,0,1,0.2,Shravan,0,0.4,0.02,1,70,100,0
2025-07-29,Chicken Dum Biryani,Non_Veg_Mains,1,0,3,0,3.33,27.91,0,0,0.03,Shravan,1,0.4,0.02,0,70,100,0
2025-07-30,Chicken Dum Biryani,Non_Veg_Mains,2,0,2,0,31.43,27.99,0,1,0.05,Shravan,0,0.4,0.02,0,70,100,94
2025-07-31,Chicken Dum Biryani,Non_Veg_Mains,3,0,1,0,10.42,29.18,0,0,0.06,Shravan,1,0.4,0.02,0,70,100,0
2025-08-01,Chicken Dum Biryani,Non_Veg_Mains,4,0,1,0,36.62,25.1,0,0,0.06,Shravan,0,0.4,0.02,0,70,100,0
2025-08-02,Chicken Dum Biryani,Non_Veg_Mains,5,0,0,0,7.33,29.43,0,0,0.12,Shravan,1,0.4,0.02,0,70,100,0
2025-08-03,Chicken Dum Biryani,Non_Veg_Mains,6,0,29,0,15.27,34.33,0,0,0.14,Shravan,0,0.4,0.02,0,70,100,69
2025-08-04,Chicken Dum Biryani,Non_Veg_Mains,0,0,28,0,10.46,27.27,0,1,0.03,Shravan,0,0.4,0.02,0,70,100,0
2025-08-05,Chicken Dum Biryani,Non_Veg_Mains,1,0,27,0,12.49,26.1,0,0,0.03,Shravan,1,0.4,0.02,0,70,100,0
2025-08-06,Chicken Dum Biryani,Non_Veg_Mains,2,0,26,0,9.79,30.59,0,1,0.03,Shravan,0,0.4,0.02,0,70,100,93
2025-08-07,Chicken Dum Biryani,Non_Veg_Mains,3,0,25,0,17.87,25.41,0,1,0.08,Shravan,1,0.4,0.02,0,70,100,0
2025-08-08,Chicken Dum Biryani,Non_Veg_Mains,4,0,24,0,30.73,28.85,0,1,0.14,Shravan,0,0.4,0.02,0,70,100,0
2025-08-09,Chicken Dum Biryani,Non_Veg_Mains,5,0,23,0,5.54,29.47,0,0,0.14,Shravan,1,0.4,0.02,0,70,100,0
2025-08-10,Chicken Dum Biryani,Non_Veg_Mains,6,0,22,0,4.81,32.38,0,0,0.12,Shravan,0,0.4,0.02,0,70,100,66
2025-08-11,Chicken Dum Biryani,Non_Veg_Mains,0,0,21,0,9.76,32.27,0,0,0.07,Shravan,0,0.4,0.02,0,70,100,0
2025-08-12,Chicken Dum Biryani,Non_Veg_Mains,1,0,20,0,40.6,33.02,1,0,0.03,Shravan,1,0.4,0.02,0,70,100,0
2025-08-13,Chicken Dum Biryani,Non_Veg_Mains,2,0,19,0,16.51,34.76,0,1,0.13,Shravan,0,0.4,0.02,0,70,100,80
2025-08-14,Chicken Dum Biryani,Non_Veg_Mains,3,0,18,0,11.01,29.49,0,0,0.02,Shravan,1,0.4,0.02,0,70,100,0
2025-08-15,Chicken Dum Biryani,Non_Veg_Mains,4,0,17,0,23.19,22.85,0,1,0.1,Shravan,0,0.4,0.02,0,70,100,0
2025-08-16,Chicken Dum Biryani,Non_Veg_Mains,5,0,16,0,33.64,31.29,0,0,0.07,Shravan,1,0.4,0.02,0,70,100,0
2025-08-17,Chicken Dum Biryani,Non_Veg_Mains,6,0,15,0,28.08,30.19,0,1,0.06,Shravan,0,0.4,0.02,0,70,100,102
2025-08-18,Chicken Dum Biryani,Non_Veg_Mains,0,0,14,0,27.95,33.59,0,0,0.04,Shravan,0,0.4,0.02,0,70,100,0
2025-08-19,Chicken Dum Biryani,Non_Veg_Mains,1,0,13,0,9.44,27.66,0,0,0.04,Shravan,1,0.4,0.02,0,70,100,0
2025-08-20,Chicken Dum Biryani,Non_Veg_Mains,2,0,12,0,21.32,34.85,0,1,0.12,Shravan,0,0.4,0.02,0,70,100,89
2025-08-21,Chicken Dum Biryani,Non_Veg_Mains,3,0,11,0,32.23,33.67,0,0,0.08,Shravan,1,0.4,0.02,0,70,100,0
2025-08-22,Chicken Dum Biryani,Non_Veg_Mains,4,0,10,0,40.36,29.48,1,0,0.02,Shravan,0,0.4,0.02,0,70,100,0
2025-08-23,Chicken Dum Biryani,Non_Veg_Mains,5,0,9,0,34.21,26.86,0,1,0.05,Shravan,1,0.4,0.02,0,70,100,0
2025-08-24,Chicken Dum Biryani,Non_Veg_Mains,6,0,8,0,11.72,30.28,0,0,0.04,None,0,0.02,0.0,0,70,100,116
2025-08-25,Chicken Dum Biryani,Non_Veg_Mains,0,0,7,0,16.87,34.93,0,0,0.12,None,0,0.15,0.0,0,70,100,0
2025-08-26,Chicken Dum Biryani,Non_Veg_Mains,1,0,6,0,19.73,31.51,0,0,0.1,None,1,0.25,0.0,0,70,100,0
2025-08-27,Chicken Dum Biryani,Non_Veg_Mains,2,0,5,0,23.76,29.02,0,0,0.14,None,0,0.05,0.0,0,70,100,129
2025-08-28,Chicken Dum Biryani,Non_Veg_Mains,3,0,4,0,51.46,33.12,1,0,0.08,None,1,0.2,0.0,0,70,100,0
2025-08-29,Chicken Dum Biryani,Non_Veg_Mains,4,0,3,0,14.76,27.18,0,0,0.12,None,0,0.05,0.0,0,70,100,0
2025-08-30,Chicken Dum Biryani,Non_Veg_Mains,5,0,2,0,21.86,27.78,0,1,0.11,None,1,0.3,0.0,0,70,100,0
2025-08-31,Chicken Dum Biryani,Non_Veg_Mains,6,0,1,0,12.87,31.63,0,0,0.08,None,0,0.02,0.0,0,70,100,128
2025-09-01,Chicken Dum Biryani,Non_Veg_Mains,0,0,0,0,31.96,29.61,0,0,0.05,None,0,0.15,0.0,0,70,100,0
2025-09-02,Chicken Dum Biryani,Non_Veg_Mains,1,0,29,0,20.1,29.96,0,0,0.09,None,1,0.25,0.0,0,70,100,0
2025-09-03,Chicken Dum Biryani,Non_Veg_Mains,2,0,28,0,18.87,32.24,0,0,0.1,None,0,0.05,0.0,0,70,100,115
2025-09-04,Chicken Dum Biryani,Non_Veg_Mains,3,0,27,0,40.76,27.15,1,0,0.03,None,1,0.2,0.0,0,70,100,0
2025-09-05,Chicken Dum Biryani,Non_Veg_Mains,4,0,26,0,11.03,30.21,0,0,0.1,None,0,0.05,0.0,0,70,100,0
2025-09-06,Chicken Dum Biryani,Non_Veg_Mains,5,0,25,0,8.78,29.69,0,0,0.08,None,1,0.3,0.0,0,70,100,0
2025-09-07,Chicken Dum Biryani,Non_Veg_Mains,6,0,24,0,21.97,32.55,0,1,0.14,None,0,0.02,0.0,0,70,100,158
2025-09-08,Chicken Dum Biryani,Non_Veg_Mains,0,0,23,0,11.75,31.35,0,0,0.09,None,0,0.15,0.0,0,70,100,0
2025-09-09,Chicken Dum Biryani,Non_Veg_Mains,1,0,22,0,12.87,22.78,0,0,0.15,None,1,0.25,0.0,0,70,100,0
2025-09-10,Chicken Dum Biryani,Non_Veg_Mains,2,0,21,0,19.57,29.0,0,0,0.03,None,0,0.05,0.0,0,70,100,112
2025-09-11,Chicken Dum Biryani,Non_Veg_Mains,3,0,20,0,21.86,28.85,0,0,0.08,None,1,0.2,0.0,0,70,100,0
2025-09-12,Chicken Dum Biryani,Non_Veg_Mains,4,0,19,0,4.57,31.71,0,0,0.14,None,0,0.05,0.0,0,70,100,0
2025-09-13,Chicken Dum Biryani,Non_Veg_Mains,5,0,18,0,24.27,30.32,0,0,0.14,None,1,0.3,0.0,0,70,100,0
2025-09-14,Chicken Dum Biryani,Non_Veg_Mains,6,0,17,0,10.29,28.15,0,0,0.09,None,0,0.02,0.0,0,70,100,111
2025-09-15,Chicken Dum Biryani,Non_Veg_Mains,0,0,16,0,9.3,31.37,0,1,0.07,None,0,0.15,0.0,0,70,100,0
2025-09-16,Chicken Dum Biryani,Non_Veg_Mains,1,0,15,0,53.8,29.21,1,0,0.03,None,1,0.25,0.0,0,70,100,0
2025-09-17,Chicken Dum Biryani,Non_Veg_Mains,2,1,14,0,22.05,32.09,0,0,0.13,None,0,0.05,0.0,1,70,100,13
2025-09-18,Chicken Dum Biryani,Non_Veg_Mains,3,0,13,0,43.07,22.69,1,0,0.03,None,1,0.2,0.0,0,70,100,0
2025-09-19,Chicken Dum Biryani,Non_Veg_Mains,4,0,12,0,20.38,28.21,0,0,0.02,None,0,0.05,0.0,0,70,100,0
2025-09-20,Chicken Dum Biryani,Non_Veg_Mains,5,0,11,0,15.17,26.69,0,0,0.11,None,1,0.3,0.0,0,70,100,0
2025-09-21,Chicken Dum Biryani,Non_Veg_Mains,6,0,10,0,4.05,35.6,0,0,0.13,None,0,0.02,0.0,0,70,100,115
2025-09-22,Chicken Dum Biryani,Non_Veg_Mains,0,0,9,0,11.3,25.86,0,0,0.07,Navratri,0,0.45,0.05,0,70,100,0
2025-09-23,Chicken Dum Biryani,Non_Veg_Mains,1,0,8,0,4.47,29.46,0,0,0.14,Navratri,1,0.45,0.05,0,70,100,0
2025-09-24,Chicken Dum Biryani,Non_Veg_Mains,2,0,7,0,4.55,33.68,0,0,0.05,Navratri,0,0.45,0.05,0,70,100,68
2025-09-25,Chicken Dum Biryani,Non_Veg_Mains,3,0,6,0,3.94,35.02,0,0,0.08,Navratri,1,0.45,0.05,0,70,100,0
2025-09-26,Chicken Dum Biryani,Non_Veg_Mains,4,0,5,0,23.19,33.02,0,0,0.13,Navratri,0,0.45,0.05,0,70,100,0
2025-09-27,Chicken Dum Biryani,Non_Veg_Mains,5,0,4,0,14.78,33.18,0,0,0.08,Navratri,1,0.45,0.05,0,70,100,0
2025-09-28,Chicken Dum Biryani,Non_Veg_Mains,6,0,3,0,23.49,25.04,0,0,0.13,Navratri,0,0.45,0.05,0,70,100,76
2025-09-29,Chicken Dum Biryani,Non_Veg_Mains,0,0,2,0,26.44,30.25,0,0,0.1,Navratri,0,0.45,0.05,0,70,100,0
2025-09-30,Chicken Dum Biryani,Non_Veg_Mains,1,0,1,0,9.36,38.68,0,0,0.07,Navratri,1,0.45,0.05,0,70,100,0
2025-10-01,Chicken Dum Biryani,Non_Veg_Mains,2,0,1,0,0.27,27.83,0,0,0.05,Navratri,0,0.45,0.05,0,70,100,62
2025-10-02,Chicken Dum Biryani,Non_Veg_Mains,3,0,0,0,0.64,18.13,0,0,0.1,Navratri,1,0.45,0.05,0,70,100,0
2025-10-03,Chicken Dum Biryani,Non_Veg_Mains,4,0,29,0,3.25,33.83,0,0,0.04,None,0,0.05,0.0,0,70,100,0
2025-10-04,Chicken Dum Biryani,Non_Veg_Mains,5,0,28,0,0.36,28.18,0,0,0.09,None,1,0.3,0.0,0,70,100,0
2025-10-05,Chicken Dum Biryani,Non_Veg_Mains,6,0,27,0,7.45,20.19,0,0,0.11,None,0,0.02,0.0,0,70,100,117
2025-10-06,Chicken Dum Biryani,Non_Veg_Mains,0,0,26,0,0.64,31.98,0,1,0.11,None,0,0.15,0.0,0,70,100,0
2025-10-07,Chicken Dum Biryani,Non_Veg_Mains,1,0,25,0,0.62,27.56,0,0,0.06,None,1,0.25,0.0,0,70,100,0
2025-10-08,Chicken Dum Biryani,Non_Veg_Mains,2,0,24,0,1.16,29.4,0,0,0.04,None,0,0.05,0.0,0,70,100,123
2025-10-09,Chicken Dum Biryani,Non_Veg_Mains,3,0,23,0,6.94,24.7,0,0,0.06,None,1,0.2,0.0,0,70,100,0
2025-10-10,Chicken Dum Biryani,Non_Veg_Mains,4,0,22,0,1.79,25.61,0,0,0.08,None,0,0.05,0.0,0,70,100,0
2025-10-11,Chicken Dum Biryani,Non_Veg_Mains,5,0,21,0,1.16,22.14,0,0,0.03,None,1,0.3,0.0,0,70,100,0
2025-10-12,Chicken Dum Biryani,Non_Veg_Mains,6,0,20,0,1.94,23.58,0,0,0.12,None,0,0.02,0.0,0,70,100,107
2025-10-13,Chicken Dum Biryani,Non_Veg_Mains,0,0,19,0,6.14,29.74,0,0,0.13,None,0,0.15,0.0,0,70,100,0
2025-10-14,Chicken Dum Biryani,Non_Veg_Mains,1,1,18,0,0.23,34.28,0,0,0.03,None,1,0.25,0.0,1,70,100,0
2025-10-15,Chicken Dum Biryani,Non_Veg_Mains,2,0,17,0,0.23,20.63,0,1,0.05,None,0,0.05,0.0,0,70,100,136
2025-10-16,Chicken Dum Biryani,Non_Veg_Mains,3,0,16,0,17.13,30.21,0,0,0.1,None,1,0.2,0.0,0,70,100,0
2025-10-17,Chicken Dum Biryani,Non_Veg_Mains,4,0,15,0,2.31,19.81,0,0,0.03,None,0,0.05,0.0,0,70,100,0
2025-10-18,Chicken Dum Biryani,Non_Veg_Mains,5,0,14,0,0.02,26.21,0,0,0.14,None,1,0.3,0.0,0,70,100,0
2025-10-19,Chicken Dum Biryani,Non_Veg_Mains,6,0,13,0,3.28,25.91,0,0,0.1,None,0,0.02,0.0,0,70,100,110
2025-10-20,Chicken Dum Biryani,Non_Veg_Mains,0,0,12,0,1.08,26.42,0,0,0.04,None,0,0.15,0.0,0,70,100,0
2025-10-21,Chicken Dum Biryani,Non_Veg_Mains,1,0,11,0,6.67,28.53,0,0,0.1,None,1,0.25,0.0,0,70,100,0
2025-10-22,Chicken Dum Biryani,Non_Veg_Mains,2,0,10,0,1.0,21.71,0,0,0.09,None,0,0.05,0.0,0,70,100,108
2025-10-23,Chicken Dum Biryani,Non_Veg_Mains,3,0,9,0,1.25,25.11,0,0,0.08,None,1,0.2,0.0,0,70,100,0
2025-10-24,Chicken Dum Biryani,Non_Veg_Mains,4,0,8,0,1.68,33.84,0,0,0.11,None,0,0.05,0.0,0,70,100,0
2025-10-25,Chicken Dum Biryani,Non_Veg_Mains,5,0,7,0,3.81,23.24,0,0,0.05,None,1,0.3,0.0,0,70,100,0
2025-10-26,Chicken Dum Biryani,Non_Veg_Mains,6,0,6,0,7.09,17.24,0,0,0.07,None,0,0.02,0.0,0,70,100,109
2025-10-27,Chicken Dum Biryani,Non_Veg_Mains,0,0,5,0,0.67,19.63,0,1,0.04,None,0,0.15,0.0,0,70,100,0
2025-10-28,Chicken Dum Biryani,Non_Veg_Mains,1,0,4,0,2.52,22.09,0,0,0.13,None,1,0.25,0.0,0,70,100,0
2025-10-29,Chicken Dum Biryani,Non_Veg_Mains,2,0,3,0,1.08,24.93,0,0,0.12,None,0,0.05,0.0,0,70,100,108
2025-10-30,Chicken Dum Biryani,Non_Veg_Mains,3,0,2,0,0.17,23.49,0,0,0.02,None,1,0.2,0.0,0,70,100,0
2025-10-31,Chicken Dum Biryani,Non_Veg_Mains,4,0,1,0,5.48,25.35,0,0,0.1,None,0,0.05,0.0,0,70,100,0
2025-11-01,Chicken Dum Biryani,Non_Veg_Mains,5,0,0,0,0.33,17.55,0,1,0.05,None,1,0.3,0.0,0,70,100,0
2025-11-02,Chicken Dum Biryani,Non_Veg_Mains,6,0,29,0,2.02,25.07,0,1,0.11,None,0,0.02,0.0,0,70,100,134
2025-11-03,Chicken Dum Biryani,Non_Veg_Mains,0,0,28,0,0.14,21.5,0,1,0.04,None,0,0.15,0.0,0,70,100,0
2025-11-04,Chicken Dum Biryani,Non_Veg_Mains,1,0,27,0,0.01,15.53,0,0,0.11,None,1,0.25,0.0,0,70,100,0
2025-11-05,Chicken Dum Biryani,Non_Veg_Mains,2,0,26,0,8.46,27.64,0,1,0.12,None,0,0.05,0.0,0,70,100,143
2025-11-06,Chicken Dum Biryani,Non_Veg_Mains,3,0,25,0,0.91,25.11,0,0,0.07,None,1,0.2,0.0,0,70,100,0
2025-11-07,Chicken Dum Biryani,Non_Veg_Mains,4,0,24,0,1.44,26.07,0,0,0.1,None,0,0.05,0.0,0,70,100,0
2025-11-08,Chicken Dum Biryani,Non_Veg_Mains,5,0,23,0,6.73,33.14,0,1,0.04,None,1,0.3,0.0,0,70,100,0
2025-11-09,Chicken Dum Biryani,Non_Veg_Mains,6,0,22,0,0.96,24.69,0,1,0.15,None,0,0.02,0.0,0,70,100,139
2025-11-10,Chicken Dum Biryani,Non_Veg_Mains,0,0,21,0,7.64,28.24,0,0,0.05,None,0,0.15,0.0,0,70,100,0
2025-11-11,Chicken Dum Biryani,Non_Veg_Mains,1,0,20,0,4.6,30.72,0,1,0.11,None,1,0.25,0.0,0,70,100,0
2025-11-12,Chicken Dum Biryani,Non_Veg_Mains,2,0,19,0,0.71,23.6,0,0,0.14,None,0,0.05,0.0,0,70,100,109
2025-11-13,Chicken Dum Biryani,Non_Veg_Mains,3,0,18,0,4.24,28.11,0,0,0.11,None,1,0.2,0.0,0,70,100,0
2025-11-14,Chicken Dum Biryani,Non_Veg_Mains,4,0,17,0,1.92,21.73,0,1,0.08,None,0,0.05,0.0,0,70,100,0
2025-11-15,Chicken Dum Biryani,Non_Veg_Mains,5,0,16,0,5.25,23.11,0,0,0.09,None,1,0.3,0.0,0,70,100,0
2025-11-16,Chicken Dum Biryani,Non_Veg_Mains,6,0,15,0,0.95,24.06,0,1,0.07,None,0,0.02,0.0,0,70,100,153
2025-11-17,Chicken Dum Biryani,Non_Veg_Mains,0,0,14,0,1.23,27.5,0,0,0.08,None,0,0.15,0.0,0,70,100,0
2025-11-18,Chicken Dum Biryani,Non_Veg_Mains,1,0,13,0,1.72,17.14,0,0,0.12,None,1,0.25,0.0,0,70,100,0
2025-11-19,Chicken Dum Biryani,Non_Veg_Mains,2,0,12,0,1.38,17.08,0,0,0.05,None,0,0.05,0.0,0,70,100,121
2025-11-20,Chicken Dum Biryani,Non_Veg_Mains,3,0,11,0,0.16,33.39,0,1,0.09,None,1,0.2,0.0,0,70,100,0
2025-11-21,Chicken Dum Biryani,Non_Veg_Mains,4,1,10,1,1.48,26.35,0,0,0.27,None,0,0.05,0.0,1,70,100,0
2025-11-22,Chicken Dum Biryani,Non_Veg_Mains,5,0,9,0,2.08,21.12,0,0,0.12,None,1,0.3,0.0,0,70,100,0
2025-11-23,Chicken Dum Biryani,Non_Veg_Mains,6,0,8,0,0.38,19.84,0,0,0.04,None,0,0.02,0.0,0,70,100,126
2025-11-24,Chicken Dum Biryani,Non_Veg_Mains,0,0,7,0,3.43,24.39,0,1,0.09,None,0,0.15,0.0,0,70,100,0
2025-11-25,Chicken Dum Biryani,Non_Veg_Mains,1,0,6,0,9.04,24.07,0,0,0.09,None,1,0.25,0.0,0,70,100,0
2025-11-26,Chicken Dum Biryani,Non_Veg_Mains,2,0,5,0,9.87,18.33,0,0,0.07,None,0,0.05,0.0,0,70,100,113
2025-11-27,Chicken Dum Biryani,Non_Veg_Mains,3,0,4,0,5.08,32.32,0,1,0.08,None,1,0.2,0.0,0,70,100,0
2025-11-28,Chicken Dum Biryani,Non_Veg_Mains,4,0,3,0,0.12,23.24,0,1,0.09,None,0,0.05,0.0,0,70,100,0
2025-11-29,Chicken Dum Biryani,Non_Veg_Mains,5,0,2,0,1.42,20.84,0,0,0.11,None,1,0.3,0.0,0,70,100,0
2025-11-30,Chicken Dum Biryani,Non_Veg_Mains,6,0,1,0,0.41,20.47,0,0,0.06,None,0,0.02,0.0,0,70,100,140
2025-12-01,Chicken Dum Biryani,Non_Veg_Mains,0,0,1,0,1.05,26.19,0,0,0.13,None,0,0.15,0.0,0,70,100,0
2025-12-02,Chicken Dum Biryani,Non_Veg_Mains,1,0,0,0,0.68,21.02,0,0,0.12,None,1,0.25,0.0,0,70,100,0
2025-12-03,Chicken Dum Biryani,Non_Veg_Mains,2,0,29,0,2.98,26.89,0,0,0.02,None,0,0.05,0.0,0,70,100,127
2025-12-04,Chicken Dum Biryani,Non_Veg_Mains,3,0,28,0,7.33,19.93,0,1,0.05,None,1,0.2,0.0,0,70,100,0
2025-12-05,Chicken Dum Biryani,Non_Veg_Mains,4,0,27,0,5.09,22.22,0,0,0.11,None,0,0.05,0.0,0,70,100,0
2025-12-06,Chicken Dum Biryani,Non_Veg_Mains,5,0,26,0,0.22,27.36,0,0,0.09,None,1,0.3,0.0,0,70,100,0
2025-12-07,Chicken Dum Biryani,Non_Veg_Mains,6,0,25,0,1.75,27.0,0,0,0.03,None,0,0.02,0.0,0,70,100,133
2025-12-08,Chicken Dum Biryani,Non_Veg_Mains,0,0,24,0,0.09,26.94,0,0,0.11,None,0,0.15,0.0,0,70,100,0
2025-12-09,Chicken Dum Biryani,Non_Veg_Mains,1,0,23,0,1.94,18.78,0,0,0.13,None,1,0.25,0.0,0,70,100,0
2025-12-10,Chicken Dum Biryani,Non_Veg_Mains,2,0,22,0,0.69,24.94,0,0,0.03,None,0,0.05,0.0,0,70,100,130
2025-12-11,Chicken Dum Biryani,Non_Veg_Mains,3,0,21,0,4.62,26.92,0,0,0.14,None,1,0.2,0.0,0,70,100,0
2025-12-12,Chicken Dum Biryani,Non_Veg_Mains,4,0,20,0,0.59,27.01,0,0,0.13,None,0,0.05,0.0,0,70,100,0
2025-12-13,Chicken Dum Biryani,Non_Veg_Mains,5,0,19,0,5.74,26.85,0,0,0.05,None,1,0.3,0.0,0,70,100,0
2025-12-14,Chicken Dum Biryani,Non_Veg_Mains,6,0,18,0,0.8,23.36,0,0,0.09,None,0,0.02,0.0,0,70,100,107
2025-12-15,Chicken Dum Biryani,Non_Veg_Mains,0,0,17,0,2.61,20.03,0,0,0.04,None,0,0.15,0.0,0,70,100,0
2025-12-16,Chicken Dum Biryani,Non_Veg_Mains,1,0,16,0,0.89,21.02,0,0,0.15,None,1,0.25,0.0,0,70,100,0
2025-12-17,Chicken Dum Biryani,Non_Veg_Mains,2,0,15,0,9.6,28.67,0,0,0.1,None,0,0.05,0.0,0,70,100,117
2025-12-18,Chicken Dum Biryani,Non_Veg_Mains,3,0,14,0,2.63,16.08,0,0,0.02,None,1,0.2,0.0,0,70,100,0
2025-12-19,Chicken Dum Biryani,Non_Veg_Mains,4,1,13,1,1.29,16.48,0,0,0.17,None,0,0.05,0.0,1,70,100,0
2025-12-20,Chicken Dum Biryani,Non_Veg_Mains,5,0,12,0,0.78,22.18,0,1,0.06,None,1,0.3,0.0,0,70,100,0
2025-12-21,Chicken Dum Biryani,Non_Veg_Mains,6,0,11,0,9.77,23.74,0,0,0.1,None,0,0.02,0.0,0,70,100,110
2025-12-22,Chicken Dum Biryani,Non_Veg_Mains,0,0,10,0,0.59,27.49,0,1,0.04,None,0,0.15,0.0,0,70,100,0
2025-12-23,Chicken Dum Biryani,Non_Veg_Mains,1,0,9,0,8.7,26.51,0,0,0.14,None,1,0.25,0.0,0,70,100,0
2025-12-24,Chicken Dum Biryani,Non_Veg_Mains,2,0,8,0,16.28,26.94,0,0,0.08,None,0,0.05,0.0,0,70,100,117
2025-12-25,Chicken Dum Biryani,Non_Veg_Mains,3,0,7,0,0.27,24.62,0,0,0.1,None,1,0.2,0.0,0,70,100,0
2025-12-26,Chicken Dum Biryani,Non_Veg_Mains,4,0,6,0,0.29,18.71,0,0,0.13,None,0,0.05,0.0,0,70,100,0
2025-12-27,Chicken Dum Biryani,Non_Veg_Mains,5,0,5,0,1.66,25.84,0,0,0.06,None,1,0.3,0.0,0,70,100,0
2025-12-28,Chicken Dum Biryani,Non_Veg_Mains,6,0,4,0,1.15,28.74,0,0,0.14,None,0,0.02,0.0,0,70,100,105
2025-12-29,Chicken Dum Biryani,Non_Veg_Mains,0,0,3,0,2.31,23.98,0,0,0.08,None,0,0.15,0.0,0,70,100,0
2025-12-30,Chicken Dum Biryani,Non_Veg_Mains,1,0,2,0,2.34,23.63,0,0,0.04,None,1,0.25,0.0,0,70,100,0
2025-12-31,Chicken Dum Biryani,Non_Veg_Mains,2,0,1,0,4.89,20.74,0,0,0.12,None,0,0.05,0.0,0,70,100,107
2026-01-01,Chicken Dum Biryani,Non_Veg_Mains,3,0,1,0,1.56,23.12,0,0,0.12,None,1,0.2,0.0,0,70,100,0
2026-01-02,Chicken Dum Biryani,Non_Veg_Mains,4,0,0,0,1.99,27.96,0,0,0.14,None,0,0.05,0.0,0,70,100,0
2026-01-03,Chicken Dum Biryani,Non_Veg_Mains,5,0,29,0,1.01,27.64,0,0,0.11,None,1,0.3,0.0,0,70,100,0
2026-01-04,Chicken Dum Biryani,Non_Veg_Mains,6,0,28,0,6.49,24.21,0,0,0.13,None,0,0.02,0.0,0,70,100,115
2026-01-05,Chicken Dum Biryani,Non_Veg_Mains,0,0,27,0,1.55,25.96,0,0,0.09,None,0,0.15,0.0,0,70,100,0
2026-01-06,Chicken Dum Biryani,Non_Veg_Mains,1,0,26,0,5.92,24.33,0,0,0.11,None,1,0.25,0.0,0,70,100,0
2026-01-07,Chicken Dum Biryani,Non_Veg_Mains,2,0,25,0,14.96,28.97,0,0,0.05,None,0,0.05,0.0,0,70,100,117
2026-01-08,Chicken Dum Biryani,Non_Veg_Mains,3,0,24,0,3.36,27.83,0,0,0.02,None,1,0.2,0.0,0,70,100,0
2026-01-09,Chicken Dum Biryani,Non_Veg_Mains,4,0,23,0,2.8,29.67,0,0,0.06,None,0,0.05,0.0,0,70,100,0
2026-01-10,Chicken Dum Biryani,Non_Veg_Mains,5,0,22,0,3.8,17.96,0,0,0.05,None,1,0.3,0.0,0,70,100,0
2026-01-11,Chicken Dum Biryani,Non_Veg_Mains,6,0,21,0,0.51,15.7,0,1,0.08,None,0,0.02,0.0,0,70,100,157
2026-01-12,Chicken Dum Biryani,Non_Veg_Mains,0,0,20,0,0.87,27.01,0,1,0.14,None,0,0.15,0.0,0,70,100,0
2026-01-13,Chicken Dum Biryani,Non_Veg_Mains,1,0,19,0,0.03,32.3,0,1,0.04,None,1,0.25,0.0,0,70,100,0
2026-01-14,Chicken Dum Biryani,Non_Veg_Mains,2,0,18,0,0.76,23.8,0,0,0.05,None,0,0.05,0.0,0,70,100,120
2026-01-15,Chicken Dum Biryani,Non_Veg_Mains,3,0,17,0,1.91,27.96,0,1,0.06,None,1,0.2,0.0,0,70,100,0
2026-01-16,Chicken Dum Biryani,Non_Veg_Mains,4,0,16,0,0.21,25.12,0,0,0.12,None,0,0.05,0.0,0,70,100,0
2026-01-17,Chicken Dum Biryani,Non_Veg_Mains,5,0,15,0,2.24,27.81,0,0,0.06,None,1,0.3,0.0,0,70,100,0
2026-01-18,Chicken Dum Biryani,Non_Veg_Mains,6,0,14,0,1.55,22.59,0,0,0.04,None,0,0.02,0.0,0,70,100,119
2026-01-19,Chicken Dum Biryani,Non_Veg_Mains,0,1,13,1,1.49,31.77,0,0,0.21,None,0,0.15,0.0,1,70,100,0
2026-01-20,Chicken Dum Biryani,Non_Veg_Mains,1,0,12,0,0.4,25.92,0,0,0.05,None,1,0.25,0.0,0,70,100,0
2026-01-21,Chicken Dum Biryani,Non_Veg_Mains,2,0,11,0,0.06,22.44,0,0,0.09,None,0,0.05,0.0,0,70,100,112
2026-01-22,Chicken Dum Biryani,Non_Veg_Mains,3,0,10,0,2.44,22.16,0,0,0.14,None,1,0.2,0.0,0,70,100,0
2026-01-23,Chicken Dum Biryani,Non_Veg_Mains,4,0,9,0,1.11,28.19,0,0,0.08,None,0,0.05,0.0,0,70,100,0
2026-01-24,Chicken Dum Biryani,Non_Veg_Mains,5,0,8,0,0.45,26.21,0,0,0.08,None,1,0.3,0.0,0,70,100,0
2026-01-25,Chicken Dum Biryani,Non_Veg_Mains,6,0,7,0,1.97,24.44,0,1,0.11,None,0,0.02,0.0,0,70,100,147
2026-01-26,Chicken Dum Biryani,Non_Veg_Mains,0,0,6,0,3.19,23.75,0,0,0.1,None,0,0.15,0.0,0,70,100,0
2026-01-27,Chicken Dum Biryani,Non_Veg_Mains,1,0,5,0,1.49,19.67,0,0,0.06,None,1,0.25,0.0,0,70,100,0
2026-01-28,Chicken Dum Biryani,Non_Veg_Mains,2,0,4,0,2.1,28.08,0,0,0.09,None,0,0.05,0.0,0,70,100,115
2026-01-29,Chicken Dum Biryani,Non_Veg_Mains,3,0,3,0,1.73,23.08,0,0,0.08,None,1,0.2,0.0,0,70,100,0
2026-01-30,Chicken Dum Biryani,Non_Veg_Mains,4,0,2,0,2.11,22.23,0,1,0.13,None,0,0.05,0.0,0,70,100,0
2026-01-31,Chicken Dum Biryani,Non_Veg_Mains,5,0,1,0,7.47,26.57,0,0,0.14,None,1,0.3,0.0,0,70,100,0
2026-02-01,Chicken Dum Biryani,Non_Veg_Mains,6,0,28,0,0.1,28.98,0,0,0.11,None,0,0.02,0.0,0,70,100,112
2026-02-02,Chicken Dum Biryani,Non_Veg_Mains,0,0,27,0,11.81,23.88,0,0,0.06,None,0,0.15,0.0,0,70,100,0
2026-02-03,Chicken Dum Biryani,Non_Veg_Mains,1,0,26,0,4.55,27.37,0,0,0.1,None,1,0.25,0.0,0,70,100,0
2026-02-04,Chicken Dum Biryani,Non_Veg_Mains,2,0,25,0,0.26,26.3,0,0,0.09,None,0,0.05,0.0,0,70,100,116
2026-02-05,Chicken Dum Biryani,Non_Veg_Mains,3,0,24,0,0.51,23.28,0,0,0.1,None,1,0.2,0.0,0,70,100,0
2026-02-06,Chicken Dum Biryani,Non_Veg_Mains,4,0,23,0,2.82,22.21,0,1,0.07,None,0,0.05,0.0,0,70,100,0
2026-02-07,Chicken Dum Biryani,Non_Veg_Mains,5,0,22,0,1.08,23.79,0,1,0.12,None,1,0.3,0.0,0,70,100,0
2026-02-08,Chicken Dum Biryani,Non_Veg_Mains,6,0,21,0,2.82,19.53,0,1,0.05,None,0,0.02,0.0,0,70,100,155
2026-02-09,Chicken Dum Biryani,Non_Veg_Mains,0,0,20,0,2.54,31.92,0,0,0.04,None,0,0.15,0.0,0,70,100,0
2026-02-10,Chicken Dum Biryani,Non_Veg_Mains,1,0,19,0,3.1,27.45,0,0,0.12,None,1,0.25,0.0,0,70,100,0
2026-02-11,Chicken Dum Biryani,Non_Veg_Mains,2,0,18,0,1.42,18.95,0,0,0.06,None,0,0.05,0.0,0,70,100,118
2026-02-12,Chicken Dum Biryani,Non_Veg_Mains,3,1,17,0,0.34,32.08,0,0,0.1,None,1,0.2,0.0,1,70,100,0
2026-02-13,Chicken Dum Biryani,Non_Veg_Mains,4,0,16,0,1.01,35.89,0,0,0.03,None,0,0.05,0.0,0,70,100,0
2026-02-14,Chicken Dum Biryani,Non_Veg_Mains,5,0,15,0,2.19,29.39,0,0,0.15,None,1,0.3,0.0,0,70,100,0
2026-02-15,Chicken Dum Biryani,Non_Veg_Mains,6,0,14,0,1.82,22.73,0,1,0.12,None,0,0.02,0.0,0,70,100,127
2026-02-16,Chicken Dum Biryani,Non_Veg_Mains,0,0,13,0,1.52,27.32,0,0,0.13,None,0,0.15,0.0,0,70,100,0
2026-02-17,Chicken Dum Biryani,Non_Veg_Mains,1,1,12,0,5.88,22.14,0,0,0.14,Ramadan,1,0.25,0.15,1,70,100,0
2026-02-18,Chicken Dum Biryani,Non_Veg_Mains,2,0,11,0,0.88,15.09,0,0,0.02,Ramadan,0,0.05,0.15,0,70,100,109
2026-02-19,Chicken Dum Biryani,Non_Veg_Mains,3,0,10,0,3.85,27.81,0,0,0.06,Ramadan,1,0.2,0.15,0,70,100,0
2026-02-20,Chicken Dum Biryani,Non_Veg_Mains,4,0,9,0,1.53,20.25,0,0,0.08,Ramadan,0,0.05,0.15,0,70,100,0
2026-02-21,Chicken Dum Biryani,Non_Veg_Mains,5,0,8,0,8.27,27.75,0,0,0.09,Ramadan,1,0.3,0.15,0,70,100,0
2026-02-22,Chicken Dum Biryani,Non_Veg_Mains,6,0,7,0,0.76,23.22,0,0,0.14,Ramadan,0,0.02,0.15,0,70,100,106
2026-02-23,Chicken Dum Biryani,Non_Veg_Mains,0,1,6,1,8.33,22.7,0,1,0.28,Ramadan,0,0.15,0.15,1,70,100,0
2026-02-24,Chicken Dum Biryani,Non_Veg_Mains,1,0,5,0,3.71,26.98,0,1,0.05,Ramadan,1,0.25,0.15,0,70,100,0
2026-02-25,Chicken Dum Biryani,Non_Veg_Mains,2,0,4,0,3.25,24.15,0,0,0.07,Ramadan,0,0.05,0.15,0,70,100,94
2026-02-26,Chicken Dum Biryani,Non_Veg_Mains,3,0,3,0,1.58,33.11,0,0,0.04,Ramadan,1,0.2,0.15,0,70,100,0
2026-02-27,Chicken Dum Biryani,Non_Veg_Mains,4,0,2,0,7.19,29.31,0,0,0.12,Ramadan,0,0.05,0.15,0,70,100,0
2026-02-28,Chicken Dum Biryani,Non_Veg_Mains,5,0,1,0,0.95,21.01,0,1,0.02,Ramadan,1,0.3,0.15,0,70,100,0
2026-03-01,Chicken Dum Biryani,Non_Veg_Mains,6,0,1,0,2.48,24.96,0,0,0.03,Ramadan,0,0.02,0.15,0,70,100,112
2026-03-02,Chicken Dum Biryani,Non_Veg_Mains,0,0,0,0,9.23,26.75,0,0,0.12,Ramadan,0,0.15,0.15,0,70,100,0
2026-03-03,Chicken Dum Biryani,Non_Veg_Mains,1,0,29,0,2.74,28.02,0,0,0.09,Ramadan,1,0.25,0.15,0,70,100,0
2026-03-04,Chicken Dum Biryani,Non_Veg_Mains,2,0,28,0,0.2,25.68,0,0,0.02,Ramadan,0,0.05,0.15,0,70,100,107
2026-03-05,Chicken Dum Biryani,Non_Veg_Mains,3,0,27,0,1.55,23.88,0,1,0.07,Ramadan,1,0.2,0.15,0,70,100,0
2026-03-06,Chicken Dum Biryani,Non_Veg_Mains,4,0,26,0,0.06,24.96,0,0,0.06,Ramadan,0,0.05,0.15,0,70,100,0
2026-03-07,Chicken Dum Biryani,Non_Veg_Mains,5,0,25,0,2.02,32.57,0,0,0.05,Ramadan,1,0.3,0.15,0,70,100,0
2026-03-08,Chicken Dum Biryani,Non_Veg_Mains,6,0,24,0,0.83,22.02,0,0,0.12,Ramadan,0,0.02,0.15,0,70,100,103
2026-03-09,Chicken Dum Biryani,Non_Veg_Mains,0,0,23,0,1.05,26.97,0,0,0.04,Ramadan,0,0.15,0.15,0,70,100,0
2026-03-10,Chicken Dum Biryani,Non_Veg_Mains,1,0,22,0,1.03,21.82,0,0,0.02,Ramadan,1,0.25,0.15,0,70,100,0
2026-03-11,Chicken Dum Biryani,Non_Veg_Mains,2,0,21,0,5.62,27.81,0,1,0.07,Ramadan,0,0.05,0.15,0,70,100,133
2026-03-12,Chicken Dum Biryani,Non_Veg_Mains,3,0,20,0,8.91,23.91,0,0,0.13,Ramadan,1,0.2,0.15,0,70,100,0
2026-03-13,Chicken Dum Biryani,Non_Veg_Mains,4,0,19,0,0.54,22.59,0,0,0.05,Ramadan,0,0.05,0.15,0,70,100,0
2026-03-14,Chicken Dum Biryani,Non_Veg_Mains,5,0,18,0,4.9,30.8,0,0,0.05,Ramadan,1,0.3,0.15,0,70,100,0
2026-03-15,Chicken Dum Biryani,Non_Veg_Mains,6,0,17,0,4.22,22.53,0,1,0.11,Ramadan,0,0.02,0.15,0,70,100,127
2026-03-16,Chicken Dum Biryani,Non_Veg_Mains,0,0,16,0,3.0,32.93,0,0,0.13,Ramadan,0,0.15,0.15,0,70,100,0
2026-03-17,Chicken Dum Biryani,Non_Veg_Mains,1,0,15,0,0.24,27.13,0,0,0.13,Ramadan,1,0.25,0.15,0,70,100,0
2026-03-18,Chicken Dum Biryani,Non_Veg_Mains,2,0,14,0,1.01,29.83,0,0,0.09,Ramadan,0,0.05,0.15,0,70,100,102
2026-03-19,Chicken Dum Biryani,Non_Veg_Mains,3,0,13,0,6.27,20.77,0,0,0.02,Ramadan,1,0.2,0.15,0,70,100,0
2026-03-20,Chicken Dum Biryani,Non_Veg_Mains,4,0,12,0,7.31,23.9,0,0,0.14,None,0,0.05,0.0,0,70,100,0
2026-03-21,Chicken Dum Biryani,Non_Veg_Mains,5,0,11,0,3.48,12.88,0,0,0.09,None,1,0.3,0.0,0,70,100,0
2026-03-22,Chicken Dum Biryani,Non_Veg_Mains,6,0,10,0,0.51,25.65,0,0,0.12,None,0,0.02,0.0,0,70,100,116
2026-03-23,Chicken Dum Biryani,Non_Veg_Mains,0,0,9,0,7.75,18.14,0,0,0.1,None,0,0.15,0.0,0,70,100,0
2026-03-24,Chicken Dum Biryani,Non_Veg_Mains,1,0,8,0,5.19,29.67,0,0,0.11,None,1,0.25,0.0,0,70,100,0
2026-03-25,Chicken Dum Biryani,Non_Veg_Mains,2,0,7,0,0.0,21.72,0,0,0.05,None,0,0.05,0.0,0,70,100,127
2026-03-26,Chicken Dum Biryani,Non_Veg_Mains,3,0,6,0,1.79,20.97,0,0,0.13,None,1,0.2,0.0,0,70,100,0
2026-03-27,Chicken Dum Biryani,Non_Veg_Mains,4,0,5,0,3.45,28.35,0,0,0.12,None,0,0.05,0.0,0,70,100,0
2026-03-28,Chicken Dum Biryani,Non_Veg_Mains,5,0,4,0,1.88,27.82,0,0,0.14,None,1,0.3,0.0,0,70,100,0
2026-03-29,Chicken Dum Biryani,Non_Veg_Mains,6,0,3,0,6.89,25.09,0,0,0.07,None,0,0.02,0.0,0,70,100,102
2026-03-30,Chicken Dum Biryani,Non_Veg_Mains,0,0,2,0,9.37,25.35,0,0,0.09,None,0,0.15,0.0,0,70,100,0
2026-03-31,Chicken Dum Biryani,Non_Veg_Mains,1,0,1,0,1.02,25.64,0,0,0.03,None,1,0.25,0.0,0,70,100,0
2026-04-01,Chicken Dum Biryani,Non_Veg_Mains,2,0,0,0,0.56,37.27,0,0,0.1,None,0,0.05,0.0,0,70,100,119
2026-04-02,Chicken Dum Biryani,Non_Veg_Mains,3,0,29,0,0.39,39.19,0,0,0.02,None,1,0.2,0.0,0,70,100,0
2026-04-03,Chicken Dum Biryani,Non_Veg_Mains,4,0,28,0,0.22,41.22,0,0,0.14,None,0,0.05,0.0,0,70,100,0
2026-04-04,Chicken Dum Biryani,Non_Veg_Mains,5,0,27,0,0.51,40.94,0,0,0.13,None,1,0.3,0.0,0,70,100,0
2026-04-05,Chicken Dum Biryani,Non_Veg_Mains,6,0,26,0,0.49,36.95,0,0,0.03,None,0,0.02,0.0,0,70,100,128
2026-04-06,Chicken Dum Biryani,Non_Veg_Mains,0,0,25,0,0.04,36.56,0,1,0.04,None,0,0.15,0.0,0,70,100,0
2026-04-07,Chicken Dum Biryani,Non_Veg_Mains,1,0,24,0,0.14,38.82,0,0,0.06,None,1,0.25,0.0,0,70,100,0
2026-04-08,Chicken Dum Biryani,Non_Veg_Mains,2,0,23,0,1.35,40.74,0,0,0.15,None,0,0.05,0.0,0,70,100,109
2026-04-09,Chicken Dum Biryani,Non_Veg_Mains,3,0,22,0,0.3,36.85,0,0,0.13,None,1,0.2,0.0,0,70,100,0
2026-04-10,Chicken Dum Biryani,Non_Veg_Mains,4,0,21,0,0.98,38.3,0,0,0.14,None,0,0.05,0.0,0,70,100,0
2026-04-11,Chicken Dum Biryani,Non_Veg_Mains,5,0,20,0,0.21,43.01,0,0,0.09,None,1,0.3,0.0,0,70,100,0
2026-04-12,Chicken Dum Biryani,Non_Veg_Mains,6,0,19,0,0.1,41.29,0,0,0.1,None,0,0.02,0.0,0,70,100,111
2026-04-13,Chicken Dum Biryani,Non_Veg_Mains,0,0,18,0,0.19,41.93,0,0,0.11,None,0,0.15,0.0,0,70,100,0
2026-04-14,Chicken Dum Biryani,Non_Veg_Mains,1,0,17,0,0.01,40.2,0,0,0.06,None,1,0.25,0.0,0,70,100,0
2026-04-15,Chicken Dum Biryani,Non_Veg_Mains,2,0,16,0,0.29,39.19,0,1,0.08,None,0,0.05,0.0,0,70,100,145
2026-04-16,Chicken Dum Biryani,Non_Veg_Mains,3,0,15,0,1.93,38.32,0,0,0.11,None,1,0.2,0.0,0,70,100,0
2026-04-17,Chicken Dum Biryani,Non_Veg_Mains,4,0,14,0,0.07,38.32,0,0,0.08,None,0,0.05,0.0,0,70,100,0
2026-04-18,Chicken Dum Biryani,Non_Veg_Mains,5,0,13,0,0.43,38.39,0,0,0.04,None,1,0.3,0.0,0,70,100,0
2026-04-19,Chicken Dum Biryani,Non_Veg_Mains,6,0,12,0,0.19,41.62,0,0,0.02,None,0,0.02,0.0,0,70,100,123
2026-04-20,Chicken Dum Biryani,Non_Veg_Mains,0,0,11,0,4.52,41.99,0,0,0.08,None,0,0.15,0.0,0,70,100,0
2026-04-21,Chicken Dum Biryani,Non_Veg_Mains,1,0,10,0,7.38,40.27,0,1,0.05,None,1,0.25,0.0,0,70,100,0
2026-04-22,Chicken Dum Biryani,Non_Veg_Mains,2,0,9,0,0.36,44.4,0,1,0.07,None,0,0.05,0.0,0,70,100,134
2026-04-23,Chicken Dum Biryani,Non_Veg_Mains,3,0,8,0,0.59,39.19,0,0,0.09,None,1,0.2,0.0,0,70,100,0
2026-04-24,Chicken Dum Biryani,Non_Veg_Mains,4,0,7,0,4.41,41.23,0,0,0.04,None,0,0.05,0.0,0,70,100,0
2026-04-25,Chicken Dum Biryani,Non_Veg_Mains,5,0,6,0,0.03,41.62,0,1,0.11,None,1,0.3,0.0,0,70,100,0
2026-04-26,Chicken Dum Biryani,Non_Veg_Mains,6,0,5,0,1.44,39.94,0,0,0.08,None,0,0.02,0.0,0,70,100,130
2026-04-27,Chicken Dum Biryani,Non_Veg_Mains,0,0,4,0,0.05,39.42,0,0,0.13,None,0,0.15,0.0,0,70,100,0
2026-04-28,Chicken Dum Biryani,Non_Veg_Mains,1,0,3,0,0.27,44.44,0,1,0.03,None,1,0.25,0.0,0,70,100,0
2026-04-29,Chicken Dum Biryani,Non_Veg_Mains,2,0,2,0,0.22,39.93,0,1,0.09,None,0,0.05,0.0,0,70,100,132
2026-04-30,Chicken Dum Biryani,Non_Veg_Mains,3,0,1,0,0.02,38.64,0,0,0.11,None,1,0.2,0.0,0,70,100,0
2026-05-01,Chicken Dum Biryani,Non_Veg_Mains,4,0,1,0,0.01,40.24,0,0,0.06,None,0,0.05,0.0,0,70,100,0
2026-05-02,Chicken Dum Biryani,Non_Veg_Mains,5,0,0,0,0.02,41.71,0,0,0.13,None,1,0.3,0.0,0,70,100,0
2026-05-03,Chicken Dum Biryani,Non_Veg_Mains,6,0,29,0,0.06,39.32,0,0,0.14,None,0,0.02,0.0,0,70,100,111
2026-05-04,Chicken Dum Biryani,Non_Veg_Mains,0,0,28,0,0.38,39.28,0,1,0.1,None,0,0.15,0.0,0,70,100,0
2026-05-05,Chicken Dum Biryani,Non_Veg_Mains,1,0,27,0,0.18,39.36,0,0,0.11,None,1,0.25,0.0,0,70,100,0
2026-05-06,Chicken Dum Biryani,Non_Veg_Mains,2,0,26,0,0.15,41.18,0,0,0.07,None,0,0.05,0.0,0,70,100,113
2026-05-07,Chicken Dum Biryani,Non_Veg_Mains,3,0,25,0,0.99,43.05,0,0,0.09,None,1,0.2,0.0,0,70,100,0
2026-05-08,Chicken Dum Biryani,Non_Veg_Mains,4,0,24,0,0.04,40.65,0,1,0.14,None,0,0.05,0.0,0,70,100,0
2026-05-09,Chicken Dum Biryani,Non_Veg_Mains,5,0,23,0,5.49,42.34,0,0,0.14,None,1,0.3,0.0,0,70,100,0
2026-05-10,Chicken Dum Biryani,Non_Veg_Mains,6,0,22,0,2.0,39.34,0,1,0.04,None,0,0.02,0.0,0,70,100,141
2026-05-11,Chicken Dum Biryani,Non_Veg_Mains,0,0,21,0,0.06,42.23,0,0,0.1,None,0,0.15,0.0,0,70,100,0
2026-05-12,Chicken Dum Biryani,Non_Veg_Mains,1,0,20,0,0.22,39.26,0,0,0.04,None,1,0.25,0.0,0,70,100,0
2026-05-13,Chicken Dum Biryani,Non_Veg_Mains,2,0,19,0,3.25,41.48,0,0,0.03,None,0,0.05,0.0,0,70,100,121
2026-05-14,Chicken Dum Biryani,Non_Veg_Mains,3,0,18,0,0.34,42.72,0,0,0.08,None,1,0.2,0.0,0,70,100,0
2026-05-15,Chicken Dum Biryani,Non_Veg_Mains,4,0,17,0,0.7,40.82,0,0,0.12,None,0,0.05,0.0,0,70,100,0
2026-05-16,Chicken Dum Biryani,Non_Veg_Mains,5,1,16,0,0.15,41.96,0,0,0.03,None,1,0.3,0.0,1,70,100,0
2026-05-17,Chicken Dum Biryani,Non_Veg_Mains,6,0,15,0,1.23,39.99,0,0,0.05,None,0,0.02,0.0,0,70,100,121
2026-05-18,Chicken Dum Biryani,Non_Veg_Mains,0,0,14,0,1.25,42.27,0,0,0.15,None,0,0.15,0.0,0,70,100,0
2026-05-19,Chicken Dum Biryani,Non_Veg_Mains,1,0,13,0,0.2,38.31,0,0,0.02,None,1,0.25,0.0,0,70,100,0
2026-05-20,Chicken Dum Biryani,Non_Veg_Mains,2,0,12,0,0.12,39.28,0,1,0.08,None,0,0.05,0.0,0,70,100,130
2026-05-21,Chicken Dum Biryani,Non_Veg_Mains,3,0,11,0,0.0,40.65,0,0,0.09,None,1,0.2,0.0,0,70,100,0
2026-05-22,Chicken Dum Biryani,Non_Veg_Mains,4,0,10,0,1.66,41.43,0,0,0.13,None,0,0.05,0.0,0,70,100,0
2026-05-23,Chicken Dum Biryani,Non_Veg_Mains,5,0,9,0,1.79,38.53,0,1,0.13,None,1,0.3,0.0,0,70,100,0
2026-05-24,Chicken Dum Biryani,Non_Veg_Mains,6,0,8,0,0.03,39.95,0,0,0.09,None,0,0.02,0.0,0,70,100,115
2026-05-25,Chicken Dum Biryani,Non_Veg_Mains,0,0,7,0,1.52,42.82,0,0,0.08,None,0,0.15,0.0,0,70,100,0
2026-05-26,Chicken Dum Biryani,Non_Veg_Mains,1,0,6,0,2.84,40.69,0,0,0.02,None,1,0.25,0.0,0,70,100,0
2026-05-27,Chicken Dum Biryani,Non_Veg_Mains,2,0,5,0,0.08,40.7,0,0,0.04,None,0,0.05,0.0,0,70,100,118
2026-05-28,Chicken Dum Biryani,Non_Veg_Mains,3,0,4,0,0.84,40.93,0,0,0.04,None,1,0.2,0.0,0,70,100,0
2026-05-29,Chicken Dum Biryani,Non_Veg_Mains,4,0,3,0,1.04,40.07,0,0,0.12,None,0,0.05,0.0,0,70,100,0
2026-05-30,Chicken Dum Biryani,Non_Veg_Mains,5,0,2,0,0.45,40.31,0,0,0.12,None,1,0.3,0.0,0,70,100,0
2026-05-31,Chicken Dum Biryani,Non_Veg_Mains,6,0,1,0,0.14,37.03,0,0,0.12,None,0,0.02,0.0,0,70,100,114
2026-06-01,Chicken Dum Biryani,Non_Veg_Mains,0,0,0,0,79.14,33.46,1,0,0.14,None,0,0.15,0.0,0,70,100,0
2026-06-02,Chicken Dum Biryani,Non_Veg_Mains,1,0,29,0,21.71,29.85,0,1,0.08,None,1,0.25,0.0,0,70,100,0
2026-06-03,Chicken Dum Biryani,Non_Veg_Mains,2,0,28,0,26.79,29.41,0,0,0.03,None,0,0.05,0.0,0,70,100,139
2026-06-04,Chicken Dum Biryani,Non_Veg_Mains,3,0,27,0,16.8,31.26,0,1,0.07,None,1,0.2,0.0,0,70,100,0
2026-06-05,Chicken Dum Biryani,Non_Veg_Mains,4,0,26,0,20.57,30.84,0,0,0.05,None,0,0.05,0.0,0,70,100,0
2026-06-06,Chicken Dum Biryani,Non_Veg_Mains,5,1,25,0,21.55,28.11,0,0,0.05,None,1,0.3,0.0,1,70,100,0
2026-06-07,Chicken Dum Biryani,Non_Veg_Mains,6,0,24,0,7.69,31.54,0,0,0.07,None,0,0.02,0.0,0,70,100,123
2026-06-08,Chicken Dum Biryani,Non_Veg_Mains,0,0,23,0,8.64,32.37,0,0,0.08,None,0,0.15,0.0,0,70,100,0
2026-06-09,Chicken Dum Biryani,Non_Veg_Mains,1,0,22,0,8.26,29.25,0,1,0.14,None,1,0.25,0.0,0,70,100,0
2026-06-10,Chicken Dum Biryani,Non_Veg_Mains,2,0,21,0,16.76,32.76,0,1,0.08,None,0,0.05,0.0,0,70,100,143
2026-06-11,Chicken Dum Biryani,Non_Veg_Mains,3,0,20,0,32.12,29.79,0,0,0.15,None,1,0.2,0.0,0,70,100,0
2026-06-12,Chicken Dum Biryani,Non_Veg_Mains,4,0,19,0,60.44,36.62,1,0,0.08,None,0,0.05,0.0,0,70,100,0
2026-06-13,Chicken Dum Biryani,Non_Veg_Mains,5,1,18,0,11.54,31.84,0,0,0.04,None,1,0.3,0.0,1,70,100,0
2026-06-14,Chicken Dum Biryani,Non_Veg_Mains,6,0,17,0,24.68,32.67,0,0,0.09,None,0,0.02,0.0,0,70,100,140
2026-06-15,Chicken Dum Biryani,Non_Veg_Mains,0,0,16,0,23.17,28.7,0,1,0.07,None,0,0.15,0.0,0,70,100,0
2026-06-16,Chicken Dum Biryani,Non_Veg_Mains,1,0,15,0,25.43,31.29,0,0,0.11,None,1,0.25,0.0,0,70,100,0
2026-06-17,Chicken Dum Biryani,Non_Veg_Mains,2,0,14,0,3.21,29.19,0,0,0.09,None,0,0.05,0.0,0,70,100,104
2026-06-18,Chicken Dum Biryani,Non_Veg_Mains,3,0,13,0,6.63,33.37,0,1,0.04,None,1,0.2,0.0,0,70,100,0
2026-06-19,Chicken Dum Biryani,Non_Veg_Mains,4,0,12,0,15.58,32.51,0,0,0.05,None,0,0.05,0.0,0,70,100,0
2026-06-20,Chicken Dum Biryani,Non_Veg_Mains,5,0,11,0,12.14,37.38,0,0,0.02,None,1,0.3,0.0,0,70,100,0
2026-06-21,Chicken Dum Biryani,Non_Veg_Mains,6,0,10,0,53.55,30.33,1,0,0.09,None,0,0.02,0.0,0,70,100,141
2026-06-22,Chicken Dum Biryani,Non_Veg_Mains,0,0,9,0,63.95,35.92,1,1,0.08,None,0,0.15,0.0,0,70,100,0
2026-06-23,Chicken Dum Biryani,Non_Veg_Mains,1,0,8,0,18.38,28.23,0,0,0.03,None,1,0.25,0.0,0,70,100,0
2026-06-24,Chicken Dum Biryani,Non_Veg_Mains,2,0,7,0,20.64,30.57,0,1,0.13,None,0,0.05,0.0,0,70,100,165
2026-06-25,Chicken Dum Biryani,Non_Veg_Mains,3,0,6,0,48.11,29.52,1,0,0.11,None,1,0.2,0.0,0,70,100,0
2026-06-26,Chicken Dum Biryani,Non_Veg_Mains,4,0,5,0,27.66,27.09,0,1,0.14,None,0,0.05,0.0,0,70,100,0
2026-06-27,Chicken Dum Biryani,Non_Veg_Mains,5,0,4,0,16.46,24.03,0,0,0.14,None,1,0.3,0.0,0,70,100,0
2026-06-28,Chicken Dum Biryani,Non_Veg_Mains,6,0,3,0,25.88,28.74,0,0,0.1,None,0,0.02,0.0,0,70,100,139
2026-06-29,Chicken Dum Biryani,Non_Veg_Mains,0,0,2,0,20.21,32.63,0,0,0.13,None,0,0.15,0.0,0,70,100,0
2026-06-30,Chicken Dum Biryani,Non_Veg_Mains,1,0,1,0,28.92,30.06,0,0,0.04,None,1,0.25,0.0,0,70,100,0
2026-07-01,Chicken Dum Biryani,Non_Veg_Mains,2,1,1,0,33.05,31.35,0,0,0.09,None,0,0.05,0.0,1,70,100,13
2026-07-02,Chicken Dum Biryani,Non_Veg_Mains,3,0,0,0,15.2,27.49,0,0,0.14,None,1,0.2,0.0,0,70,100,0
2026-07-03,Chicken Dum Biryani,Non_Veg_Mains,4,0,29,0,36.68,34.06,0,0,0.09,None,0,0.05,0.0,0,70,100,0
2026-07-04,Chicken Dum Biryani,Non_Veg_Mains,5,0,28,0,33.33,28.27,0,1,0.05,None,1,0.3,0.0,0,70,100,0
2026-07-05,Chicken Dum Biryani,Non_Veg_Mains,6,0,27,0,14.17,24.54,0,0,0.12,None,0,0.02,0.0,0,70,100,111
2026-07-06,Chicken Dum Biryani,Non_Veg_Mains,0,0,26,0,28.18,30.47,0,1,0.08,None,0,0.15,0.0,0,70,100,0
2026-07-07,Chicken Dum Biryani,Non_Veg_Mains,1,0,25,0,51.55,33.75,1,0,0.04,None,1,0.25,0.0,0,70,100,0
2026-07-08,Chicken Dum Biryani,Non_Veg_Mains,2,0,24,0,28.87,26.63,0,0,0.14,None,0,0.05,0.0,0,70,100,128
2026-07-09,Chicken Dum Biryani,Non_Veg_Mains,3,0,23,0,6.09,31.81,0,0,0.05,None,1,0.2,0.0,0,70,100,0
2026-07-10,Chicken Dum Biryani,Non_Veg_Mains,4,0,22,0,10.11,30.46,0,0,0.1,None,0,0.05,0.0,0,70,100,0
2026-07-11,Chicken Dum Biryani,Non_Veg_Mains,5,0,21,0,4.75,31.25,0,0,0.12,None,1,0.3,0.0,0,70,100,0
2026-07-12,Chicken Dum Biryani,Non_Veg_Mains,6,0,20,0,27.16,28.1,0,0,0.07,None,0,0.02,0.0,0,70,100,130
2026-07-13,Chicken Dum Biryani,Non_Veg_Mains,0,0,19,0,13.02,33.14,0,0,0.05,None,0,0.15,0.0,0,70,100,0
2026-07-14,Chicken Dum Biryani,Non_Veg_Mains,1,0,18,0,36.34,28.13,0,1,0.04,None,1,0.25,0.0,0,70,100,0
2026-07-15,Chicken Dum Biryani,Non_Veg_Mains,2,0,17,0,13.42,27.81,0,0,0.14,None,0,0.05,0.0,0,70,100,115
2026-07-16,Chicken Dum Biryani,Non_Veg_Mains,3,0,16,0,27.61,31.92,0,1,0.11,None,1,0.2,0.0,0,70,100,0
2026-07-17,Chicken Dum Biryani,Non_Veg_Mains,4,1,15,1,16.55,30.18,0,0,0.29,None,0,0.05,0.0,1,70,100,0
2026-07-18,Chicken Dum Biryani,Non_Veg_Mains,5,0,14,0,12.96,31.58,0,0,0.14,None,1,0.3,0.0,0,70,100,0
2026-07-19,Chicken Dum Biryani,Non_Veg_Mains,6,0,13,0,9.17,28.82,0,0,0.14,None,0,0.02,0.0,0,70,100,115
2026-07-20,Chicken Dum Biryani,Non_Veg_Mains,0,0,12,0,2.85,31.23,0,1,0.06,None,0,0.15,0.0,0,70,100,0
2026-07-21,Chicken Dum Biryani,Non_Veg_Mains,1,0,11,0,38.78,35.42,0,1,0.06,None,1,0.25,0.0,0,70,100,0
2026-07-22,Chicken Dum Biryani,Non_Veg_Mains,2,0,10,0,21.47,37.52,0,0,0.06,None,0,0.05,0.0,0,70,100,134
2026-07-23,Chicken Dum Biryani,Non_Veg_Mains,3,0,9,0,8.64,31.84,0,0,0.07,None,1,0.2,0.0,0,70,100,0
2026-07-24,Chicken Dum Biryani,Non_Veg_Mains,4,0,8,0,25.36,30.66,0,1,0.03,None,0,0.05,0.0,0,70,100,0
2026-07-25,Chicken Dum Biryani,Non_Veg_Mains,5,0,7,0,27.92,27.63,0,1,0.07,None,1,0.3,0.0,0,70,100,0
2026-07-26,Chicken Dum Biryani,Non_Veg_Mains,6,0,6,0,12.48,34.4,0,1,0.05,None,0,0.02,0.0,0,70,100,159
2026-07-27,Chicken Dum Biryani,Non_Veg_Mains,0,0,5,0,5.88,31.53,0,0,0.03,None,0,0.15,0.0,0,70,100,0
2026-07-28,Chicken Dum Biryani,Non_Veg_Mains,1,0,4,0,2.6,38.67,0,1,0.04,None,1,0.25,0.0,0,70,100,0
2026-07-29,Chicken Dum Biryani,Non_Veg_Mains,2,0,3,0,37.37,32.52,0,1,0.12,None,0,0.05,0.0,0,70,100,152
2026-07-30,Chicken Dum Biryani,Non_Veg_Mains,3,0,2,0,30.41,31.15,0,0,0.1,None,1,0.2,0.0,0,70,100,0
2026-07-31,Chicken Dum Biryani,Non_Veg_Mains,4,0,1,0,31.24,31.27,0,0,0.04,None,0,0.05,0.0,0,70,100,0
2026-08-01,Chicken Dum Biryani,Non_Veg_Mains,5,0,1,0,21.26,36.11,0,1,0.05,Shravan,1,0.4,0.02,0,70,100,0
2026-08-02,Chicken Dum Biryani,Non_Veg_Mains,6,0,0,0,5.83,33.81,0,0,0.06,Shravan,0,0.4,0.02,0,70,100,76
2026-08-03,Chicken Dum Biryani,Non_Veg_Mains,0,0,29,0,50.85,31.99,1,0,0.07,Shravan,0,0.4,0.02,0,70,100,0
2026-08-04,Chicken Dum Biryani,Non_Veg_Mains,1,0,28,0,3.01,32.89,0,0,0.13,Shravan,1,0.4,0.02,0,70,100,0
2026-08-05,Chicken Dum Biryani,Non_Veg_Mains,2,0,27,0,19.96,29.8,0,0,0.07,Shravan,0,0.4,0.02,0,70,100,67
2026-08-06,Chicken Dum Biryani,Non_Veg_Mains,3,0,26,0,8.73,34.56,0,0,0.08,Shravan,1,0.4,0.02,0,70,100,0
2026-08-07,Chicken Dum Biryani,Non_Veg_Mains,4,0,25,0,30.82,31.62,0,1,0.06,Shravan,0,0.4,0.02,0,70,100,0
2026-08-08,Chicken Dum Biryani,Non_Veg_Mains,5,0,24,0,18.87,34.39,0,0,0.1,Shravan,1,0.4,0.02,0,70,100,0
2026-08-09,Chicken Dum Biryani,Non_Veg_Mains,6,0,23,0,12.07,32.33,0,0,0.08,Shravan,0,0.4,0.02,0,70,100,67
2026-08-10,Chicken Dum Biryani,Non_Veg_Mains,0,0,22,0,5.45,30.68,0,1,0.11,Shravan,0,0.4,0.02,0,70,100,0
2026-08-11,Chicken Dum Biryani,Non_Veg_Mains,1,0,21,0,40.16,31.05,1,0,0.11,Shravan,1,0.4,0.02,0,70,100,0
2026-08-12,Chicken Dum Biryani,Non_Veg_Mains,2,0,20,0,11.1,27.85,0,0,0.08,Shravan,0,0.4,0.02,0,70,100,72
2026-08-13,Chicken Dum Biryani,Non_Veg_Mains,3,0,19,0,21.04,30.2,0,0,0.11,Shravan,1,0.4,0.02,0,70,100,0
2026-08-14,Chicken Dum Biryani,Non_Veg_Mains,4,0,18,0,6.24,31.01,0,0,0.04,Shravan,0,0.4,0.02,0,70,100,0
2026-08-15,Chicken Dum Biryani,Non_Veg_Mains,5,0,17,0,10.57,25.95,0,0,0.14,Shravan,1,0.4,0.02,0,70,100,0
2026-08-16,Chicken Dum Biryani,Non_Veg_Mains,6,0,16,0,38.92,28.74,0,0,0.08,Shravan,0,0.4,0.02,0,70,100,81
2026-08-17,Chicken Dum Biryani,Non_Veg_Mains,0,0,15,0,3.35,24.56,0,1,0.05,Shravan,0,0.4,0.02,0,70,100,0
2026-08-18,Chicken Dum Biryani,Non_Veg_Mains,1,0,14,0,23.53,29.69,0,0,0.05,Shravan,1,0.4,0.02,0,70,100,0
2026-08-19,Chicken Dum Biryani,Non_Veg_Mains,2,0,13,0,13.01,26.12,0,1,0.09,Shravan,0,0.4,0.02,0,70,100,88
2026-08-20,Chicken Dum Biryani,Non_Veg_Mains,3,1,12,0,15.8,29.21,0,0,0.06,Shravan,1,0.4,0.02,1,70,100,0
2026-08-21,Chicken Dum Biryani,Non_Veg_Mains,4,0,11,0,6.4,31.87,0,0,0.04,Shravan,0,0.4,0.02,0,70,100,0
2026-08-22,Chicken Dum Biryani,Non_Veg_Mains,5,0,10,0,25.07,32.05,0,0,0.15,Shravan,1,0.4,0.02,0,70,100,0
2026-08-23,Chicken Dum Biryani,Non_Veg_Mains,6,0,9,0,2.25,29.93,0,0,0.11,Shravan,0,0.4,0.02,0,70,100,65
2026-08-24,Chicken Dum Biryani,Non_Veg_Mains,0,0,8,0,12.37,30.53,0,0,0.08,Shravan,0,0.4,0.02,0,70,100,0
2026-08-25,Chicken Dum Biryani,Non_Veg_Mains,1,0,7,0,25.19,28.28,0,0,0.13,Shravan,1,0.4,0.02,0,70,100,0
2026-08-26,Chicken Dum Biryani,Non_Veg_Mains,2,0,6,0,26.32,25.09,0,0,0.07,Shravan,0,0.4,0.02,0,70,100,82
2026-08-27,Chicken Dum Biryani,Non_Veg_Mains,3,0,5,0,26.85,25.36,0,0,0.03,Shravan,1,0.4,0.02,0,70,100,0
2026-08-28,Chicken Dum Biryani,Non_Veg_Mains,4,0,4,0,9.52,33.99,0,0,0.07,Shravan,0,0.4,0.02,0,70,100,0
2026-08-29,Chicken Dum Biryani,Non_Veg_Mains,5,0,3,0,13.92,35.0,0,0,0.08,Shravan,1,0.4,0.02,0,70,100,0
2026-08-30,Chicken Dum Biryani,Non_Veg_Mains,6,0,2,0,16.35,29.61,0,0,0.1,Shravan,0,0.4,0.02,0,70,100,67
2026-08-31,Chicken Dum Biryani,Non_Veg_Mains,0,0,1,0,23.97,24.17,0,0,0.13,Shravan,0,0.4,0.02,0,70,100,0
2026-09-01,Chicken Dum Biryani,Non_Veg_Mains,1,0,0,0,81.02,27.81,1,0,0.07,None,1,0.25,0.0,0,70,100,0
2026-09-02,Chicken Dum Biryani,Non_Veg_Mains,2,0,29,0,9.62,33.81,0,0,0.03,None,0,0.05,0.0,0,70,100,122
2026-09-03,Chicken Dum Biryani,Non_Veg_Mains,3,0,28,0,17.1,34.04,0,1,0.14,None,1,0.2,0.0,0,70,100,0
2026-09-04,Chicken Dum Biryani,Non_Veg_Mains,4,0,27,0,39.22,29.82,0,0,0.02,None,0,0.05,0.0,0,70,100,0
2026-09-05,Chicken Dum Biryani,Non_Veg_Mains,5,0,26,0,2.77,27.93,0,1,0.05,None,1,0.3,0.0,0,70,100,0
2026-09-06,Chicken Dum Biryani,Non_Veg_Mains,6,0,25,0,26.87,35.25,0,0,0.1,None,0,0.02,0.0,0,70,100,143
2026-09-07,Chicken Dum Biryani,Non_Veg_Mains,0,0,24,0,59.75,34.63,1,0,0.06,None,0,0.15,0.0,0,70,100,0
2026-09-08,Chicken Dum Biryani,Non_Veg_Mains,1,0,23,0,3.09,28.05,0,0,0.06,None,1,0.25,0.0,0,70,100,0
2026-09-09,Chicken Dum Biryani,Non_Veg_Mains,2,0,22,0,11.44,27.1,0,0,0.1,None,0,0.05,0.0,0,70,100,108
2026-09-10,Chicken Dum Biryani,Non_Veg_Mains,3,0,21,0,12.62,34.6,0,0,0.13,None,1,0.2,0.0,0,70,100,0
2026-09-11,Chicken Dum Biryani,Non_Veg_Mains,4,0,20,0,12.83,34.84,0,1,0.04,None,0,0.05,0.0,0,70,100,0
2026-09-12,Chicken Dum Biryani,Non_Veg_Mains,5,0,19,0,4.22,31.82,0,0,0.11,None,1,0.3,0.0,0,70,100,0
2026-09-13,Chicken Dum Biryani,Non_Veg_Mains,6,0,18,0,14.99,30.34,0,0,0.05,None,0,0.02,0.0,0,70,100,123
2026-09-14,Chicken Dum Biryani,Non_Veg_Mains,0,0,17,0,14.48,28.71,0,0,0.06,None,0,0.15,0.0,0,70,100,0
2026-09-15,Chicken Dum Biryani,Non_Veg_Mains,1,0,16,0,16.13,30.1,0,1,0.11,None,1,0.25,0.0,0,70,100,0
2026-09-16,Chicken Dum Biryani,Non_Veg_Mains,2,0,15,0,13.05,35.98,0,0,0.06,None,0,0.05,0.0,0,70,100,123
2026-09-17,Chicken Dum Biryani,Non_Veg_Mains,3,0,14,0,5.78,33.77,0,0,0.04,None,1,0.2,0.0,0,70,100,0
2026-09-18,Chicken Dum Biryani,Non_Veg_Mains,4,0,13,0,21.36,29.49,0,1,0.04,None,0,0.05,0.0,0,70,100,0
2026-09-19,Chicken Dum Biryani,Non_Veg_Mains,5,0,12,0,47.3,31.85,1,0,0.07,None,1,0.3,0.0,0,70,100,0
2026-09-20,Chicken Dum Biryani,Non_Veg_Mains,6,1,11,0,13.55,33.82,0,0,0.03,None,0,0.02,0.0,1,70,100,12
2026-09-21,Chicken Dum Biryani,Non_Veg_Mains,0,1,10,1,4.07,27.23,0,1,0.24,None,0,0.15,0.0,1,70,100,0
2026-09-22,Chicken Dum Biryani,Non_Veg_Mains,1,0,9,0,31.22,28.77,0,1,0.02,None,1,0.25,0.0,0,70,100,0
2026-09-23,Chicken Dum Biryani,Non_Veg_Mains,2,0,8,0,66.89,30.05,1,0,0.14,None,0,0.05,0.0,0,70,100,132
2026-09-24,Chicken Dum Biryani,Non_Veg_Mains,3,0,7,0,24.59,24.99,0,1,0.05,None,1,0.2,0.0,0,70,100,0
2026-09-25,Chicken Dum Biryani,Non_Veg_Mains,4,0,6,0,22.12,27.03,0,1,0.07,None,0,0.05,0.0,0,70,100,0
2026-09-26,Chicken Dum Biryani,Non_Veg_Mains,5,0,5,0,11.66,26.06,0,0,0.05,None,1,0.3,0.0,0,70,100,0
2026-09-27,Chicken Dum Biryani,Non_Veg_Mains,6,0,4,0,53.14,28.31,1,0,0.11,None,0,0.02,0.0,0,70,100,124
2026-09-28,Chicken Dum Biryani,Non_Veg_Mains,0,0,3,0,44.39,33.84,1,0,0.06,None,0,0.15,0.0,0,70,100,0
2026-09-29,Chicken Dum Biryani,Non_Veg_Mains,1,0,2,0,26.58,34.14,0,1,0.14,None,1,0.25,0.0,0,70,100,0
2026-09-30,Chicken Dum Biryani,Non_Veg_Mains,2,0,1,0,7.06,25.97,0,0,0.02,None,0,0.05,0.0,0,70,100,121
2026-10-01,Chicken Dum Biryani,Non_Veg_Mains,3,0,1,0,5.85,20.28,0,0,0.11,None,1,0.2,0.0,0,70,100,0
2026-10-02,Chicken Dum Biryani,Non_Veg_Mains,4,0,0,0,5.11,32.46,0,0,0.15,None,0,0.05,0.0,0,70,100,0
2026-10-03,Chicken Dum Biryani,Non_Veg_Mains,5,0,29,0,0.43,20.27,0,0,0.07,None,1,0.3,0.0,0,70,100,0
2026-10-04,Chicken Dum Biryani,Non_Veg_Mains,6,0,28,0,2.53,27.86,0,0,0.14,None,0,0.02,0.0,0,70,100,115
2026-10-05,Chicken Dum Biryani,Non_Veg_Mains,0,0,27,0,1.25,24.77,0,1,0.12,None,0,0.15,0.0,0,70,100,0
2026-10-06,Chicken Dum Biryani,Non_Veg_Mains,1,0,26,0,0.29,28.72,0,0,0.15,None,1,0.25,0.0,0,70,100,0
2026-10-07,Chicken Dum Biryani,Non_Veg_Mains,2,0,25,0,2.28,31.18,0,0,0.12,None,0,0.05,0.0,0,70,100,101
2026-10-08,Chicken Dum Biryani,Non_Veg_Mains,3,0,24,0,5.24,20.99,0,1,0.12,None,1,0.2,0.0,0,70,100,0
2026-10-09,Chicken Dum Biryani,Non_Veg_Mains,4,0,23,0,0.56,23.83,0,0,0.09,None,0,0.05,0.0,0,70,100,0
2026-10-10,Chicken Dum Biryani,Non_Veg_Mains,5,0,22,0,0.21,24.96,0,1,0.11,Navratri,1,0.45,0.05,0,70,100,0
2026-10-11,Chicken Dum Biryani,Non_Veg_Mains,6,0,21,0,7.83,21.67,0,0,0.05,Navratri,0,0.45,0.05,0,70,100,66
2026-10-12,Chicken Dum Biryani,Non_Veg_Mains,0,0,20,0,3.51,23.4,0,0,0.03,Navratri,0,0.45,0.05,0,70,100,0
2026-10-13,Chicken Dum Biryani,Non_Veg_Mains,1,0,19,0,0.29,24.3,0,0,0.05,Navratri,1,0.45,0.05,0,70,100,0
2026-10-14,Chicken Dum Biryani,Non_Veg_Mains,2,0,18,0,15.05,28.53,0,1,0.11,Navratri,0,0.45,0.05,0,70,100,77
2026-10-15,Chicken Dum Biryani,Non_Veg_Mains,3,0,17,0,2.38,29.15,0,0,0.05,Navratri,1,0.45,0.05,0,70,100,0
2026-10-16,Chicken Dum Biryani,Non_Veg_Mains,4,0,16,0,0.52,18.73,0,1,0.08,Navratri,0,0.45,0.05,0,70,100,0
2026-10-17,Chicken Dum Biryani,Non_Veg_Mains,5,0,15,0,2.28,24.04,0,0,0.06,Navratri,1,0.45,0.05,0,70,100,0
2026-10-18,Chicken Dum Biryani,Non_Veg_Mains,6,0,14,0,3.19,24.49,0,0,0.09,Navratri,0,0.45,0.05,0,70,100,66
2026-10-19,Chicken Dum Biryani,Non_Veg_Mains,0,1,13,1,9.64,28.01,0,1,0.18,Navratri,0,0.45,0.05,1,70,100,0
2026-10-20,Chicken Dum Biryani,Non_Veg_Mains,1,0,12,0,1.53,29.42,0,1,0.08,None,1,0.25,0.0,0,70,100,0
2026-10-21,Chicken Dum Biryani,Non_Veg_Mains,2,0,11,0,4.24,17.15,0,0,0.13,None,0,0.05,0.0,0,70,100,112
2026-10-22,Chicken Dum Biryani,Non_Veg_Mains,3,0,10,0,5.58,20.04,0,0,0.11,None,1,0.2,0.0,0,70,100,0
2026-10-23,Chicken Dum Biryani,Non_Veg_Mains,4,0,9,0,3.15,28.22,0,0,0.13,None,0,0.05,0.0,0,70,100,0
2026-10-24,Chicken Dum Biryani,Non_Veg_Mains,5,0,8,0,2.59,25.34,0,0,0.14,None,1,0.3,0.0,0,70,100,0
2026-10-25,Chicken Dum Biryani,Non_Veg_Mains,6,1,7,0,1.55,23.93,0,1,0.04,None,0,0.02,0.0,1,70,100,14
2026-10-26,Chicken Dum Biryani,Non_Veg_Mains,0,0,6,0,0.23,25.58,0,0,0.1,None,0,0.15,0.0,0,70,100,0
2026-10-27,Chicken Dum Biryani,Non_Veg_Mains,1,0,5,0,2.88,23.41,0,0,0.04,None,1,0.25,0.0,0,70,100,0
2026-10-28,Chicken Dum Biryani,Non_Veg_Mains,2,0,4,0,11.65,22.43,0,1,0.12,None,0,0.05,0.0,0,70,100,133
2026-10-29,Chicken Dum Biryani,Non_Veg_Mains,3,0,3,0,0.93,24.79,0,1,0.12,None,1,0.2,0.0,0,70,100,0
2026-10-30,Chicken Dum Biryani,Non_Veg_Mains,4,1,2,1,1.19,20.64,0,1,0.19,None,0,0.05,0.0,1,70,100,0
2026-10-31,Chicken Dum Biryani,Non_Veg_Mains,5,0,1,0,0.36,29.89,0,0,0.03,None,1,0.3,0.0,0,70,100,0
2026-11-01,Chicken Dum Biryani,Non_Veg_Mains,6,0,0,0,1.93,24.2,0,0,0.04,None,0,0.02,0.0,0,70,100,125
2026-11-02,Chicken Dum Biryani,Non_Veg_Mains,0,0,29,0,2.72,24.26,0,0,0.07,None,0,0.15,0.0,0,70,100,0
2026-11-03,Chicken Dum Biryani,Non_Veg_Mains,1,0,28,0,5.92,26.34,0,0,0.07,None,1,0.25,0.0,0,70,100,0
2026-11-04,Chicken Dum Biryani,Non_Veg_Mains,2,0,27,0,0.98,34.84,0,1,0.09,None,0,0.05,0.0,0,70,100,139
2026-11-05,Chicken Dum Biryani,Non_Veg_Mains,3,0,26,0,2.7,34.67,0,0,0.14,None,1,0.2,0.0,0,70,100,0
2026-11-06,Chicken Dum Biryani,Non_Veg_Mains,4,0,25,0,1.04,20.33,0,0,0.04,None,0,0.05,0.0,0,70,100,0
2026-11-07,Chicken Dum Biryani,Non_Veg_Mains,5,0,24,0,14.34,19.62,0,1,0.1,None,1,0.3,0.0,0,70,100,0
2026-11-08,Chicken Dum Biryani,Non_Veg_Mains,6,0,23,0,0.65,24.11,0,0,0.12,None,0,0.02,0.0,0,70,100,118
2026-11-09,Chicken Dum Biryani,Non_Veg_Mains,0,1,22,1,0.35,19.15,0,0,0.22,None,0,0.15,0.0,1,70,100,0
2026-11-10,Chicken Dum Biryani,Non_Veg_Mains,1,0,21,0,4.49,25.31,0,0,0.12,None,1,0.25,0.0,0,70,100,0
2026-11-11,Chicken Dum Biryani,Non_Veg_Mains,2,0,20,0,12.01,30.81,0,0,0.12,None,0,0.05,0.0,0,70,100,102
2026-11-12,Chicken Dum Biryani,Non_Veg_Mains,3,0,19,0,7.73,20.99,0,0,0.12,None,1,0.2,0.0,0,70,100,0
2026-11-13,Chicken Dum Biryani,Non_Veg_Mains,4,1,18,1,0.72,15.26,0,0,0.19,None,0,0.05,0.0,1,70,100,0
2026-11-14,Chicken Dum Biryani,Non_Veg_Mains,5,0,17,0,1.67,25.65,0,0,0.05,None,1,0.3,0.0,0,70,100,0
2026-11-15,Chicken Dum Biryani,Non_Veg_Mains,6,0,16,0,8.66,17.98,0,0,0.14,None,0,0.02,0.0,0,70,100,120
2026-11-16,Chicken Dum Biryani,Non_Veg_Mains,0,0,15,0,1.3,29.53,0,0,0.07,None,0,0.15,0.0,0,70,100,0
2026-11-17,Chicken Dum Biryani,Non_Veg_Mains,1,0,14,0,4.59,26.82,0,1,0.13,None,1,0.25,0.0,0,70,100,0
2026-11-18,Chicken Dum Biryani,Non_Veg_Mains,2,0,13,0,3.23,25.01,0,0,0.06,None,0,0.05,0.0,0,70,100,121
2026-11-19,Chicken Dum Biryani,Non_Veg_Mains,3,0,12,0,0.87,20.63,0,0,0.09,None,1,0.2,0.0,0,70,100,0
2026-11-20,Chicken Dum Biryani,Non_Veg_Mains,4,0,11,0,4.47,29.72,0,0,0.1,None,0,0.05,0.0,0,70,100,0
2026-11-21,Chicken Dum Biryani,Non_Veg_Mains,5,0,10,0,0.15,21.45,0,0,0.07,None,1,0.3,0.0,0,70,100,0
2026-11-22,Chicken Dum Biryani,Non_Veg_Mains,6,0,9,0,2.08,27.54,0,0,0.08,None,0,0.02,0.0,0,70,100,125
2026-11-23,Chicken Dum Biryani,Non_Veg_Mains,0,0,8,0,3.27,20.47,0,1,0.13,None,0,0.15,0.0,0,70,100,0
2026-11-24,Chicken Dum Biryani,Non_Veg_Mains,1,0,7,0,1.59,21.65,0,0,0.15,None,1,0.25,0.0,0,70,100,0
2026-11-25,Chicken Dum Biryani,Non_Veg_Mains,2,0,6,0,11.44,20.41,0,0,0.11,None,0,0.05,0.0,0,70,100,116
2026-11-26,Chicken Dum Biryani,Non_Veg_Mains,3,0,5,0,12.8,18.64,0,1,0.08,None,1,0.2,0.0,0,70,100,0
2026-11-27,Chicken Dum Biryani,Non_Veg_Mains,4,0,4,0,7.33,22.96,0,0,0.04,None,0,0.05,0.0,0,70,100,0
2026-11-28,Chicken Dum Biryani,Non_Veg_Mains,5,0,3,0,0.05,22.71,0,0,0.05,None,1,0.3,0.0,0,70,100,0
2026-11-29,Chicken Dum Biryani,Non_Veg_Mains,6,0,2,0,13.85,22.11,0,0,0.05,None,0,0.02,0.0,0,70,100,129
2026-11-30,Chicken Dum Biryani,Non_Veg_Mains,0,0,1,0,1.04,29.89,0,0,0.05,None,0,0.15,0.0,0,70,100,0
2026-12-01,Chicken Dum Biryani,Non_Veg_Mains,1,0,1,0,4.03,23.07,0,0,0.05,None,1,0.25,0.0,0,70,100,0
2026-12-02,Chicken Dum Biryani,Non_Veg_Mains,2,0,0,0,0.23,20.6,0,1,0.11,None,0,0.05,0.0,0,70,100,127
2026-12-03,Chicken Dum Biryani,Non_Veg_Mains,3,1,29,0,3.28,31.0,0,1,0.05,None,1,0.2,0.0,1,70,100,0
2026-12-04,Chicken Dum Biryani,Non_Veg_Mains,4,0,28,0,1.89,24.85,0,0,0.03,None,0,0.05,0.0,0,70,100,0
2026-12-05,Chicken Dum Biryani,Non_Veg_Mains,5,0,27,0,0.04,24.82,0,0,0.1,None,1,0.3,0.0,0,70,100,0
2026-12-06,Chicken Dum Biryani,Non_Veg_Mains,6,0,26,0,3.25,23.2,0,0,0.05,None,0,0.02,0.0,0,70,100,125
2026-12-07,Chicken Dum Biryani,Non_Veg_Mains,0,0,25,0,3.09,21.62,0,1,0.08,None,0,0.15,0.0,0,70,100,0
2026-12-08,Chicken Dum Biryani,Non_Veg_Mains,1,0,24,0,6.39,26.33,0,0,0.12,None,1,0.25,0.0,0,70,100,0
2026-12-09,Chicken Dum Biryani,Non_Veg_Mains,2,0,23,0,3.87,25.48,0,0,0.15,None,0,0.05,0.0,0,70,100,102
2026-12-10,Chicken Dum Biryani,Non_Veg_Mains,3,0,22,0,0.11,16.03,0,0,0.12,None,1,0.2,0.0,0,70,100,0
2026-12-11,Chicken Dum Biryani,Non_Veg_Mains,4,0,21,0,0.7,27.35,0,0,0.14,None,0,0.05,0.0,0,70,100,0
2026-12-12,Chicken Dum Biryani,Non_Veg_Mains,5,0,20,0,0.23,31.99,0,0,0.06,None,1,0.3,0.0,0,70,100,0
2026-12-13,Chicken Dum Biryani,Non_Veg_Mains,6,0,19,0,2.78,23.73,0,0,0.05,None,0,0.02,0.0,0,70,100,125
2026-12-14,Chicken Dum Biryani,Non_Veg_Mains,0,0,18,0,0.51,30.51,0,1,0.14,None,0,0.15,0.0,0,70,100,0
2026-12-15,Chicken Dum Biryani,Non_Veg_Mains,1,0,17,0,2.57,24.71,0,0,0.03,None,1,0.25,0.0,0,70,100,0
2026-12-16,Chicken Dum Biryani,Non_Veg_Mains,2,0,16,0,1.59,21.4,0,0,0.07,None,0,0.05,0.0,0,70,100,121
2026-12-17,Chicken Dum Biryani,Non_Veg_Mains,3,0,15,0,1.51,21.06,0,0,0.06,None,1,0.2,0.0,0,70,100,0
2026-12-18,Chicken Dum Biryani,Non_Veg_Mains,4,0,14,0,2.32,22.33,0,0,0.11,None,0,0.05,0.0,0,70,100,0
2026-12-19,Chicken Dum Biryani,Non_Veg_Mains,5,0,13,0,1.16,23.17,0,0,0.03,None,1,0.3,0.0,0,70,100,0
2026-12-20,Chicken Dum Biryani,Non_Veg_Mains,6,0,12,0,4.1,29.06,0,0,0.11,None,0,0.02,0.0,0,70,100,116
2026-12-21,Chicken Dum Biryani,Non_Veg_Mains,0,0,11,0,3.44,27.62,0,0,0.1,None,0,0.15,0.0,0,70,100,0
2026-12-22,Chicken Dum Biryani,Non_Veg_Mains,1,0,10,0,8.24,26.39,0,0,0.08,None,1,0.25,0.0,0,70,100,0
2026-12-23,Chicken Dum Biryani,Non_Veg_Mains,2,0,9,0,0.6,24.18,0,0,0.04,None,0,0.05,0.0,0,70,100,122
2026-12-24,Chicken Dum Biryani,Non_Veg_Mains,3,0,8,0,0.23,28.47,0,0,0.09,None,1,0.2,0.0,0,70,100,0
2026-12-25,Chicken Dum Biryani,Non_Veg_Mains,4,0,7,0,0.74,29.94,0,0,0.1,None,0,0.05,0.0,0,70,100,0
2026-12-26,Chicken Dum Biryani,Non_Veg_Mains,5,0,6,0,7.7,28.2,0,0,0.08,None,1,0.3,0.0,0,70,100,0
2026-12-27,Chicken Dum Biryani,Non_Veg_Mains,6,0,5,0,0.09,24.18,0,0,0.11,None,0,0.02,0.0,0,70,100,119
2026-12-28,Chicken Dum Biryani,Non_Veg_Mains,0,0,4,0,0.49,20.07,0,0,0.12,None,0,0.15,0.0,0,70,100,0
2026-12-29,Chicken Dum Biryani,Non_Veg_Mains,1,0,3,0,3.79,20.31,0,0,0.08,None,1,0.25,0.0,0,70,100,0
2026-12-30,Chicken Dum Biryani,Non_Veg_Mains,2,0,2,0,3.42,25.31,0,1,0.04,None,0,0.05,0.0,0,70,100,136
2024-01-01,Chole Soya Chunks Curry,Veg_Mains,0,0,1,0,9.03,27.59,0,0,0.04,None,0,0.15,0.0,0,20,30,0
2024-01-02,Chole Soya Chunks Curry,Veg_Mains,1,0,0,0,0.61,25.97,0,0,0.06,None,1,0.25,0.0,0,20,30,199
2024-01-03,Chole Soya Chunks Curry,Veg_Mains,2,0,29,0,4.61,19.35,0,0,0.09,None,0,0.05,0.0,0,20,30,0
2024-01-04,Chole Soya Chunks Curry,Veg_Mains,3,0,28,0,1.74,23.83,0,0,0.08,None,1,0.2,0.0,0,20,30,185
2024-01-05,Chole Soya Chunks Curry,Veg_Mains,4,0,27,0,0.61,27.95,0,0,0.05,None,0,0.05,0.0,0,20,30,0
2024-01-06,Chole Soya Chunks Curry,Veg_Mains,5,0,26,0,1.32,22.12,0,0,0.09,None,1,0.3,0.0,0,20,30,190
2024-01-07,Chole Soya Chunks Curry,Veg_Mains,6,0,25,0,0.23,28.73,0,0,0.04,None,0,0.02,0.0,0,20,30,0
2024-01-08,Chole Soya Chunks Curry,Veg_Mains,0,0,24,0,3.04,20.22,0,1,0.08,None,0,0.15,0.0,0,20,30,0
2024-01-09,Chole Soya Chunks Curry,Veg_Mains,1,0,23,0,1.67,31.26,0,0,0.03,None,1,0.25,0.0,0,20,30,202
2024-01-10,Chole Soya Chunks Curry,Veg_Mains,2,0,22,0,0.86,30.91,0,0,0.03,None,0,0.05,0.0,0,20,30,0
2024-01-11,Chole Soya Chunks Curry,Veg_Mains,3,0,21,0,0.62,25.39,0,1,0.14,None,1,0.2,0.0,0,20,30,203
2024-01-12,Chole Soya Chunks Curry,Veg_Mains,4,0,20,0,5.91,19.15,0,0,0.09,None,0,0.05,0.0,0,20,30,0
2024-01-13,Chole Soya Chunks Curry,Veg_Mains,5,0,19,0,1.17,32.54,0,0,0.15,None,1,0.3,0.0,0,20,30,184
2024-01-14,Chole Soya Chunks Curry,Veg_Mains,6,0,18,0,0.98,24.23,0,0,0.08,None,0,0.02,0.0,0,20,30,0
2024-01-15,Chole Soya Chunks Curry,Veg_Mains,0,0,17,0,3.0,27.35,0,0,0.13,None,0,0.15,0.0,0,20,30,0
2024-01-16,Chole Soya Chunks Curry,Veg_Mains,1,0,16,0,0.05,18.8,0,0,0.04,None,1,0.25,0.0,0,20,30,214
2024-01-17,Chole Soya Chunks Curry,Veg_Mains,2,0,15,0,6.3,23.71,0,0,0.11,None,0,0.05,0.0,0,20,30,0
2024-01-18,Chole Soya Chunks Curry,Veg_Mains,3,0,14,0,1.29,28.13,0,0,0.14,None,1,0.2,0.0,0,20,30,166
2024-01-19,Chole Soya Chunks Curry,Veg_Mains,4,0,13,0,6.86,26.17,0,0,0.04,None,0,0.05,0.0,0,20,30,0
2024-01-20,Chole Soya Chunks Curry,Veg_Mains,5,0,12,0,0.81,27.63,0,0,0.12,None,1,0.3,0.0,0,20,30,199
2024-01-21,Chole Soya Chunks Curry,Veg_Mains,6,0,11,0,0.84,21.99,0,1,0.07,None,0,0.02,0.0,0,20,30,0
2024-01-22,Chole Soya Chunks Curry,Veg_Mains,0,0,10,0,3.85,35.88,0,0,0.02,None,0,0.15,0.0,0,20,30,0
2024-01-23,Chole Soya Chunks Curry,Veg_Mains,1,1,9,0,5.75,24.71,0,0,0.07,None,1,0.25,0.0,1,20,30,19
2024-01-24,Chole Soya Chunks Curry,Veg_Mains,2,0,8,0,3.57,21.46,0,0,0.15,None,0,0.05,0.0,0,20,30,0
2024-01-25,Chole Soya Chunks Curry,Veg_Mains,3,0,7,0,3.64,19.49,0,1,0.13,None,1,0.2,0.0,0,20,30,250
2024-01-26,Chole Soya Chunks Curry,Veg_Mains,4,0,6,0,4.77,29.54,0,1,0.06,None,0,0.05,0.0,0,20,30,0
2024-01-27,Chole Soya Chunks Curry,Veg_Mains,5,0,5,0,2.35,27.75,0,0,0.02,None,1,0.3,0.0,0,20,30,222
2024-01-28,Chole Soya Chunks Curry,Veg_Mains,6,0,4,0,0.73,22.08,0,0,0.09,None,0,0.02,0.0,0,20,30,0
2024-01-29,Chole Soya Chunks Curry,Veg_Mains,0,0,3,0,0.95,21.83,0,0,0.15,None,0,0.15,0.0,0,20,30,0
2024-01-30,Chole Soya Chunks Curry,Veg_Mains,1,0,2,0,0.86,32.06,0,0,0.06,None,1,0.25,0.0,0,20,30,206
2024-01-31,Chole Soya Chunks Curry,Veg_Mains,2,0,1,0,4.25,23.06,0,0,0.04,None,0,0.05,0.0,0,20,30,0
2024-02-01,Chole Soya Chunks Curry,Veg_Mains,3,0,29,0,1.71,20.9,0,0,0.1,None,1,0.2,0.0,0,20,30,192
2024-02-02,Chole Soya Chunks Curry,Veg_Mains,4,0,28,0,5.82,21.07,0,0,0.1,None,0,0.05,0.0,0,20,30,0
2024-02-03,Chole Soya Chunks Curry,Veg_Mains,5,0,27,0,3.09,27.65,0,0,0.09,None,1,0.3,0.0,0,20,30,199
2024-02-04,Chole Soya Chunks Curry,Veg_Mains,6,0,26,0,0.07,23.03,0,1,0.06,None,0,0.02,0.0,0,20,30,0
2024-02-05,Chole Soya Chunks Curry,Veg_Mains,0,0,25,0,0.59,27.52,0,0,0.12,None,0,0.15,0.0,0,20,30,0
2024-02-06,Chole Soya Chunks Curry,Veg_Mains,1,0,24,0,1.68,24.19,0,0,0.12,None,1,0.25,0.0,0,20,30,189
2024-02-07,Chole Soya Chunks Curry,Veg_Mains,2,0,23,0,0.03,26.3,0,1,0.09,None,0,0.05,0.0,0,20,30,0
2024-02-08,Chole Soya Chunks Curry,Veg_Mains,3,0,22,0,4.19,27.5,0,0,0.08,None,1,0.2,0.0,0,20,30,176
2024-02-09,Chole Soya Chunks Curry,Veg_Mains,4,0,21,0,0.37,24.41,0,0,0.12,None,0,0.05,0.0,0,20,30,0
2024-02-10,Chole Soya Chunks Curry,Veg_Mains,5,0,20,0,5.18,23.12,0,0,0.15,None,1,0.3,0.0,0,20,30,171
2024-02-11,Chole Soya Chunks Curry,Veg_Mains,6,0,19,0,2.45,28.43,0,0,0.08,None,0,0.02,0.0,0,20,30,0
2024-02-12,Chole Soya Chunks Curry,Veg_Mains,0,0,18,0,2.63,24.56,0,0,0.13,None,0,0.15,0.0,0,20,30,0
2024-02-13,Chole Soya Chunks Curry,Veg_Mains,1,1,17,0,2.22,30.8,0,0,0.1,None,1,0.25,0.0,1,20,30,18
2024-02-14,Chole Soya Chunks Curry,Veg_Mains,2,0,16,0,0.63,21.77,0,0,0.07,None,0,0.05,0.0,0,20,30,0
2024-02-15,Chole Soya Chunks Curry,Veg_Mains,3,0,15,0,0.53,22.69,0,1,0.13,None,1,0.2,0.0,0,20,30,221
2024-02-16,Chole Soya Chunks Curry,Veg_Mains,4,1,14,1,0.49,18.15,0,1,0.28,None,0,0.05,0.0,1,20,30,0
2024-02-17,Chole Soya Chunks Curry,Veg_Mains,5,0,13,0,6.0,22.6,0,1,0.15,None,1,0.3,0.0,0,20,30,216
2024-02-18,Chole Soya Chunks Curry,Veg_Mains,6,1,12,0,2.8,24.43,0,0,0.11,None,0,0.02,0.0,1,20,30,0
2024-02-19,Chole Soya Chunks Curry,Veg_Mains,0,0,11,0,5.74,25.46,0,0,0.09,None,0,0.15,0.0,0,20,30,0
2024-02-20,Chole Soya Chunks Curry,Veg_Mains,1,0,10,0,0.04,27.74,0,0,0.1,None,1,0.25,0.0,0,20,30,185
2024-02-21,Chole Soya Chunks Curry,Veg_Mains,2,0,9,0,4.59,31.51,0,1,0.14,None,0,0.05,0.0,0,20,30,0
2024-02-22,Chole Soya Chunks Curry,Veg_Mains,3,0,8,0,1.2,19.78,0,0,0.04,None,1,0.2,0.0,0,20,30,183
2024-02-23,Chole Soya Chunks Curry,Veg_Mains,4,0,7,0,1.93,20.76,0,0,0.04,None,0,0.05,0.0,0,20,30,0
2024-02-24,Chole Soya Chunks Curry,Veg_Mains,5,0,6,0,1.36,32.86,0,0,0.12,None,1,0.3,0.0,0,20,30,191
2024-02-25,Chole Soya Chunks Curry,Veg_Mains,6,0,5,0,4.14,22.88,0,0,0.08,None,0,0.02,0.0,0,20,30,0
2024-02-26,Chole Soya Chunks Curry,Veg_Mains,0,0,4,0,0.87,27.31,0,0,0.09,None,0,0.15,0.0,0,20,30,0
2024-02-27,Chole Soya Chunks Curry,Veg_Mains,1,0,3,0,1.42,22.41,0,0,0.14,None,1,0.25,0.0,0,20,30,187
2024-02-28,Chole Soya Chunks Curry,Veg_Mains,2,0,2,0,2.31,30.92,0,0,0.12,None,0,0.05,0.0,0,20,30,0
2024-02-29,Chole Soya Chunks Curry,Veg_Mains,3,0,1,0,12.92,32.64,0,0,0.05,None,1,0.2,0.0,0,20,30,184
2024-03-01,Chole Soya Chunks Curry,Veg_Mains,4,0,1,0,6.81,25.19,0,0,0.15,None,0,0.05,0.0,0,20,30,0
2024-03-02,Chole Soya Chunks Curry,Veg_Mains,5,0,0,0,3.31,28.02,0,1,0.09,None,1,0.3,0.0,0,20,30,228
2024-03-03,Chole Soya Chunks Curry,Veg_Mains,6,0,29,0,0.83,17.78,0,0,0.1,None,0,0.02,0.0,0,20,30,0
2024-03-04,Chole Soya Chunks Curry,Veg_Mains,0,0,28,0,0.43,25.19,0,0,0.15,None,0,0.15,0.0,0,20,30,0
2024-03-05,Chole Soya Chunks Curry,Veg_Mains,1,0,27,0,1.59,30.77,0,0,0.14,None,1,0.25,0.0,0,20,30,179
2024-03-06,Chole Soya Chunks Curry,Veg_Mains,2,0,26,0,5.53,26.35,0,0,0.04,None,0,0.05,0.0,0,20,30,0
2024-03-07,Chole Soya Chunks Curry,Veg_Mains,3,0,25,0,6.29,29.8,0,0,0.07,None,1,0.2,0.0,0,20,30,182
2024-03-08,Chole Soya Chunks Curry,Veg_Mains,4,0,24,0,6.9,31.71,0,0,0.09,None,0,0.05,0.0,0,20,30,0
2024-03-09,Chole Soya Chunks Curry,Veg_Mains,5,0,23,0,4.74,27.53,0,1,0.12,None,1,0.3,0.0,0,20,30,218
2024-03-10,Chole Soya Chunks Curry,Veg_Mains,6,0,22,0,2.53,26.92,0,0,0.13,Ramadan,0,0.02,0.15,0,20,30,0
2024-03-11,Chole Soya Chunks Curry,Veg_Mains,0,0,21,0,3.84,28.48,0,0,0.09,Ramadan,0,0.15,0.15,0,20,30,0
2024-03-12,Chole Soya Chunks Curry,Veg_Mains,1,0,20,0,8.83,26.12,0,0,0.1,Ramadan,1,0.25,0.15,0,20,30,165
2024-03-13,Chole Soya Chunks Curry,Veg_Mains,2,0,19,0,0.5,25.9,0,0,0.1,Ramadan,0,0.05,0.15,0,20,30,0
2024-03-14,Chole Soya Chunks Curry,Veg_Mains,3,0,18,0,1.53,29.38,0,0,0.06,Ramadan,1,0.2,0.15,0,20,30,165
2024-03-15,Chole Soya Chunks Curry,Veg_Mains,4,0,17,0,1.28,23.66,0,0,0.08,Ramadan,0,0.05,0.15,0,20,30,0
2024-03-16,Chole Soya Chunks Curry,Veg_Mains,5,0,16,0,1.35,24.78,0,0,0.1,Ramadan,1,0.3,0.15,0,20,30,186
2024-03-17,Chole Soya Chunks Curry,Veg_Mains,6,0,15,0,6.85,24.9,0,0,0.04,Ramadan,0,0.02,0.15,0,20,30,0
2024-03-18,Chole Soya Chunks Curry,Veg_Mains,0,0,14,0,1.74,31.02,0,0,0.09,Ramadan,0,0.15,0.15,0,20,30,0
2024-03-19,Chole Soya Chunks Curry,Veg_Mains,1,0,13,0,0.51,32.01,0,0,0.11,Ramadan,1,0.25,0.15,0,20,30,154
2024-03-20,Chole Soya Chunks Curry,Veg_Mains,2,0,12,0,0.82,24.04,0,0,0.13,Ramadan,0,0.05,0.15,0,20,30,0
2024-03-21,Chole Soya Chunks Curry,Veg_Mains,3,0,11,0,6.8,26.3,0,0,0.14,Ramadan,1,0.2,0.15,0,20,30,154
2024-03-22,Chole Soya Chunks Curry,Veg_Mains,4,0,10,0,0.94,19.37,0,0,0.07,Ramadan,0,0.05,0.15,0,20,30,0
2024-03-23,Chole Soya Chunks Curry,Veg_Mains,5,0,9,0,0.45,24.85,0,1,0.12,Ramadan,1,0.3,0.15,0,20,30,193
2024-03-24,Chole Soya Chunks Curry,Veg_Mains,6,0,8,0,0.89,25.68,0,1,0.09,Ramadan,0,0.02,0.15,0,20,30,0
2024-03-25,Chole Soya Chunks Curry,Veg_Mains,0,0,7,0,2.42,29.12,0,0,0.02,Ramadan,0,0.15,0.15,0,20,30,0
2024-03-26,Chole Soya Chunks Curry,Veg_Mains,1,0,6,0,7.37,17.64,0,0,0.03,Ramadan,1,0.25,0.15,0,20,30,166
2024-03-27,Chole Soya Chunks Curry,Veg_Mains,2,0,5,0,1.48,21.98,0,0,0.07,Ramadan,0,0.05,0.15,0,20,30,0
2024-03-28,Chole Soya Chunks Curry,Veg_Mains,3,0,4,0,0.73,25.74,0,0,0.05,Ramadan,1,0.2,0.15,0,20,30,181
2024-03-29,Chole Soya Chunks Curry,Veg_Mains,4,0,3,0,4.42,24.86,0,0,0.08,Ramadan,0,0.05,0.15,0,20,30,0
2024-03-30,Chole Soya Chunks Curry,Veg_Mains,5,0,2,0,2.68,28.89,0,0,0.03,Ramadan,1,0.3,0.15,0,20,30,179
2024-03-31,Chole Soya Chunks Curry,Veg_Mains,6,0,1,0,3.23,27.44,0,0,0.13,Ramadan,0,0.02,0.15,0,20,30,0
2024-04-01,Chole Soya Chunks Curry,Veg_Mains,0,0,0,0,0.0,37.45,0,0,0.14,Ramadan,0,0.15,0.15,0,20,30,0
2024-04-02,Chole Soya Chunks Curry,Veg_Mains,1,0,29,0,0.01,41.0,0,0,0.11,Ramadan,1,0.25,0.15,0,20,30,168
2024-04-03,Chole Soya Chunks Curry,Veg_Mains,2,0,28,0,0.83,37.3,0,0,0.13,Ramadan,0,0.05,0.15,0,20,30,0
2024-04-04,Chole Soya Chunks Curry,Veg_Mains,3,0,27,0,0.46,39.11,0,0,0.12,Ramadan,1,0.2,0.15,0,20,30,148
2024-04-05,Chole Soya Chunks Curry,Veg_Mains,4,0,26,0,0.0,38.16,0,0,0.07,Ramadan,0,0.05,0.15,0,20,30,0
2024-04-06,Chole Soya Chunks Curry,Veg_Mains,5,0,25,0,5.13,37.75,0,1,0.05,Ramadan,1,0.3,0.15,0,20,30,215
2024-04-07,Chole Soya Chunks Curry,Veg_Mains,6,0,24,0,0.06,41.11,0,0,0.03,Ramadan,0,0.02,0.15,0,20,30,0
2024-04-08,Chole Soya Chunks Curry,Veg_Mains,0,0,23,0,2.0,40.41,0,0,0.1,Ramadan,0,0.15,0.15,0,20,30,0
2024-04-09,Chole Soya Chunks Curry,Veg_Mains,1,0,22,0,0.33,41.77,0,0,0.03,Ramadan,1,0.25,0.15,0,20,30,162
2024-04-10,Chole Soya Chunks Curry,Veg_Mains,2,0,21,0,2.1,38.26,0,0,0.09,None,0,0.05,0.0,0,20,30,0
2024-04-11,Chole Soya Chunks Curry,Veg_Mains,3,0,20,0,1.05,41.01,0,0,0.04,None,1,0.2,0.0,0,20,30,185
2024-04-12,Chole Soya Chunks Curry,Veg_Mains,4,0,19,0,2.19,40.38,0,0,0.05,None,0,0.05,0.0,0,20,30,0
2024-04-13,Chole Soya Chunks Curry,Veg_Mains,5,0,18,0,0.59,40.44,0,0,0.1,None,1,0.3,0.0,0,20,30,192
2024-04-14,Chole Soya Chunks Curry,Veg_Mains,6,0,17,0,0.24,40.35,0,0,0.13,None,0,0.02,0.0,0,20,30,0
2024-04-15,Chole Soya Chunks Curry,Veg_Mains,0,0,16,0,1.79,43.76,0,0,0.03,None,0,0.15,0.0,0,20,30,0
2024-04-16,Chole Soya Chunks Curry,Veg_Mains,1,0,15,0,0.32,41.27,0,1,0.07,None,1,0.25,0.0,0,20,30,217
2024-04-17,Chole Soya Chunks Curry,Veg_Mains,2,0,14,0,0.45,40.54,0,0,0.12,None,0,0.05,0.0,0,20,30,0
2024-04-18,Chole Soya Chunks Curry,Veg_Mains,3,0,13,0,4.04,39.82,0,0,0.04,None,1,0.2,0.0,0,20,30,210
2024-04-19,Chole Soya Chunks Curry,Veg_Mains,4,0,12,0,0.7,37.14,0,0,0.06,None,0,0.05,0.0,0,20,30,0
2024-04-20,Chole Soya Chunks Curry,Veg_Mains,5,0,11,0,0.75,41.57,0,0,0.03,None,1,0.3,0.0,0,20,30,210
2024-04-21,Chole Soya Chunks Curry,Veg_Mains,6,0,10,0,1.15,38.25,0,0,0.02,None,0,0.02,0.0,0,20,30,0
2024-04-22,Chole Soya Chunks Curry,Veg_Mains,0,0,9,0,1.84,42.8,0,0,0.14,None,0,0.15,0.0,0,20,30,0
2024-04-23,Chole Soya Chunks Curry,Veg_Mains,1,0,8,0,1.85,40.23,0,1,0.08,None,1,0.25,0.0,0,20,30,255
2024-04-24,Chole Soya Chunks Curry,Veg_Mains,2,0,7,0,0.12,40.41,0,1,0.05,None,0,0.05,0.0,0,20,30,0
2024-04-25,Chole Soya Chunks Curry,Veg_Mains,3,0,6,0,0.92,40.87,0,0,0.03,None,1,0.2,0.0,0,20,30,203
2024-04-26,Chole Soya Chunks Curry,Veg_Mains,4,0,5,0,0.24,40.45,0,0,0.11,None,0,0.05,0.0,0,20,30,0
2024-04-27,Chole Soya Chunks Curry,Veg_Mains,5,0,4,0,0.73,41.77,0,0,0.1,None,1,0.3,0.0,0,20,30,198
2024-04-28,Chole Soya Chunks Curry,Veg_Mains,6,0,3,0,0.12,39.42,0,0,0.09,None,0,0.02,0.0,0,20,30,0
2024-04-29,Chole Soya Chunks Curry,Veg_Mains,0,0,2,0,0.03,42.32,0,0,0.05,None,0,0.15,0.0,0,20,30,0
2024-04-30,Chole Soya Chunks Curry,Veg_Mains,1,0,1,0,0.06,37.22,0,0,0.12,None,1,0.25,0.0,0,20,30,187
2024-05-01,Chole Soya Chunks Curry,Veg_Mains,2,0,1,0,2.72,39.35,0,0,0.09,None,0,0.05,0.0,0,20,30,0
2024-05-02,Chole Soya Chunks Curry,Veg_Mains,3,0,0,0,0.0,41.83,0,0,0.09,None,1,0.2,0.0,0,20,30,181
2024-05-03,Chole Soya Chunks Curry,Veg_Mains,4,0,29,0,1.02,37.92,0,0,0.11,None,0,0.05,0.0,0,20,30,0
2024-05-04,Chole Soya Chunks Curry,Veg_Mains,5,0,28,0,5.12,44.81,0,1,0.09,None,1,0.3,0.0,0,20,30,249
2024-05-05,Chole Soya Chunks Curry,Veg_Mains,6,0,27,0,0.93,42.01,0,0,0.09,None,0,0.02,0.0,0,20,30,0
2024-05-06,Chole Soya Chunks Curry,Veg_Mains,0,0,26,0,1.91,39.4,0,1,0.04,None,0,0.15,0.0,0,20,30,0
2024-05-07,Chole Soya Chunks Curry,Veg_Mains,1,0,25,0,1.12,36.89,0,0,0.05,None,1,0.25,0.0,0,20,30,191
2024-05-08,Chole Soya Chunks Curry,Veg_Mains,2,0,24,0,0.29,43.07,0,0,0.08,None,0,0.05,0.0,0,20,30,0
2024-05-09,Chole Soya Chunks Curry,Veg_Mains,3,0,23,0,1.24,41.13,0,0,0.05,None,1,0.2,0.0,0,20,30,189
2024-05-10,Chole Soya Chunks Curry,Veg_Mains,4,0,22,0,0.47,38.02,0,1,0.09,None,0,0.05,0.0,0,20,30,0
2024-05-11,Chole Soya Chunks Curry,Veg_Mains,5,0,21,0,0.03,41.88,0,0,0.04,None,1,0.3,0.0,0,20,30,208
2024-05-12,Chole Soya Chunks Curry,Veg_Mains,6,0,20,0,0.0,39.85,0,1,0.1,None,0,0.02,0.0,0,20,30,0
2024-05-13,Chole Soya Chunks Curry,Veg_Mains,0,0,19,0,3.41,43.5,0,0,0.12,None,0,0.15,0.0,0,20,30,0
2024-05-14,Chole Soya Chunks Curry,Veg_Mains,1,0,18,0,0.71,38.44,0,0,0.13,None,1,0.25,0.0,0,20,30,181
2024-05-15,Chole Soya Chunks Curry,Veg_Mains,2,0,17,0,0.6,42.92,0,0,0.15,None,0,0.05,0.0,0,20,30,0
2024-05-16,Chole Soya Chunks Curry,Veg_Mains,3,0,16,0,1.1,41.14,0,0,0.03,None,1,0.2,0.0,0,20,30,184
2024-05-17,Chole Soya Chunks Curry,Veg_Mains,4,0,15,0,1.84,37.55,0,0,0.13,None,0,0.05,0.0,0,20,30,0
2024-05-18,Chole Soya Chunks Curry,Veg_Mains,5,0,14,0,0.63,38.59,0,0,0.14,None,1,0.3,0.0,0,20,30,176
2024-05-19,Chole Soya Chunks Curry,Veg_Mains,6,0,13,0,0.41,42.63,0,0,0.14,None,0,0.02,0.0,0,20,30,0
2024-05-20,Chole Soya Chunks Curry,Veg_Mains,0,0,12,0,0.54,40.38,0,0,0.13,None,0,0.15,0.0,0,20,30,0
2024-05-21,Chole Soya Chunks Curry,Veg_Mains,1,0,11,0,4.71,38.3,0,0,0.1,None,1,0.25,0.0,0,20,30,188
2024-05-22,Chole Soya Chunks Curry,Veg_Mains,2,0,10,0,0.09,40.0,0,0,0.13,None,0,0.05,0.0,0,20,30,0
2024-05-23,Chole Soya Chunks Curry,Veg_Mains,3,0,9,0,0.32,41.98,0,0,0.06,None,1,0.2,0.0,0,20,30,184
2024-05-24,Chole Soya Chunks Curry,Veg_Mains,4,0,8,0,4.11,42.78,0,0,0.09,None,0,0.05,0.0,0,20,30,0
2024-05-25,Chole Soya Chunks Curry,Veg_Mains,5,0,7,0,0.04,39.63,0,0,0.15,None,1,0.3,0.0,0,20,30,158
2024-05-26,Chole Soya Chunks Curry,Veg_Mains,6,0,6,0,0.81,38.41,0,0,0.03,None,0,0.02,0.0,0,20,30,0
2024-05-27,Chole Soya Chunks Curry,Veg_Mains,0,0,5,0,0.01,39.4,0,1,0.13,None,0,0.15,0.0,0,20,30,0
2024-05-28,Chole Soya Chunks Curry,Veg_Mains,1,0,4,0,0.4,39.58,0,0,0.07,None,1,0.25,0.0,0,20,30,187
2024-05-29,Chole Soya Chunks Curry,Veg_Mains,2,0,3,0,0.14,40.22,0,0,0.02,None,0,0.05,0.0,0,20,30,0
2024-05-30,Chole Soya Chunks Curry,Veg_Mains,3,0,2,0,0.02,39.11,0,0,0.08,None,1,0.2,0.0,0,20,30,168
2024-05-31,Chole Soya Chunks Curry,Veg_Mains,4,0,1,0,5.83,39.58,0,0,0.11,None,0,0.05,0.0,0,20,30,0
2024-06-01,Chole Soya Chunks Curry,Veg_Mains,5,0,0,0,28.2,30.9,0,0,0.03,None,1,0.3,0.0,0,20,30,243
2024-06-02,Chole Soya Chunks Curry,Veg_Mains,6,0,29,0,17.86,27.59,0,0,0.07,None,0,0.02,0.0,0,20,30,0
2024-06-03,Chole Soya Chunks Curry,Veg_Mains,0,0,28,0,37.14,32.16,0,0,0.03,None,0,0.15,0.0,0,20,30,0
2024-06-04,Chole Soya Chunks Curry,Veg_Mains,1,0,27,0,7.35,28.25,0,1,0.12,None,1,0.25,0.0,0,20,30,238
2024-06-05,Chole Soya Chunks Curry,Veg_Mains,2,0,26,0,25.56,31.67,0,0,0.07,None,0,0.05,0.0,0,20,30,0
2024-06-06,Chole Soya Chunks Curry,Veg_Mains,3,0,25,0,13.97,29.17,0,0,0.06,None,1,0.2,0.0,0,20,30,196
2024-06-07,Chole Soya Chunks Curry,Veg_Mains,4,0,24,0,23.84,32.2,0,0,0.04,None,0,0.05,0.0,0,20,30,0
2024-06-08,Chole Soya Chunks Curry,Veg_Mains,5,0,23,0,10.73,31.76,0,1,0.12,None,1,0.3,0.0,0,20,30,208
2024-06-09,Chole Soya Chunks Curry,Veg_Mains,6,0,22,0,26.08,28.13,0,0,0.02,None,0,0.02,0.0,0,20,30,0
2024-06-10,Chole Soya Chunks Curry,Veg_Mains,0,0,21,0,48.86,31.18,1,0,0.07,None,0,0.15,0.0,0,20,30,0
2024-06-11,Chole Soya Chunks Curry,Veg_Mains,1,0,20,0,8.16,27.55,0,0,0.14,None,1,0.25,0.0,0,20,30,193
2024-06-12,Chole Soya Chunks Curry,Veg_Mains,2,0,19,0,8.73,33.5,0,0,0.1,None,0,0.05,0.0,0,20,30,0
2024-06-13,Chole Soya Chunks Curry,Veg_Mains,3,0,18,0,59.96,33.63,1,1,0.06,None,1,0.2,0.0,0,20,30,275
2024-06-14,Chole Soya Chunks Curry,Veg_Mains,4,0,17,0,17.83,34.43,0,0,0.06,None,0,0.05,0.0,0,20,30,0
2024-06-15,Chole Soya Chunks Curry,Veg_Mains,5,0,16,0,6.63,35.56,0,0,0.04,None,1,0.3,0.0,0,20,30,221
2024-06-16,Chole Soya Chunks Curry,Veg_Mains,6,0,15,0,21.58,28.42,0,0,0.06,None,0,0.02,0.0,0,20,30,0
2024-06-17,Chole Soya Chunks Curry,Veg_Mains,0,0,14,0,5.67,21.38,0,0,0.11,None,0,0.15,0.0,0,20,30,0
2024-06-18,Chole Soya Chunks Curry,Veg_Mains,1,0,13,0,6.13,31.06,0,0,0.03,None,1,0.25,0.0,0,20,30,193
2024-06-19,Chole Soya Chunks Curry,Veg_Mains,2,0,12,0,13.97,29.09,0,0,0.03,None,0,0.05,0.0,0,20,30,0
2024-06-20,Chole Soya Chunks Curry,Veg_Mains,3,0,11,0,28.1,29.16,0,0,0.15,None,1,0.2,0.0,0,20,30,195
2024-06-21,Chole Soya Chunks Curry,Veg_Mains,4,0,10,0,29.17,26.24,0,0,0.08,None,0,0.05,0.0,0,20,30,0
2024-06-22,Chole Soya Chunks Curry,Veg_Mains,5,0,9,0,8.87,27.57,0,0,0.09,None,1,0.3,0.0,0,20,30,201
2024-06-23,Chole Soya Chunks Curry,Veg_Mains,6,0,8,0,8.09,28.65,0,0,0.1,None,0,0.02,0.0,0,20,30,0
2024-06-24,Chole Soya Chunks Curry,Veg_Mains,0,0,7,0,9.64,27.6,0,0,0.12,None,0,0.15,0.0,0,20,30,0
2024-06-25,Chole Soya Chunks Curry,Veg_Mains,1,0,6,0,16.26,29.82,0,1,0.09,None,1,0.25,0.0,0,20,30,227
2024-06-26,Chole Soya Chunks Curry,Veg_Mains,2,0,5,0,24.08,24.51,0,0,0.1,None,0,0.05,0.0,0,20,30,0
2024-06-27,Chole Soya Chunks Curry,Veg_Mains,3,0,4,0,23.74,27.46,0,0,0.13,None,1,0.2,0.0,0,20,30,194
2024-06-28,Chole Soya Chunks Curry,Veg_Mains,4,0,3,0,7.13,31.27,0,0,0.03,None,0,0.05,0.0,0,20,30,0
2024-06-29,Chole Soya Chunks Curry,Veg_Mains,5,0,2,0,6.37,31.28,0,0,0.04,None,1,0.3,0.0,0,20,30,226
2024-06-30,Chole Soya Chunks Curry,Veg_Mains,6,0,1,0,25.61,35.42,0,0,0.08,None,0,0.02,0.0,0,20,30,0
2024-07-01,Chole Soya Chunks Curry,Veg_Mains,0,0,1,0,6.81,28.49,0,1,0.03,None,0,0.15,0.0,0,20,30,0
2024-07-02,Chole Soya Chunks Curry,Veg_Mains,1,0,0,0,38.73,29.69,0,1,0.1,None,1,0.25,0.0,0,20,30,247
2024-07-03,Chole Soya Chunks Curry,Veg_Mains,2,0,29,0,5.98,28.79,0,1,0.06,None,0,0.05,0.0,0,20,30,0
2024-07-04,Chole Soya Chunks Curry,Veg_Mains,3,0,28,0,24.22,30.54,0,0,0.12,None,1,0.2,0.0,0,20,30,204
2024-07-05,Chole Soya Chunks Curry,Veg_Mains,4,0,27,0,15.01,27.08,0,1,0.09,None,0,0.05,0.0,0,20,30,0
2024-07-06,Chole Soya Chunks Curry,Veg_Mains,5,0,26,0,21.33,30.57,0,1,0.06,None,1,0.3,0.0,0,20,30,294
2024-07-07,Chole Soya Chunks Curry,Veg_Mains,6,0,25,0,12.16,27.27,0,0,0.02,None,0,0.02,0.0,0,20,30,0
2024-07-08,Chole Soya Chunks Curry,Veg_Mains,0,0,24,0,32.19,35.13,0,0,0.03,None,0,0.15,0.0,0,20,30,0
2024-07-09,Chole Soya Chunks Curry,Veg_Mains,1,0,23,0,17.14,30.8,0,1,0.13,None,1,0.25,0.0,0,20,30,245
2024-07-10,Chole Soya Chunks Curry,Veg_Mains,2,0,22,0,9.27,32.66,0,0,0.1,None,0,0.05,0.0,0,20,30,0
2024-07-11,Chole Soya Chunks Curry,Veg_Mains,3,0,21,0,13.69,27.47,0,0,0.14,None,1,0.2,0.0,0,20,30,190
2024-07-12,Chole Soya Chunks Curry,Veg_Mains,4,0,20,0,8.8,26.04,0,0,0.04,None,0,0.05,0.0,0,20,30,0
2024-07-13,Chole Soya Chunks Curry,Veg_Mains,5,0,19,0,17.75,25.63,0,0,0.05,None,1,0.3,0.0,0,20,30,211
2024-07-14,Chole Soya Chunks Curry,Veg_Mains,6,0,18,0,14.44,27.34,0,0,0.09,None,0,0.02,0.0,0,20,30,0
2024-07-15,Chole Soya Chunks Curry,Veg_Mains,0,0,17,0,2.54,25.25,0,0,0.1,None,0,0.15,0.0,0,20,30,0
2024-07-16,Chole Soya Chunks Curry,Veg_Mains,1,0,16,0,21.5,27.34,0,0,0.12,None,1,0.25,0.0,0,20,30,209
2024-07-17,Chole Soya Chunks Curry,Veg_Mains,2,0,15,0,36.51,30.62,0,1,0.11,None,0,0.05,0.0,0,20,30,0
2024-07-18,Chole Soya Chunks Curry,Veg_Mains,3,0,14,0,10.54,30.28,0,0,0.06,None,1,0.2,0.0,0,20,30,191
2024-07-19,Chole Soya Chunks Curry,Veg_Mains,4,0,13,0,5.52,32.76,0,0,0.08,None,0,0.05,0.0,0,20,30,0
2024-07-20,Chole Soya Chunks Curry,Veg_Mains,5,0,12,0,39.81,25.01,0,0,0.07,None,1,0.3,0.0,0,20,30,220
2024-07-21,Chole Soya Chunks Curry,Veg_Mains,6,0,11,0,14.67,29.55,0,0,0.11,None,0,0.02,0.0,0,20,30,0
2024-07-22,Chole Soya Chunks Curry,Veg_Mains,0,0,10,0,11.27,29.96,0,1,0.07,None,0,0.15,0.0,0,20,30,0
2024-07-23,Chole Soya Chunks Curry,Veg_Mains,1,0,9,0,19.8,25.38,0,0,0.09,None,1,0.25,0.0,0,20,30,178
2024-07-24,Chole Soya Chunks Curry,Veg_Mains,2,0,8,0,20.11,26.81,0,0,0.03,None,0,0.05,0.0,0,20,30,0
2024-07-25,Chole Soya Chunks Curry,Veg_Mains,3,0,7,0,6.3,30.72,0,0,0.08,None,1,0.2,0.0,0,20,30,201
2024-07-26,Chole Soya Chunks Curry,Veg_Mains,4,0,6,0,11.35,29.68,0,0,0.05,None,0,0.05,0.0,0,20,30,0
2024-07-27,Chole Soya Chunks Curry,Veg_Mains,5,0,5,0,26.05,28.89,0,0,0.08,None,1,0.3,0.0,0,20,30,232
2024-07-28,Chole Soya Chunks Curry,Veg_Mains,6,0,4,0,7.98,30.72,0,0,0.1,None,0,0.02,0.0,0,20,30,0
2024-07-29,Chole Soya Chunks Curry,Veg_Mains,0,1,3,1,14.25,29.55,0,0,0.28,None,0,0.15,0.0,1,20,30,0
2024-07-30,Chole Soya Chunks Curry,Veg_Mains,1,0,2,0,13.74,28.77,0,0,0.12,None,1,0.25,0.0,0,20,30,176
2024-07-31,Chole Soya Chunks Curry,Veg_Mains,2,0,1,0,30.35,31.55,0,0,0.12,None,0,0.05,0.0,0,20,30,0
2024-08-01,Chole Soya Chunks Curry,Veg_Mains,3,0,1,0,16.33,27.35,0,0,0.07,None,1,0.2,0.0,0,20,30,186
2024-08-02,Chole Soya Chunks Curry,Veg_Mains,4,0,0,0,2.22,30.64,0,0,0.12,None,0,0.05,0.0,0,20,30,0
2024-08-03,Chole Soya Chunks Curry,Veg_Mains,5,0,29,0,8.58,27.18,0,1,0.07,None,1,0.3,0.0,0,20,30,222
2024-08-04,Chole Soya Chunks Curry,Veg_Mains,6,0,28,0,16.97,27.44,0,1,0.09,None,0,0.02,0.0,0,20,30,0
2024-08-05,Chole Soya Chunks Curry,Veg_Mains,0,0,27,0,29.41,27.08,0,1,0.09,Shravan,0,0.4,0.02,0,20,30,0
2024-08-06,Chole Soya Chunks Curry,Veg_Mains,1,0,26,0,16.31,28.12,0,0,0.11,Shravan,1,0.4,0.02,0,20,30,214
2024-08-07,Chole Soya Chunks Curry,Veg_Mains,2,0,25,0,8.51,33.08,0,1,0.08,Shravan,0,0.4,0.02,0,20,30,0
2024-08-08,Chole Soya Chunks Curry,Veg_Mains,3,0,24,0,42.61,32.78,1,0,0.11,Shravan,1,0.4,0.02,0,20,30,221
2024-08-09,Chole Soya Chunks Curry,Veg_Mains,4,0,23,0,25.95,33.61,0,0,0.14,Shravan,0,0.4,0.02,0,20,30,0
2024-08-10,Chole Soya Chunks Curry,Veg_Mains,5,0,22,0,10.93,29.56,0,0,0.13,Shravan,1,0.4,0.02,0,20,30,195
2024-08-11,Chole Soya Chunks Curry,Veg_Mains,6,0,21,0,21.84,27.77,0,0,0.12,Shravan,0,0.4,0.02,0,20,30,0
2024-08-12,Chole Soya Chunks Curry,Veg_Mains,0,0,20,0,12.77,31.81,0,0,0.03,Shravan,0,0.4,0.02,0,20,30,0
2024-08-13,Chole Soya Chunks Curry,Veg_Mains,1,0,19,0,0.54,29.77,0,0,0.15,Shravan,1,0.4,0.02,0,20,30,197
2024-08-14,Chole Soya Chunks Curry,Veg_Mains,2,0,18,0,8.96,29.29,0,0,0.02,Shravan,0,0.4,0.02,0,20,30,0
2024-08-15,Chole Soya Chunks Curry,Veg_Mains,3,0,17,0,18.89,30.15,0,0,0.14,Shravan,1,0.4,0.02,0,20,30,174
2024-08-16,Chole Soya Chunks Curry,Veg_Mains,4,0,16,0,15.37,25.07,0,0,0.03,Shravan,0,0.4,0.02,0,20,30,0
2024-08-17,Chole Soya Chunks Curry,Veg_Mains,5,0,15,0,12.28,29.05,0,0,0.1,Shravan,1,0.4,0.02,0,20,30,193
2024-08-18,Chole Soya Chunks Curry,Veg_Mains,6,0,14,0,30.2,29.21,0,1,0.11,Shravan,0,0.4,0.02,0,20,30,0
2024-08-19,Chole Soya Chunks Curry,Veg_Mains,0,0,13,0,58.82,30.02,1,0,0.12,Shravan,0,0.4,0.02,0,20,30,0
2024-08-20,Chole Soya Chunks Curry,Veg_Mains,1,0,12,0,5.28,31.34,0,0,0.14,Shravan,1,0.4,0.02,0,20,30,198
2024-08-21,Chole Soya Chunks Curry,Veg_Mains,2,0,11,0,3.29,30.49,0,0,0.12,Shravan,0,0.4,0.02,0,20,30,0
2024-08-22,Chole Soya Chunks Curry,Veg_Mains,3,0,10,0,27.79,26.12,0,0,0.09,Shravan,1,0.4,0.02,0,20,30,245
2024-08-23,Chole Soya Chunks Curry,Veg_Mains,4,0,9,0,5.17,31.81,0,1,0.11,Shravan,0,0.4,0.02,0,20,30,0
2024-08-24,Chole Soya Chunks Curry,Veg_Mains,5,0,8,0,12.46,28.06,0,1,0.15,Shravan,1,0.4,0.02,0,20,30,236
2024-08-25,Chole Soya Chunks Curry,Veg_Mains,6,0,7,0,25.46,31.22,0,0,0.11,Shravan,0,0.4,0.02,0,20,30,0
2024-08-26,Chole Soya Chunks Curry,Veg_Mains,0,0,6,0,11.94,32.06,0,0,0.08,Shravan,0,0.4,0.02,0,20,30,0
2024-08-27,Chole Soya Chunks Curry,Veg_Mains,1,0,5,0,13.19,34.23,0,0,0.08,Shravan,1,0.4,0.02,0,20,30,195
2024-08-28,Chole Soya Chunks Curry,Veg_Mains,2,0,4,0,6.62,30.03,0,0,0.13,Shravan,0,0.4,0.02,0,20,30,0
2024-08-29,Chole Soya Chunks Curry,Veg_Mains,3,0,3,0,2.64,30.96,0,0,0.04,Shravan,1,0.4,0.02,0,20,30,212
2024-08-30,Chole Soya Chunks Curry,Veg_Mains,4,0,2,0,27.07,26.55,0,1,0.07,Shravan,0,0.4,0.02,0,20,30,0
2024-08-31,Chole Soya Chunks Curry,Veg_Mains,5,0,1,0,28.96,29.25,0,1,0.12,Shravan,1,0.4,0.02,0,20,30,269
2024-09-01,Chole Soya Chunks Curry,Veg_Mains,6,0,0,0,22.12,31.71,0,0,0.05,Shravan,0,0.4,0.02,0,20,30,0
2024-09-02,Chole Soya Chunks Curry,Veg_Mains,0,0,29,0,57.99,39.33,1,1,0.13,Shravan,0,0.4,0.02,0,20,30,0
2024-09-03,Chole Soya Chunks Curry,Veg_Mains,1,0,28,0,31.67,28.39,0,0,0.06,Shravan,1,0.4,0.02,0,20,30,257
2024-09-04,Chole Soya Chunks Curry,Veg_Mains,2,0,27,0,17.83,31.36,0,0,0.07,None,0,0.05,0.0,0,20,30,0
2024-09-05,Chole Soya Chunks Curry,Veg_Mains,3,0,26,0,24.0,30.15,0,0,0.11,None,1,0.2,0.0,0,20,30,206
2024-09-06,Chole Soya Chunks Curry,Veg_Mains,4,0,25,0,11.22,27.41,0,1,0.11,None,0,0.05,0.0,0,20,30,0
2024-09-07,Chole Soya Chunks Curry,Veg_Mains,5,0,24,0,12.34,30.43,0,0,0.06,None,1,0.3,0.0,0,20,30,216
2024-09-08,Chole Soya Chunks Curry,Veg_Mains,6,0,23,0,14.79,35.44,0,0,0.03,None,0,0.02,0.0,0,20,30,0
2024-09-09,Chole Soya Chunks Curry,Veg_Mains,0,0,22,0,12.44,26.02,0,0,0.06,None,0,0.15,0.0,0,20,30,0
2024-09-10,Chole Soya Chunks Curry,Veg_Mains,1,0,21,0,9.94,26.68,0,0,0.05,None,1,0.25,0.0,0,20,30,197
2024-09-11,Chole Soya Chunks Curry,Veg_Mains,2,1,20,0,4.97,29.75,0,0,0.1,None,0,0.05,0.0,1,20,30,0
2024-09-12,Chole Soya Chunks Curry,Veg_Mains,3,0,19,0,5.97,27.25,0,1,0.14,None,1,0.2,0.0,0,20,30,222
2024-09-13,Chole Soya Chunks Curry,Veg_Mains,4,0,18,0,13.88,29.87,0,0,0.08,None,0,0.05,0.0,0,20,30,0
2024-09-14,Chole Soya Chunks Curry,Veg_Mains,5,0,17,0,16.36,29.48,0,0,0.14,None,1,0.3,0.0,0,20,30,202
2024-09-15,Chole Soya Chunks Curry,Veg_Mains,6,0,16,0,15.57,32.42,0,0,0.05,None,0,0.02,0.0,0,20,30,0
2024-09-16,Chole Soya Chunks Curry,Veg_Mains,0,0,15,0,15.81,27.85,0,0,0.11,None,0,0.15,0.0,0,20,30,0
2024-09-17,Chole Soya Chunks Curry,Veg_Mains,1,0,14,0,27.1,29.44,0,1,0.1,None,1,0.25,0.0,0,20,30,263
2024-09-18,Chole Soya Chunks Curry,Veg_Mains,2,0,13,0,13.42,36.42,0,0,0.11,None,0,0.05,0.0,0,20,30,0
2024-09-19,Chole Soya Chunks Curry,Veg_Mains,3,0,12,0,10.53,32.58,0,0,0.06,None,1,0.2,0.0,0,20,30,195
2024-09-20,Chole Soya Chunks Curry,Veg_Mains,4,0,11,0,11.08,34.33,0,0,0.04,None,0,0.05,0.0,0,20,30,0
2024-09-21,Chole Soya Chunks Curry,Veg_Mains,5,0,10,0,12.74,28.16,0,0,0.09,None,1,0.3,0.0,0,20,30,208
2024-09-22,Chole Soya Chunks Curry,Veg_Mains,6,0,9,0,33.31,26.56,0,0,0.14,None,0,0.02,0.0,0,20,30,0
2024-09-23,Chole Soya Chunks Curry,Veg_Mains,0,0,8,0,31.62,31.45,0,0,0.08,None,0,0.15,0.0,0,20,30,0
2024-09-24,Chole Soya Chunks Curry,Veg_Mains,1,0,7,0,28.23,30.34,0,0,0.03,None,1,0.25,0.0,0,20,30,237
2024-09-25,Chole Soya Chunks Curry,Veg_Mains,2,0,6,0,13.22,25.75,0,0,0.07,None,0,0.05,0.0,0,20,30,0
2024-09-26,Chole Soya Chunks Curry,Veg_Mains,3,0,5,0,3.43,24.36,0,0,0.11,None,1,0.2,0.0,0,20,30,186
2024-09-27,Chole Soya Chunks Curry,Veg_Mains,4,0,4,0,6.7,30.26,0,0,0.06,None,0,0.05,0.0,0,20,30,0
2024-09-28,Chole Soya Chunks Curry,Veg_Mains,5,0,3,0,17.17,25.65,0,0,0.12,None,1,0.3,0.0,0,20,30,209
2024-09-29,Chole Soya Chunks Curry,Veg_Mains,6,0,2,0,30.0,33.73,0,1,0.13,None,0,0.02,0.0,0,20,30,0
2024-09-30,Chole Soya Chunks Curry,Veg_Mains,0,0,1,0,8.32,29.81,0,1,0.14,None,0,0.15,0.0,0,20,30,0
2024-10-01,Chole Soya Chunks Curry,Veg_Mains,1,0,1,0,1.41,22.76,0,1,0.08,None,1,0.25,0.0,0,20,30,216
2024-10-02,Chole Soya Chunks Curry,Veg_Mains,2,0,0,0,1.38,32.05,0,0,0.11,None,0,0.05,0.0,0,20,30,0
2024-10-03,Chole Soya Chunks Curry,Veg_Mains,3,0,29,0,4.36,30.59,0,0,0.12,Navratri,1,0.45,0.05,0,20,30,201
2024-10-04,Chole Soya Chunks Curry,Veg_Mains,4,0,28,0,0.56,31.1,0,0,0.14,Navratri,0,0.45,0.05,0,20,30,0
2024-10-05,Chole Soya Chunks Curry,Veg_Mains,5,0,27,0,6.6,32.46,0,0,0.08,Navratri,1,0.45,0.05,0,20,30,220
2024-10-06,Chole Soya Chunks Curry,Veg_Mains,6,0,26,0,0.73,28.4,0,0,0.04,Navratri,0,0.45,0.05,0,20,30,0
2024-10-07,Chole Soya Chunks Curry,Veg_Mains,0,0,25,0,4.77,28.71,0,0,0.14,Navratri,0,0.45,0.05,0,20,30,0
2024-10-08,Chole Soya Chunks Curry,Veg_Mains,1,0,24,0,0.74,18.9,0,0,0.13,Navratri,1,0.45,0.05,0,20,30,208
2024-10-09,Chole Soya Chunks Curry,Veg_Mains,2,0,23,0,0.09,30.74,0,0,0.02,Navratri,0,0.45,0.05,0,20,30,0
2024-10-10,Chole Soya Chunks Curry,Veg_Mains,3,0,22,0,6.57,29.66,0,0,0.14,Navratri,1,0.45,0.05,0,20,30,191
2024-10-11,Chole Soya Chunks Curry,Veg_Mains,4,0,21,0,20.42,29.65,0,1,0.13,Navratri,0,0.45,0.05,0,20,30,0
2024-10-12,Chole Soya Chunks Curry,Veg_Mains,5,0,20,0,1.13,22.61,0,0,0.05,Navratri,1,0.45,0.05,0,20,30,229
2024-10-13,Chole Soya Chunks Curry,Veg_Mains,6,0,19,0,2.61,26.32,0,1,0.12,None,0,0.02,0.0,0,20,30,0
2024-10-14,Chole Soya Chunks Curry,Veg_Mains,0,0,18,0,1.26,25.64,0,0,0.05,None,0,0.15,0.0,0,20,30,0
2024-10-15,Chole Soya Chunks Curry,Veg_Mains,1,0,17,0,3.4,22.39,0,0,0.14,None,1,0.25,0.0,0,20,30,188
2024-10-16,Chole Soya Chunks Curry,Veg_Mains,2,0,16,0,0.97,26.62,0,0,0.04,None,0,0.05,0.0,0,20,30,0
2024-10-17,Chole Soya Chunks Curry,Veg_Mains,3,0,15,0,0.06,27.09,0,0,0.13,None,1,0.2,0.0,0,20,30,200
2024-10-18,Chole Soya Chunks Curry,Veg_Mains,4,0,14,0,0.97,23.75,0,1,0.1,None,0,0.05,0.0,0,20,30,0
2024-10-19,Chole Soya Chunks Curry,Veg_Mains,5,0,13,0,6.39,26.33,0,0,0.13,None,1,0.3,0.0,0,20,30,190
2024-10-20,Chole Soya Chunks Curry,Veg_Mains,6,0,12,0,17.68,26.15,0,0,0.13,None,0,0.02,0.0,0,20,30,0
2024-10-21,Chole Soya Chunks Curry,Veg_Mains,0,0,11,0,0.27,22.33,0,0,0.05,None,0,0.15,0.0,0,20,30,0
2024-10-22,Chole Soya Chunks Curry,Veg_Mains,1,0,10,0,1.18,20.94,0,0,0.05,None,1,0.25,0.0,0,20,30,185
2024-10-23,Chole Soya Chunks Curry,Veg_Mains,2,0,9,0,6.0,26.33,0,0,0.03,None,0,0.05,0.0,0,20,30,0
2024-10-24,Chole Soya Chunks Curry,Veg_Mains,3,0,8,0,0.47,20.75,0,0,0.06,None,1,0.2,0.0,0,20,30,171
2024-10-25,Chole Soya Chunks Curry,Veg_Mains,4,0,7,0,0.18,20.26,0,0,0.09,None,0,0.05,0.0,0,20,30,0
2024-10-26,Chole Soya Chunks Curry,Veg_Mains,5,0,6,0,5.5,28.22,0,1,0.14,None,1,0.3,0.0,0,20,30,243
2024-10-27,Chole Soya Chunks Curry,Veg_Mains,6,0,5,0,1.35,19.12,0,1,0.07,None,0,0.02,0.0,0,20,30,0
2024-10-28,Chole Soya Chunks Curry,Veg_Mains,0,0,4,0,2.02,19.98,0,0,0.05,None,0,0.15,0.0,0,20,30,0
2024-10-29,Chole Soya Chunks Curry,Veg_Mains,1,0,3,0,0.74,26.16,0,0,0.13,None,1,0.25,0.0,0,20,30,182
2024-10-30,Chole Soya Chunks Curry,Veg_Mains,2,0,2,0,1.41,22.87,0,0,0.09,None,0,0.05,0.0,0,20,30,0
2024-10-31,Chole Soya Chunks Curry,Veg_Mains,3,0,1,0,0.74,23.56,0,0,0.02,None,1,0.2,0.0,0,20,30,199
2024-11-01,Chole Soya Chunks Curry,Veg_Mains,4,0,0,0,1.84,27.76,0,0,0.03,None,0,0.05,0.0,0,20,30,0
2024-11-02,Chole Soya Chunks Curry,Veg_Mains,5,0,29,0,1.89,31.36,0,0,0.08,None,1,0.3,0.0,0,20,30,184
2024-11-03,Chole Soya Chunks Curry,Veg_Mains,6,0,28,0,0.09,22.6,0,0,0.1,None,0,0.02,0.0,0,20,30,0
2024-11-04,Chole Soya Chunks Curry,Veg_Mains,0,0,27,0,2.4,29.8,0,0,0.02,None,0,0.15,0.0,0,20,30,0
2024-11-05,Chole Soya Chunks Curry,Veg_Mains,1,0,26,0,0.57,29.88,0,0,0.12,None,1,0.25,0.0,0,20,30,179
2024-11-06,Chole Soya Chunks Curry,Veg_Mains,2,0,25,0,7.94,20.53,0,0,0.03,None,0,0.05,0.0,0,20,30,0
2024-11-07,Chole Soya Chunks Curry,Veg_Mains,3,0,24,0,2.84,25.78,0,0,0.06,None,1,0.2,0.0,0,20,30,178
2024-11-08,Chole Soya Chunks Curry,Veg_Mains,4,1,23,1,0.03,28.97,0,0,0.3,None,0,0.05,0.0,1,20,30,0
2024-11-09,Chole Soya Chunks Curry,Veg_Mains,5,0,22,0,1.26,21.8,0,1,0.14,None,1,0.3,0.0,0,20,30,210
2024-11-10,Chole Soya Chunks Curry,Veg_Mains,6,0,21,0,0.85,26.94,0,0,0.11,None,0,0.02,0.0,0,20,30,0
2024-11-11,Chole Soya Chunks Curry,Veg_Mains,0,0,20,0,0.02,27.8,0,0,0.11,None,0,0.15,0.0,0,20,30,0
2024-11-12,Chole Soya Chunks Curry,Veg_Mains,1,0,19,0,0.61,28.7,0,0,0.08,None,1,0.25,0.0,0,20,30,191
2024-11-13,Chole Soya Chunks Curry,Veg_Mains,2,0,18,0,2.72,20.16,0,0,0.09,None,0,0.05,0.0,0,20,30,0
2024-11-14,Chole Soya Chunks Curry,Veg_Mains,3,0,17,0,5.16,32.64,0,1,0.07,None,1,0.2,0.0,0,20,30,228
2024-11-15,Chole Soya Chunks Curry,Veg_Mains,4,0,16,0,0.38,21.35,0,1,0.05,None,0,0.05,0.0,0,20,30,0
2024-11-16,Chole Soya Chunks Curry,Veg_Mains,5,0,15,0,0.57,18.02,0,1,0.13,None,1,0.3,0.0,0,20,30,232
2024-11-17,Chole Soya Chunks Curry,Veg_Mains,6,0,14,0,3.53,18.92,0,0,0.05,None,0,0.02,0.0,0,20,30,0
2024-11-18,Chole Soya Chunks Curry,Veg_Mains,0,0,13,0,1.3,29.61,0,0,0.05,None,0,0.15,0.0,0,20,30,0
2024-11-19,Chole Soya Chunks Curry,Veg_Mains,1,0,12,0,1.44,26.94,0,0,0.08,None,1,0.25,0.0,0,20,30,189
2024-11-20,Chole Soya Chunks Curry,Veg_Mains,2,0,11,0,1.94,32.83,0,0,0.04,None,0,0.05,0.0,0,20,30,0
2024-11-21,Chole Soya Chunks Curry,Veg_Mains,3,0,10,0,2.85,22.17,0,1,0.11,None,1,0.2,0.0,0,20,30,191
2024-11-22,Chole Soya Chunks Curry,Veg_Mains,4,0,9,0,5.06,18.75,0,0,0.03,None,0,0.05,0.0,0,20,30,0
2024-11-23,Chole Soya Chunks Curry,Veg_Mains,5,0,8,0,1.51,30.15,0,0,0.04,None,1,0.3,0.0,0,20,30,209
2024-11-24,Chole Soya Chunks Curry,Veg_Mains,6,0,7,0,9.52,18.69,0,0,0.14,None,0,0.02,0.0,0,20,30,0
2024-11-25,Chole Soya Chunks Curry,Veg_Mains,0,0,6,0,3.94,26.4,0,1,0.04,None,0,0.15,0.0,0,20,30,0
2024-11-26,Chole Soya Chunks Curry,Veg_Mains,1,0,5,0,5.58,24.15,0,0,0.09,None,1,0.25,0.0,0,20,30,188
2024-11-27,Chole Soya Chunks Curry,Veg_Mains,2,0,4,0,0.02,31.03,0,0,0.11,None,0,0.05,0.0,0,20,30,0
2024-11-28,Chole Soya Chunks Curry,Veg_Mains,3,0,3,0,3.49,26.77,0,0,0.06,None,1,0.2,0.0,0,20,30,199
2024-11-29,Chole Soya Chunks Curry,Veg_Mains,4,0,2,0,4.25,23.65,0,1,0.03,None,0,0.05,0.0,0,20,30,0
2024-11-30,Chole Soya Chunks Curry,Veg_Mains,5,0,1,0,0.07,23.51,0,1,0.14,None,1,0.3,0.0,0,20,30,222
2024-12-01,Chole Soya Chunks Curry,Veg_Mains,6,0,1,0,0.09,24.27,0,0,0.06,None,0,0.02,0.0,0,20,30,0
2024-12-02,Chole Soya Chunks Curry,Veg_Mains,0,0,0,0,0.97,20.92,0,1,0.07,None,0,0.15,0.0,0,20,30,0
2024-12-03,Chole Soya Chunks Curry,Veg_Mains,1,0,29,0,0.76,27.54,0,1,0.03,None,1,0.25,0.0,0,20,30,234
2024-12-04,Chole Soya Chunks Curry,Veg_Mains,2,0,28,0,2.03,21.9,0,0,0.06,None,0,0.05,0.0,0,20,30,0
2024-12-05,Chole Soya Chunks Curry,Veg_Mains,3,0,27,0,0.48,27.86,0,0,0.07,None,1,0.2,0.0,0,20,30,201
2024-12-06,Chole Soya Chunks Curry,Veg_Mains,4,0,26,0,3.08,27.09,0,1,0.06,None,0,0.05,0.0,0,20,30,0
2024-12-07,Chole Soya Chunks Curry,Veg_Mains,5,0,25,0,3.35,20.42,0,1,0.07,None,1,0.3,0.0,0,20,30,258
2024-12-08,Chole Soya Chunks Curry,Veg_Mains,6,1,24,0,0.51,24.17,0,1,0.15,None,0,0.02,0.0,1,20,30,0
2024-12-09,Chole Soya Chunks Curry,Veg_Mains,0,0,23,0,1.59,17.7,0,0,0.06,None,0,0.15,0.0,0,20,30,0
2024-12-10,Chole Soya Chunks Curry,Veg_Mains,1,0,22,0,5.12,26.18,0,0,0.14,None,1,0.25,0.0,0,20,30,185
2024-12-11,Chole Soya Chunks Curry,Veg_Mains,2,0,21,0,0.4,23.19,0,0,0.1,None,0,0.05,0.0,0,20,30,0
2024-12-12,Chole Soya Chunks Curry,Veg_Mains,3,0,20,0,4.39,27.92,0,0,0.1,None,1,0.2,0.0,0,20,30,186
2024-12-13,Chole Soya Chunks Curry,Veg_Mains,4,0,19,0,3.97,26.3,0,0,0.08,None,0,0.05,0.0,0,20,30,0
2024-12-14,Chole Soya Chunks Curry,Veg_Mains,5,0,18,0,0.9,25.3,0,0,0.09,None,1,0.3,0.0,0,20,30,188
2024-12-15,Chole Soya Chunks Curry,Veg_Mains,6,0,17,0,6.63,31.49,0,0,0.03,None,0,0.02,0.0,0,20,30,0
2024-12-16,Chole Soya Chunks Curry,Veg_Mains,0,0,16,0,0.46,21.01,0,0,0.11,None,0,0.15,0.0,0,20,30,0
2024-12-17,Chole Soya Chunks Curry,Veg_Mains,1,0,15,0,1.05,27.61,0,0,0.1,None,1,0.25,0.0,0,20,30,176
2024-12-18,Chole Soya Chunks Curry,Veg_Mains,2,0,14,0,0.3,27.83,0,1,0.14,None,0,0.05,0.0,0,20,30,0
2024-12-19,Chole Soya Chunks Curry,Veg_Mains,3,0,13,0,3.74,26.11,0,0,0.05,None,1,0.2,0.0,0,20,30,195
2024-12-20,Chole Soya Chunks Curry,Veg_Mains,4,0,12,0,2.39,30.67,0,0,0.05,None,0,0.05,0.0,0,20,30,0
2024-12-21,Chole Soya Chunks Curry,Veg_Mains,5,0,11,0,6.21,26.1,0,1,0.1,None,1,0.3,0.0,0,20,30,225
2024-12-22,Chole Soya Chunks Curry,Veg_Mains,6,0,10,0,0.43,29.57,0,0,0.04,None,0,0.02,0.0,0,20,30,0
2024-12-23,Chole Soya Chunks Curry,Veg_Mains,0,0,9,0,2.9,29.33,0,0,0.02,None,0,0.15,0.0,0,20,30,0
2024-12-24,Chole Soya Chunks Curry,Veg_Mains,1,1,8,0,0.34,24.04,0,0,0.1,None,1,0.25,0.0,1,20,30,19
2024-12-25,Chole Soya Chunks Curry,Veg_Mains,2,0,7,0,3.05,32.88,0,0,0.06,None,0,0.05,0.0,0,20,30,0
2024-12-26,Chole Soya Chunks Curry,Veg_Mains,3,0,6,0,1.36,22.92,0,0,0.11,None,1,0.2,0.0,0,20,30,184
2024-12-27,Chole Soya Chunks Curry,Veg_Mains,4,0,5,0,3.63,24.38,0,0,0.11,None,0,0.05,0.0,0,20,30,0
2024-12-28,Chole Soya Chunks Curry,Veg_Mains,5,0,4,0,0.87,25.87,0,1,0.07,None,1,0.3,0.0,0,20,30,236
2024-12-29,Chole Soya Chunks Curry,Veg_Mains,6,0,3,0,18.29,16.74,0,0,0.03,None,0,0.02,0.0,0,20,30,0
2024-12-30,Chole Soya Chunks Curry,Veg_Mains,0,0,2,0,3.13,25.69,0,1,0.04,None,0,0.15,0.0,0,20,30,0
2024-12-31,Chole Soya Chunks Curry,Veg_Mains,1,0,1,0,0.41,20.53,0,0,0.05,None,1,0.25,0.0,0,20,30,191
2025-01-01,Chole Soya Chunks Curry,Veg_Mains,2,0,1,0,1.27,26.02,0,1,0.09,None,0,0.05,0.0,0,20,30,0
2025-01-02,Chole Soya Chunks Curry,Veg_Mains,3,0,0,0,1.7,23.24,0,0,0.03,None,1,0.2,0.0,0,20,30,193
2025-01-03,Chole Soya Chunks Curry,Veg_Mains,4,0,29,0,5.29,22.17,0,1,0.04,None,0,0.05,0.0,0,20,30,0
2025-01-04,Chole Soya Chunks Curry,Veg_Mains,5,0,28,0,2.61,23.03,0,1,0.11,None,1,0.3,0.0,0,20,30,225
2025-01-05,Chole Soya Chunks Curry,Veg_Mains,6,0,27,0,1.44,20.72,0,0,0.1,None,0,0.02,0.0,0,20,30,0
2025-01-06,Chole Soya Chunks Curry,Veg_Mains,0,0,26,0,4.83,29.83,0,0,0.13,None,0,0.15,0.0,0,20,30,0
2025-01-07,Chole Soya Chunks Curry,Veg_Mains,1,0,25,0,0.75,27.31,0,0,0.09,None,1,0.25,0.0,0,20,30,174
2025-01-08,Chole Soya Chunks Curry,Veg_Mains,2,0,24,0,0.25,20.13,0,0,0.05,None,0,0.05,0.0,0,20,30,0
2025-01-09,Chole Soya Chunks Curry,Veg_Mains,3,0,23,0,1.45,24.21,0,0,0.03,None,1,0.2,0.0,0,20,30,187
2025-01-10,Chole Soya Chunks Curry,Veg_Mains,4,0,22,0,9.64,25.71,0,0,0.03,None,0,0.05,0.0,0,20,30,0
2025-01-11,Chole Soya Chunks Curry,Veg_Mains,5,0,21,0,0.56,18.45,0,0,0.15,None,1,0.3,0.0,0,20,30,185
2025-01-12,Chole Soya Chunks Curry,Veg_Mains,6,0,20,0,0.24,20.55,0,0,0.07,None,0,0.02,0.0,0,20,30,0
2025-01-13,Chole Soya Chunks Curry,Veg_Mains,0,0,19,0,0.81,27.48,0,0,0.08,None,0,0.15,0.0,0,20,30,0
2025-01-14,Chole Soya Chunks Curry,Veg_Mains,1,0,18,0,0.76,18.89,0,1,0.04,None,1,0.25,0.0,0,20,30,252
2025-01-15,Chole Soya Chunks Curry,Veg_Mains,2,0,17,0,5.36,31.4,0,1,0.13,None,0,0.05,0.0,0,20,30,0
2025-01-16,Chole Soya Chunks Curry,Veg_Mains,3,0,16,0,16.99,29.42,0,0,0.11,None,1,0.2,0.0,0,20,30,190
2025-01-17,Chole Soya Chunks Curry,Veg_Mains,4,0,15,0,1.63,29.57,0,0,0.04,None,0,0.05,0.0,0,20,30,0
2025-01-18,Chole Soya Chunks Curry,Veg_Mains,5,0,14,0,0.08,26.35,0,0,0.12,None,1,0.3,0.0,0,20,30,196
2025-01-19,Chole Soya Chunks Curry,Veg_Mains,6,0,13,0,2.01,28.31,0,0,0.05,None,0,0.02,0.0,0,20,30,0
2025-01-20,Chole Soya Chunks Curry,Veg_Mains,0,0,12,0,3.98,24.09,0,0,0.1,None,0,0.15,0.0,0,20,30,0
2025-01-21,Chole Soya Chunks Curry,Veg_Mains,1,0,11,0,0.66,14.96,0,0,0.13,None,1,0.25,0.0,0,20,30,192
2025-01-22,Chole Soya Chunks Curry,Veg_Mains,2,0,10,0,4.16,25.58,0,0,0.05,None,0,0.05,0.0,0,20,30,0
2025-01-23,Chole Soya Chunks Curry,Veg_Mains,3,0,9,0,1.67,22.1,0,0,0.04,None,1,0.2,0.0,0,20,30,192
2025-01-24,Chole Soya Chunks Curry,Veg_Mains,4,0,8,0,0.04,18.75,0,0,0.11,None,0,0.05,0.0,0,20,30,0
2025-01-25,Chole Soya Chunks Curry,Veg_Mains,5,0,7,0,8.05,27.6,0,0,0.05,None,1,0.3,0.0,0,20,30,210
2025-01-26,Chole Soya Chunks Curry,Veg_Mains,6,0,6,0,2.08,20.47,0,0,0.12,None,0,0.02,0.0,0,20,30,0
2025-01-27,Chole Soya Chunks Curry,Veg_Mains,0,0,5,0,4.57,28.04,0,1,0.07,None,0,0.15,0.0,0,20,30,0
2025-01-28,Chole Soya Chunks Curry,Veg_Mains,1,0,4,0,2.11,22.25,0,0,0.12,None,1,0.25,0.0,0,20,30,170
2025-01-29,Chole Soya Chunks Curry,Veg_Mains,2,0,3,0,7.2,22.45,0,0,0.12,None,0,0.05,0.0,0,20,30,0
2025-01-30,Chole Soya Chunks Curry,Veg_Mains,3,0,2,0,4.96,23.18,0,1,0.06,None,1,0.2,0.0,0,20,30,229
2025-01-31,Chole Soya Chunks Curry,Veg_Mains,4,0,1,0,1.21,33.88,0,0,0.04,None,0,0.05,0.0,0,20,30,0
2025-02-01,Chole Soya Chunks Curry,Veg_Mains,5,0,28,0,4.18,26.36,0,1,0.14,None,1,0.3,0.0,0,20,30,227
2025-02-02,Chole Soya Chunks Curry,Veg_Mains,6,0,27,0,6.19,29.6,0,0,0.03,None,0,0.02,0.0,0,20,30,0
2025-02-03,Chole Soya Chunks Curry,Veg_Mains,0,0,26,0,0.63,23.66,0,0,0.09,None,0,0.15,0.0,0,20,30,0
2025-02-04,Chole Soya Chunks Curry,Veg_Mains,1,0,25,0,3.34,26.26,0,0,0.07,None,1,0.25,0.0,0,20,30,192
2025-02-05,Chole Soya Chunks Curry,Veg_Mains,2,0,24,0,0.15,25.29,0,0,0.06,None,0,0.05,0.0,0,20,30,0
2025-02-06,Chole Soya Chunks Curry,Veg_Mains,3,0,23,0,2.36,24.76,0,0,0.06,None,1,0.2,0.0,0,20,30,195
2025-02-07,Chole Soya Chunks Curry,Veg_Mains,4,0,22,0,0.45,29.19,0,1,0.05,None,0,0.05,0.0,0,20,30,0
2025-02-08,Chole Soya Chunks Curry,Veg_Mains,5,0,21,0,4.61,27.04,0,0,0.07,None,1,0.3,0.0,0,20,30,197
2025-02-09,Chole Soya Chunks Curry,Veg_Mains,6,0,20,0,2.72,24.99,0,1,0.06,None,0,0.02,0.0,0,20,30,0
2025-02-10,Chole Soya Chunks Curry,Veg_Mains,0,0,19,0,0.38,25.6,0,1,0.08,None,0,0.15,0.0,0,20,30,0
2025-02-11,Chole Soya Chunks Curry,Veg_Mains,1,0,18,0,3.81,24.57,0,1,0.06,None,1,0.25,0.0,0,20,30,226
2025-02-12,Chole Soya Chunks Curry,Veg_Mains,2,0,17,0,0.03,25.11,0,0,0.08,None,0,0.05,0.0,0,20,30,0
2025-02-13,Chole Soya Chunks Curry,Veg_Mains,3,0,16,0,0.02,22.75,0,0,0.05,None,1,0.2,0.0,0,20,30,179
2025-02-14,Chole Soya Chunks Curry,Veg_Mains,4,0,15,0,0.21,25.94,0,0,0.07,None,0,0.05,0.0,0,20,30,0
2025-02-15,Chole Soya Chunks Curry,Veg_Mains,5,0,14,0,0.34,28.66,0,1,0.03,None,1,0.3,0.0,0,20,30,241
2025-02-16,Chole Soya Chunks Curry,Veg_Mains,6,0,13,0,0.4,26.15,0,0,0.14,None,0,0.02,0.0,0,20,30,0
2025-02-17,Chole Soya Chunks Curry,Veg_Mains,0,0,12,0,0.04,25.88,0,0,0.12,None,0,0.15,0.0,0,20,30,0
2025-02-18,Chole Soya Chunks Curry,Veg_Mains,1,0,11,0,3.53,16.07,0,0,0.06,None,1,0.25,0.0,0,20,30,203
2025-02-19,Chole Soya Chunks Curry,Veg_Mains,2,0,10,0,2.38,24.12,0,0,0.03,None,0,0.05,0.0,0,20,30,0
2025-02-20,Chole Soya Chunks Curry,Veg_Mains,3,0,9,0,4.33,30.26,0,0,0.1,None,1,0.2,0.0,0,20,30,176
2025-02-21,Chole Soya Chunks Curry,Veg_Mains,4,0,8,0,0.21,28.45,0,0,0.06,None,0,0.05,0.0,0,20,30,0
2025-02-22,Chole Soya Chunks Curry,Veg_Mains,5,0,7,0,1.44,23.89,0,0,0.06,None,1,0.3,0.0,0,20,30,220
2025-02-23,Chole Soya Chunks Curry,Veg_Mains,6,0,6,0,0.68,30.64,0,0,0.03,None,0,0.02,0.0,0,20,30,0
2025-02-24,Chole Soya Chunks Curry,Veg_Mains,0,0,5,0,2.82,22.58,0,0,0.04,None,0,0.15,0.0,0,20,30,0
2025-02-25,Chole Soya Chunks Curry,Veg_Mains,1,0,4,0,7.81,27.65,0,0,0.13,None,1,0.25,0.0,0,20,30,201
2025-02-26,Chole Soya Chunks Curry,Veg_Mains,2,0,3,0,1.19,23.28,0,0,0.12,None,0,0.05,0.0,0,20,30,0
2025-02-27,Chole Soya Chunks Curry,Veg_Mains,3,0,2,0,4.09,18.32,0,1,0.08,None,1,0.2,0.0,0,20,30,215
2025-02-28,Chole Soya Chunks Curry,Veg_Mains,4,0,1,0,7.21,31.05,0,1,0.06,Ramadan,0,0.05,0.15,0,20,30,0
2025-03-01,Chole Soya Chunks Curry,Veg_Mains,5,0,1,0,2.93,22.78,0,0,0.12,Ramadan,1,0.3,0.15,0,20,30,160
2025-03-02,Chole Soya Chunks Curry,Veg_Mains,6,0,0,0,1.32,32.76,0,0,0.04,Ramadan,0,0.02,0.15,0,20,30,0
2025-03-03,Chole Soya Chunks Curry,Veg_Mains,0,0,29,0,10.26,31.66,0,0,0.14,Ramadan,0,0.15,0.15,0,20,30,0
2025-03-04,Chole Soya Chunks Curry,Veg_Mains,1,0,28,0,0.4,28.39,0,0,0.02,Ramadan,1,0.25,0.15,0,20,30,175
2025-03-05,Chole Soya Chunks Curry,Veg_Mains,2,0,27,0,3.91,31.07,0,0,0.15,Ramadan,0,0.05,0.15,0,20,30,0
2025-03-06,Chole Soya Chunks Curry,Veg_Mains,3,0,26,0,0.38,29.03,0,0,0.07,Ramadan,1,0.2,0.15,0,20,30,157
2025-03-07,Chole Soya Chunks Curry,Veg_Mains,4,0,25,0,4.5,23.52,0,1,0.04,Ramadan,0,0.05,0.15,0,20,30,0
2025-03-08,Chole Soya Chunks Curry,Veg_Mains,5,0,24,0,0.66,27.52,0,1,0.11,Ramadan,1,0.3,0.15,0,20,30,196
2025-03-09,Chole Soya Chunks Curry,Veg_Mains,6,0,23,0,0.9,23.53,0,0,0.09,Ramadan,0,0.02,0.15,0,20,30,0
2025-03-10,Chole Soya Chunks Curry,Veg_Mains,0,1,22,1,3.9,25.31,0,0,0.18,Ramadan,0,0.15,0.15,1,20,30,0
2025-03-11,Chole Soya Chunks Curry,Veg_Mains,1,0,21,0,1.22,19.35,0,1,0.04,Ramadan,1,0.25,0.15,0,20,30,194
2025-03-12,Chole Soya Chunks Curry,Veg_Mains,2,0,20,0,2.45,32.73,0,0,0.14,Ramadan,0,0.05,0.15,0,20,30,0
2025-03-13,Chole Soya Chunks Curry,Veg_Mains,3,0,19,0,7.6,22.82,0,0,0.09,Ramadan,1,0.2,0.15,0,20,30,172
2025-03-14,Chole Soya Chunks Curry,Veg_Mains,4,0,18,0,1.98,21.96,0,0,0.13,Ramadan,0,0.05,0.15,0,20,30,0
2025-03-15,Chole Soya Chunks Curry,Veg_Mains,5,0,17,0,2.58,25.12,0,0,0.02,Ramadan,1,0.3,0.15,0,20,30,174
2025-03-16,Chole Soya Chunks Curry,Veg_Mains,6,0,16,0,2.54,22.79,0,0,0.06,Ramadan,0,0.02,0.15,0,20,30,0
2025-03-17,Chole Soya Chunks Curry,Veg_Mains,0,0,15,0,1.01,29.06,0,0,0.08,Ramadan,0,0.15,0.15,0,20,30,0
2025-03-18,Chole Soya Chunks Curry,Veg_Mains,1,0,14,0,2.37,24.88,0,0,0.06,Ramadan,1,0.25,0.15,0,20,30,157
2025-03-19,Chole Soya Chunks Curry,Veg_Mains,2,0,13,0,9.95,30.48,0,0,0.11,Ramadan,0,0.05,0.15,0,20,30,0
2025-03-20,Chole Soya Chunks Curry,Veg_Mains,3,0,12,0,1.56,26.32,0,1,0.1,Ramadan,1,0.2,0.15,0,20,30,176
2025-03-21,Chole Soya Chunks Curry,Veg_Mains,4,0,11,0,0.61,29.51,0,0,0.08,Ramadan,0,0.05,0.15,0,20,30,0
2025-03-22,Chole Soya Chunks Curry,Veg_Mains,5,0,10,0,0.48,23.84,0,0,0.08,Ramadan,1,0.3,0.15,0,20,30,170
2025-03-23,Chole Soya Chunks Curry,Veg_Mains,6,0,9,0,6.49,25.32,0,1,0.07,Ramadan,0,0.02,0.15,0,20,30,0
2025-03-24,Chole Soya Chunks Curry,Veg_Mains,0,0,8,0,8.35,21.35,0,0,0.12,Ramadan,0,0.15,0.15,0,20,30,0
2025-03-25,Chole Soya Chunks Curry,Veg_Mains,1,0,7,0,1.09,29.85,0,0,0.13,Ramadan,1,0.25,0.15,0,20,30,145
2025-03-26,Chole Soya Chunks Curry,Veg_Mains,2,0,6,0,1.76,30.67,0,0,0.05,Ramadan,0,0.05,0.15,0,20,30,0
2025-03-27,Chole Soya Chunks Curry,Veg_Mains,3,0,5,0,2.63,18.27,0,1,0.04,Ramadan,1,0.2,0.15,0,20,30,212
2025-03-28,Chole Soya Chunks Curry,Veg_Mains,4,0,4,0,2.11,23.87,0,0,0.15,Ramadan,0,0.05,0.15,0,20,30,0
2025-03-29,Chole Soya Chunks Curry,Veg_Mains,5,0,3,0,4.8,26.93,0,1,0.08,Ramadan,1,0.3,0.15,0,20,30,195
2025-03-30,Chole Soya Chunks Curry,Veg_Mains,6,0,2,0,0.68,30.28,0,1,0.09,Ramadan,0,0.02,0.15,0,20,30,0
2025-03-31,Chole Soya Chunks Curry,Veg_Mains,0,0,1,0,1.06,22.58,0,0,0.08,None,0,0.15,0.0,0,20,30,0
2025-04-01,Chole Soya Chunks Curry,Veg_Mains,1,0,0,0,0.42,39.88,0,1,0.03,None,1,0.25,0.0,0,20,30,233
2025-04-02,Chole Soya Chunks Curry,Veg_Mains,2,0,29,0,0.0,39.8,0,0,0.08,None,0,0.05,0.0,0,20,30,0
2025-04-03,Chole Soya Chunks Curry,Veg_Mains,3,0,28,0,3.1,42.19,0,1,0.15,None,1,0.2,0.0,0,20,30,211
2025-04-04,Chole Soya Chunks Curry,Veg_Mains,4,0,27,0,0.16,37.82,0,1,0.03,None,0,0.05,0.0,0,20,30,0
2025-04-05,Chole Soya Chunks Curry,Veg_Mains,5,0,26,0,0.13,39.49,0,1,0.14,None,1,0.3,0.0,0,20,30,202
2025-04-06,Chole Soya Chunks Curry,Veg_Mains,6,0,25,0,0.13,42.18,0,1,0.06,None,0,0.02,0.0,0,20,30,0
2025-04-07,Chole Soya Chunks Curry,Veg_Mains,0,1,24,1,2.48,37.25,0,0,0.25,None,0,0.15,0.0,1,20,30,0
2025-04-08,Chole Soya Chunks Curry,Veg_Mains,1,0,23,0,0.06,38.3,0,0,0.08,None,1,0.25,0.0,0,20,30,204
2025-04-09,Chole Soya Chunks Curry,Veg_Mains,2,0,22,0,0.1,38.91,0,0,0.02,None,0,0.05,0.0,0,20,30,0
2025-04-10,Chole Soya Chunks Curry,Veg_Mains,3,0,21,0,0.66,40.42,0,0,0.11,None,1,0.2,0.0,0,20,30,157
2025-04-11,Chole Soya Chunks Curry,Veg_Mains,4,0,20,0,0.12,41.52,0,1,0.08,None,0,0.05,0.0,0,20,30,0
2025-04-12,Chole Soya Chunks Curry,Veg_Mains,5,0,19,0,0.01,41.86,0,0,0.07,None,1,0.3,0.0,0,20,30,192
2025-04-13,Chole Soya Chunks Curry,Veg_Mains,6,0,18,0,1.05,35.75,0,0,0.03,None,0,0.02,0.0,0,20,30,0
2025-04-14,Chole Soya Chunks Curry,Veg_Mains,0,0,17,0,2.34,39.14,0,0,0.04,None,0,0.15,0.0,0,20,30,0
2025-04-15,Chole Soya Chunks Curry,Veg_Mains,1,0,16,0,0.09,38.64,0,0,0.05,None,1,0.25,0.0,0,20,30,192
2025-04-16,Chole Soya Chunks Curry,Veg_Mains,2,0,15,0,0.2,43.07,0,1,0.13,None,0,0.05,0.0,0,20,30,0
2025-04-17,Chole Soya Chunks Curry,Veg_Mains,3,0,14,0,0.0,42.44,0,0,0.06,None,1,0.2,0.0,0,20,30,196
2025-04-18,Chole Soya Chunks Curry,Veg_Mains,4,0,13,0,0.97,39.2,0,1,0.04,None,0,0.05,0.0,0,20,30,0
2025-04-19,Chole Soya Chunks Curry,Veg_Mains,5,0,12,0,0.69,43.9,0,0,0.03,None,1,0.3,0.0,0,20,30,194
2025-04-20,Chole Soya Chunks Curry,Veg_Mains,6,0,11,0,0.21,37.8,0,1,0.13,None,0,0.02,0.0,0,20,30,0
2025-04-21,Chole Soya Chunks Curry,Veg_Mains,0,0,10,0,0.03,40.55,0,0,0.08,None,0,0.15,0.0,0,20,30,0
2025-04-22,Chole Soya Chunks Curry,Veg_Mains,1,0,9,0,0.17,40.81,0,0,0.04,None,1,0.25,0.0,0,20,30,210
2025-04-23,Chole Soya Chunks Curry,Veg_Mains,2,0,8,0,2.72,39.84,0,0,0.03,None,0,0.05,0.0,0,20,30,0
2025-04-24,Chole Soya Chunks Curry,Veg_Mains,3,0,7,0,1.19,41.17,0,0,0.06,None,1,0.2,0.0,0,20,30,191
2025-04-25,Chole Soya Chunks Curry,Veg_Mains,4,0,6,0,1.12,40.97,0,0,0.04,None,0,0.05,0.0,0,20,30,0
2025-04-26,Chole Soya Chunks Curry,Veg_Mains,5,0,5,0,1.15,39.23,0,0,0.08,None,1,0.3,0.0,0,20,30,186
2025-04-27,Chole Soya Chunks Curry,Veg_Mains,6,1,4,0,0.26,40.09,0,0,0.11,None,0,0.02,0.0,1,20,30,0
2025-04-28,Chole Soya Chunks Curry,Veg_Mains,0,0,3,0,0.74,38.31,0,1,0.08,None,0,0.15,0.0,0,20,30,0
2025-04-29,Chole Soya Chunks Curry,Veg_Mains,1,0,2,0,2.89,36.97,0,0,0.05,None,1,0.25,0.0,0,20,30,179
2025-04-30,Chole Soya Chunks Curry,Veg_Mains,2,0,1,0,0.02,37.45,0,0,0.04,None,0,0.05,0.0,0,20,30,0
2025-05-01,Chole Soya Chunks Curry,Veg_Mains,3,0,1,0,0.21,36.9,0,0,0.12,None,1,0.2,0.0,0,20,30,193
2025-05-02,Chole Soya Chunks Curry,Veg_Mains,4,0,0,0,0.25,42.33,0,0,0.11,None,0,0.05,0.0,0,20,30,0
2025-05-03,Chole Soya Chunks Curry,Veg_Mains,5,0,29,0,1.16,39.08,0,0,0.06,None,1,0.3,0.0,0,20,30,206
2025-05-04,Chole Soya Chunks Curry,Veg_Mains,6,0,28,0,0.49,39.08,0,0,0.09,None,0,0.02,0.0,0,20,30,0
2025-05-05,Chole Soya Chunks Curry,Veg_Mains,0,0,27,0,1.47,35.66,0,1,0.06,None,0,0.15,0.0,0,20,30,0
2025-05-06,Chole Soya Chunks Curry,Veg_Mains,1,0,26,0,0.14,40.59,0,1,0.04,None,1,0.25,0.0,0,20,30,245
2025-05-07,Chole Soya Chunks Curry,Veg_Mains,2,0,25,0,0.07,40.76,0,0,0.04,None,0,0.05,0.0,0,20,30,0
2025-05-08,Chole Soya Chunks Curry,Veg_Mains,3,0,24,0,0.02,38.2,0,1,0.13,None,1,0.2,0.0,0,20,30,230
2025-05-09,Chole Soya Chunks Curry,Veg_Mains,4,0,23,0,0.84,39.89,0,1,0.09,None,0,0.05,0.0,0,20,30,0
2025-05-10,Chole Soya Chunks Curry,Veg_Mains,5,0,22,0,1.66,38.72,0,0,0.1,None,1,0.3,0.0,0,20,30,204
2025-05-11,Chole Soya Chunks Curry,Veg_Mains,6,0,21,0,0.13,39.77,0,0,0.14,None,0,0.02,0.0,0,20,30,0
2025-05-12,Chole Soya Chunks Curry,Veg_Mains,0,0,20,0,0.04,39.4,0,0,0.1,None,0,0.15,0.0,0,20,30,0
2025-05-13,Chole Soya Chunks Curry,Veg_Mains,1,0,19,0,6.74,38.31,0,0,0.12,None,1,0.25,0.0,0,20,30,190
2025-05-14,Chole Soya Chunks Curry,Veg_Mains,2,0,18,0,0.02,40.06,0,0,0.04,None,0,0.05,0.0,0,20,30,0
2025-05-15,Chole Soya Chunks Curry,Veg_Mains,3,0,17,0,2.33,42.04,0,0,0.07,None,1,0.2,0.0,0,20,30,188
2025-05-16,Chole Soya Chunks Curry,Veg_Mains,4,1,16,1,0.45,35.66,0,0,0.27,None,0,0.05,0.0,1,20,30,0
2025-05-17,Chole Soya Chunks Curry,Veg_Mains,5,0,15,0,0.02,39.31,0,0,0.12,None,1,0.3,0.0,0,20,30,172
2025-05-18,Chole Soya Chunks Curry,Veg_Mains,6,0,14,0,0.0,37.66,0,0,0.02,None,0,0.02,0.0,0,20,30,0
2025-05-19,Chole Soya Chunks Curry,Veg_Mains,0,0,13,0,1.97,38.67,0,0,0.13,None,0,0.15,0.0,0,20,30,0
2025-05-20,Chole Soya Chunks Curry,Veg_Mains,1,0,12,0,0.84,39.99,0,0,0.09,None,1,0.25,0.0,0,20,30,185
2025-05-21,Chole Soya Chunks Curry,Veg_Mains,2,0,11,0,0.43,45.28,1,1,0.06,None,0,0.05,0.0,0,20,30,0
2025-05-22,Chole Soya Chunks Curry,Veg_Mains,3,0,10,0,0.82,38.12,0,0,0.05,None,1,0.2,0.0,0,20,30,192
2025-05-23,Chole Soya Chunks Curry,Veg_Mains,4,0,9,0,0.16,40.96,0,0,0.11,None,0,0.05,0.0,0,20,30,0
2025-05-24,Chole Soya Chunks Curry,Veg_Mains,5,0,8,0,0.22,40.5,0,1,0.07,None,1,0.3,0.0,0,20,30,233
2025-05-25,Chole Soya Chunks Curry,Veg_Mains,6,0,7,0,0.0,36.79,0,1,0.06,None,0,0.02,0.0,0,20,30,0
2025-05-26,Chole Soya Chunks Curry,Veg_Mains,0,0,6,0,0.82,42.55,0,0,0.12,None,0,0.15,0.0,0,20,30,0
2025-05-27,Chole Soya Chunks Curry,Veg_Mains,1,0,5,0,4.69,43.11,0,0,0.05,None,1,0.25,0.0,0,20,30,199
2025-05-28,Chole Soya Chunks Curry,Veg_Mains,2,0,4,0,0.04,43.75,0,0,0.14,None,0,0.05,0.0,0,20,30,0
2025-05-29,Chole Soya Chunks Curry,Veg_Mains,3,0,3,0,0.0,39.84,0,0,0.11,None,1,0.2,0.0,0,20,30,178
2025-05-30,Chole Soya Chunks Curry,Veg_Mains,4,0,2,0,0.06,39.9,0,0,0.04,None,0,0.05,0.0,0,20,30,0
2025-05-31,Chole Soya Chunks Curry,Veg_Mains,5,0,1,0,1.87,40.0,0,0,0.12,None,1,0.3,0.0,0,20,30,180
2025-06-01,Chole Soya Chunks Curry,Veg_Mains,6,0,0,0,25.41,28.89,0,0,0.03,None,0,0.02,0.0,0,20,30,0
2025-06-02,Chole Soya Chunks Curry,Veg_Mains,0,0,29,0,26.88,27.02,0,0,0.04,None,0,0.15,0.0,0,20,30,0
2025-06-03,Chole Soya Chunks Curry,Veg_Mains,1,0,28,0,16.96,32.21,0,0,0.07,None,1,0.25,0.0,0,20,30,182
2025-06-04,Chole Soya Chunks Curry,Veg_Mains,2,0,27,0,12.66,33.5,0,0,0.09,None,0,0.05,0.0,0,20,30,0
2025-06-05,Chole Soya Chunks Curry,Veg_Mains,3,0,26,0,12.02,29.55,0,0,0.02,None,1,0.2,0.0,0,20,30,176
2025-06-06,Chole Soya Chunks Curry,Veg_Mains,4,0,25,0,28.15,25.81,0,0,0.08,None,0,0.05,0.0,0,20,30,0
2025-06-07,Chole Soya Chunks Curry,Veg_Mains,5,0,24,0,11.82,31.98,0,0,0.13,None,1,0.3,0.0,0,20,30,185
2025-06-08,Chole Soya Chunks Curry,Veg_Mains,6,0,23,0,16.3,26.01,0,0,0.14,None,0,0.02,0.0,0,20,30,0
2025-06-09,Chole Soya Chunks Curry,Veg_Mains,0,0,22,0,6.45,32.61,0,0,0.03,None,0,0.15,0.0,0,20,30,0
2025-06-10,Chole Soya Chunks Curry,Veg_Mains,1,0,21,0,8.05,25.65,0,0,0.03,None,1,0.25,0.0,0,20,30,213
2025-06-11,Chole Soya Chunks Curry,Veg_Mains,2,0,20,0,8.23,29.14,0,0,0.04,None,0,0.05,0.0,0,20,30,0
2025-06-12,Chole Soya Chunks Curry,Veg_Mains,3,0,19,0,68.93,32.61,1,0,0.13,None,1,0.2,0.0,0,20,30,192
2025-06-13,Chole Soya Chunks Curry,Veg_Mains,4,0,18,0,4.6,30.57,0,0,0.04,None,0,0.05,0.0,0,20,30,0
2025-06-14,Chole Soya Chunks Curry,Veg_Mains,5,0,17,0,41.11,28.18,1,0,0.05,None,1,0.3,0.0,0,20,30,248
2025-06-15,Chole Soya Chunks Curry,Veg_Mains,6,0,16,0,18.98,31.17,0,0,0.13,None,0,0.02,0.0,0,20,30,0
2025-06-16,Chole Soya Chunks Curry,Veg_Mains,0,0,15,0,5.36,26.81,0,0,0.07,None,0,0.15,0.0,0,20,30,0
2025-06-17,Chole Soya Chunks Curry,Veg_Mains,1,0,14,0,22.08,28.67,0,0,0.07,None,1,0.25,0.0,0,20,30,217
2025-06-18,Chole Soya Chunks Curry,Veg_Mains,2,0,13,0,18.16,32.57,0,0,0.13,None,0,0.05,0.0,0,20,30,0
2025-06-19,Chole Soya Chunks Curry,Veg_Mains,3,0,12,0,42.4,28.65,1,0,0.04,None,1,0.2,0.0,0,20,30,196
2025-06-20,Chole Soya Chunks Curry,Veg_Mains,4,0,11,0,35.76,30.01,0,1,0.03,None,0,0.05,0.0,0,20,30,0
2025-06-21,Chole Soya Chunks Curry,Veg_Mains,5,0,10,0,14.15,35.24,0,0,0.07,None,1,0.3,0.0,0,20,30,206
2025-06-22,Chole Soya Chunks Curry,Veg_Mains,6,0,9,0,7.41,32.01,0,1,0.08,None,0,0.02,0.0,0,20,30,0
2025-06-23,Chole Soya Chunks Curry,Veg_Mains,0,0,8,0,20.98,28.03,0,0,0.06,None,0,0.15,0.0,0,20,30,0
2025-06-24,Chole Soya Chunks Curry,Veg_Mains,1,0,7,0,1.68,27.14,0,0,0.13,None,1,0.25,0.0,0,20,30,171
2025-06-25,Chole Soya Chunks Curry,Veg_Mains,2,0,6,0,18.61,30.84,0,0,0.02,None,0,0.05,0.0,0,20,30,0
2025-06-26,Chole Soya Chunks Curry,Veg_Mains,3,0,5,0,25.11,32.13,0,0,0.12,None,1,0.2,0.0,0,20,30,198
2025-06-27,Chole Soya Chunks Curry,Veg_Mains,4,0,4,0,12.76,33.15,0,0,0.03,None,0,0.05,0.0,0,20,30,0
2025-06-28,Chole Soya Chunks Curry,Veg_Mains,5,0,3,0,13.78,23.69,0,1,0.11,None,1,0.3,0.0,0,20,30,223
2025-06-29,Chole Soya Chunks Curry,Veg_Mains,6,0,2,0,2.46,33.14,0,0,0.13,None,0,0.02,0.0,0,20,30,0
2025-06-30,Chole Soya Chunks Curry,Veg_Mains,0,0,1,0,70.63,36.56,1,0,0.12,None,0,0.15,0.0,0,20,30,0
2025-07-01,Chole Soya Chunks Curry,Veg_Mains,1,0,1,0,16.48,24.6,0,0,0.13,None,1,0.25,0.0,0,20,30,184
2025-07-02,Chole Soya Chunks Curry,Veg_Mains,2,0,0,0,12.81,32.22,0,0,0.14,None,0,0.05,0.0,0,20,30,0
2025-07-03,Chole Soya Chunks Curry,Veg_Mains,3,0,29,0,4.66,30.09,0,1,0.08,None,1,0.2,0.0,0,20,30,218
2025-07-04,Chole Soya Chunks Curry,Veg_Mains,4,0,28,0,3.57,30.12,0,0,0.09,None,0,0.05,0.0,0,20,30,0
2025-07-05,Chole Soya Chunks Curry,Veg_Mains,5,0,27,0,6.32,32.87,0,1,0.08,None,1,0.3,0.0,0,20,30,229
2025-07-06,Chole Soya Chunks Curry,Veg_Mains,6,0,26,0,23.21,26.37,0,0,0.07,None,0,0.02,0.0,0,20,30,0
2025-07-07,Chole Soya Chunks Curry,Veg_Mains,0,0,25,0,24.02,31.2,0,0,0.04,None,0,0.15,0.0,0,20,30,0
2025-07-08,Chole Soya Chunks Curry,Veg_Mains,1,0,24,0,26.46,29.96,0,0,0.11,None,1,0.25,0.0,0,20,30,197
2025-07-09,Chole Soya Chunks Curry,Veg_Mains,2,1,23,0,12.81,27.19,0,0,0.12,None,0,0.05,0.0,1,20,30,0
2025-07-10,Chole Soya Chunks Curry,Veg_Mains,3,0,22,0,30.11,31.18,0,0,0.05,None,1,0.2,0.0,0,20,30,226
2025-07-11,Chole Soya Chunks Curry,Veg_Mains,4,0,21,0,9.52,33.1,0,0,0.14,None,0,0.05,0.0,0,20,30,0
2025-07-12,Chole Soya Chunks Curry,Veg_Mains,5,0,20,0,21.23,31.55,0,1,0.05,None,1,0.3,0.0,0,20,30,282
2025-07-13,Chole Soya Chunks Curry,Veg_Mains,6,0,19,0,2.1,27.98,0,0,0.02,None,0,0.02,0.0,0,20,30,0
2025-07-14,Chole Soya Chunks Curry,Veg_Mains,0,0,18,0,5.93,28.76,0,0,0.09,None,0,0.15,0.0,0,20,30,0
2025-07-15,Chole Soya Chunks Curry,Veg_Mains,1,0,17,0,23.34,30.68,0,0,0.09,None,1,0.25,0.0,0,20,30,207
2025-07-16,Chole Soya Chunks Curry,Veg_Mains,2,0,16,0,13.89,34.32,0,0,0.13,None,0,0.05,0.0,0,20,30,0
2025-07-17,Chole Soya Chunks Curry,Veg_Mains,3,0,15,0,28.73,33.48,0,0,0.04,None,1,0.2,0.0,0,20,30,209
2025-07-18,Chole Soya Chunks Curry,Veg_Mains,4,0,14,0,22.37,30.87,0,0,0.07,None,0,0.05,0.0,0,20,30,0
2025-07-19,Chole Soya Chunks Curry,Veg_Mains,5,0,13,0,7.32,28.71,0,1,0.11,None,1,0.3,0.0,0,20,30,237
2025-07-20,Chole Soya Chunks Curry,Veg_Mains,6,0,12,0,64.65,31.17,1,1,0.1,None,0,0.02,0.0,0,20,30,0
2025-07-21,Chole Soya Chunks Curry,Veg_Mains,0,0,11,0,16.5,32.46,0,0,0.13,None,0,0.15,0.0,0,20,30,0
2025-07-22,Chole Soya Chunks Curry,Veg_Mains,1,0,10,0,8.2,28.8,0,0,0.08,None,1,0.25,0.0,0,20,30,194
2025-07-23,Chole Soya Chunks Curry,Veg_Mains,2,0,9,0,9.53,31.39,0,0,0.13,None,0,0.05,0.0,0,20,30,0
2025-07-24,Chole Soya Chunks Curry,Veg_Mains,3,0,8,0,27.42,25.59,0,0,0.03,None,1,0.2,0.0,0,20,30,230
2025-07-25,Chole Soya Chunks Curry,Veg_Mains,4,0,7,0,25.67,26.35,0,1,0.06,Shravan,0,0.4,0.02,0,20,30,0
2025-07-26,Chole Soya Chunks Curry,Veg_Mains,5,0,6,0,7.4,30.24,0,0,0.14,Shravan,1,0.4,0.02,0,20,30,194
2025-07-27,Chole Soya Chunks Curry,Veg_Mains,6,0,5,0,8.15,29.49,0,0,0.06,Shravan,0,0.4,0.02,0,20,30,0
2025-07-28,Chole Soya Chunks Curry,Veg_Mains,0,1,4,1,13.53,25.47,0,1,0.2,Shravan,0,0.4,0.02,1,20,30,0
2025-07-29,Chole Soya Chunks Curry,Veg_Mains,1,0,3,0,3.33,27.91,0,0,0.03,Shravan,1,0.4,0.02,0,20,30,212
2025-07-30,Chole Soya Chunks Curry,Veg_Mains,2,0,2,0,31.43,27.99,0,1,0.05,Shravan,0,0.4,0.02,0,20,30,0
2025-07-31,Chole Soya Chunks Curry,Veg_Mains,3,0,1,0,10.42,29.18,0,0,0.06,Shravan,1,0.4,0.02,0,20,30,218
2025-08-01,Chole Soya Chunks Curry,Veg_Mains,4,0,1,0,36.62,25.1,0,0,0.06,Shravan,0,0.4,0.02,0,20,30,0
2025-08-02,Chole Soya Chunks Curry,Veg_Mains,5,0,0,0,7.33,29.43,0,0,0.12,Shravan,1,0.4,0.02,0,20,30,216
2025-08-03,Chole Soya Chunks Curry,Veg_Mains,6,0,29,0,15.27,34.33,0,0,0.14,Shravan,0,0.4,0.02,0,20,30,0
2025-08-04,Chole Soya Chunks Curry,Veg_Mains,0,0,28,0,10.46,27.27,0,1,0.03,Shravan,0,0.4,0.02,0,20,30,0
2025-08-05,Chole Soya Chunks Curry,Veg_Mains,1,0,27,0,12.49,26.1,0,0,0.03,Shravan,1,0.4,0.02,0,20,30,206
2025-08-06,Chole Soya Chunks Curry,Veg_Mains,2,0,26,0,9.79,30.59,0,1,0.03,Shravan,0,0.4,0.02,0,20,30,0
2025-08-07,Chole Soya Chunks Curry,Veg_Mains,3,0,25,0,17.87,25.41,0,1,0.08,Shravan,1,0.4,0.02,0,20,30,246
2025-08-08,Chole Soya Chunks Curry,Veg_Mains,4,0,24,0,30.73,28.85,0,1,0.14,Shravan,0,0.4,0.02,0,20,30,0
2025-08-09,Chole Soya Chunks Curry,Veg_Mains,5,0,23,0,5.54,29.47,0,0,0.14,Shravan,1,0.4,0.02,0,20,30,179
2025-08-10,Chole Soya Chunks Curry,Veg_Mains,6,0,22,0,4.81,32.38,0,0,0.12,Shravan,0,0.4,0.02,0,20,30,0
2025-08-11,Chole Soya Chunks Curry,Veg_Mains,0,0,21,0,9.76,32.27,0,0,0.07,Shravan,0,0.4,0.02,0,20,30,0
2025-08-12,Chole Soya Chunks Curry,Veg_Mains,1,0,20,0,40.6,33.02,1,0,0.03,Shravan,1,0.4,0.02,0,20,30,254
2025-08-13,Chole Soya Chunks Curry,Veg_Mains,2,0,19,0,16.51,34.76,0,1,0.13,Shravan,0,0.4,0.02,0,20,30,0
2025-08-14,Chole Soya Chunks Curry,Veg_Mains,3,0,18,0,11.01,29.49,0,0,0.02,Shravan,1,0.4,0.02,0,20,30,236
2025-08-15,Chole Soya Chunks Curry,Veg_Mains,4,0,17,0,23.19,22.85,0,1,0.1,Shravan,0,0.4,0.02,0,20,30,0
2025-08-16,Chole Soya Chunks Curry,Veg_Mains,5,0,16,0,33.64,31.29,0,0,0.07,Shravan,1,0.4,0.02,0,20,30,263
2025-08-17,Chole Soya Chunks Curry,Veg_Mains,6,0,15,0,28.08,30.19,0,1,0.06,Shravan,0,0.4,0.02,0,20,30,0
2025-08-18,Chole Soya Chunks Curry,Veg_Mains,0,0,14,0,27.95,33.59,0,0,0.04,Shravan,0,0.4,0.02,0,20,30,0
2025-08-19,Chole Soya Chunks Curry,Veg_Mains,1,0,13,0,9.44,27.66,0,0,0.04,Shravan,1,0.4,0.02,0,20,30,216
2025-08-20,Chole Soya Chunks Curry,Veg_Mains,2,0,12,0,21.32,34.85,0,1,0.12,Shravan,0,0.4,0.02,0,20,30,0
2025-08-21,Chole Soya Chunks Curry,Veg_Mains,3,0,11,0,32.23,33.67,0,0,0.08,Shravan,1,0.4,0.02,0,20,30,248
2025-08-22,Chole Soya Chunks Curry,Veg_Mains,4,0,10,0,40.36,29.48,1,0,0.02,Shravan,0,0.4,0.02,0,20,30,0
2025-08-23,Chole Soya Chunks Curry,Veg_Mains,5,0,9,0,34.21,26.86,0,1,0.05,Shravan,1,0.4,0.02,0,20,30,309
2025-08-24,Chole Soya Chunks Curry,Veg_Mains,6,0,8,0,11.72,30.28,0,0,0.04,None,0,0.02,0.0,0,20,30,0
2025-08-25,Chole Soya Chunks Curry,Veg_Mains,0,0,7,0,16.87,34.93,0,0,0.12,None,0,0.15,0.0,0,20,30,0
2025-08-26,Chole Soya Chunks Curry,Veg_Mains,1,0,6,0,19.73,31.51,0,0,0.1,None,1,0.25,0.0,0,20,30,189
2025-08-27,Chole Soya Chunks Curry,Veg_Mains,2,0,5,0,23.76,29.02,0,0,0.14,None,0,0.05,0.0,0,20,30,0
2025-08-28,Chole Soya Chunks Curry,Veg_Mains,3,0,4,0,51.46,33.12,1,0,0.08,None,1,0.2,0.0,0,20,30,207
2025-08-29,Chole Soya Chunks Curry,Veg_Mains,4,0,3,0,14.76,27.18,0,0,0.12,None,0,0.05,0.0,0,20,30,0
2025-08-30,Chole Soya Chunks Curry,Veg_Mains,5,0,2,0,21.86,27.78,0,1,0.11,None,1,0.3,0.0,0,20,30,274
2025-08-31,Chole Soya Chunks Curry,Veg_Mains,6,0,1,0,12.87,31.63,0,0,0.08,None,0,0.02,0.0,0,20,30,0
2025-09-01,Chole Soya Chunks Curry,Veg_Mains,0,0,0,0,31.96,29.61,0,0,0.05,None,0,0.15,0.0,0,20,30,0
2025-09-02,Chole Soya Chunks Curry,Veg_Mains,1,0,29,0,20.1,29.96,0,0,0.09,None,1,0.25,0.0,0,20,30,226
2025-09-03,Chole Soya Chunks Curry,Veg_Mains,2,0,28,0,18.87,32.24,0,0,0.1,None,0,0.05,0.0,0,20,30,0
2025-09-04,Chole Soya Chunks Curry,Veg_Mains,3,0,27,0,40.76,27.15,1,0,0.03,None,1,0.2,0.0,0,20,30,205
2025-09-05,Chole Soya Chunks Curry,Veg_Mains,4,0,26,0,11.03,30.21,0,0,0.1,None,0,0.05,0.0,0,20,30,0
2025-09-06,Chole Soya Chunks Curry,Veg_Mains,5,0,25,0,8.78,29.69,0,0,0.08,None,1,0.3,0.0,0,20,30,193
2025-09-07,Chole Soya Chunks Curry,Veg_Mains,6,0,24,0,21.97,32.55,0,1,0.14,None,0,0.02,0.0,0,20,30,0
2025-09-08,Chole Soya Chunks Curry,Veg_Mains,0,0,23,0,11.75,31.35,0,0,0.09,None,0,0.15,0.0,0,20,30,0
2025-09-09,Chole Soya Chunks Curry,Veg_Mains,1,0,22,0,12.87,22.78,0,0,0.15,None,1,0.25,0.0,0,20,30,187
2025-09-10,Chole Soya Chunks Curry,Veg_Mains,2,0,21,0,19.57,29.0,0,0,0.03,None,0,0.05,0.0,0,20,30,0
2025-09-11,Chole Soya Chunks Curry,Veg_Mains,3,0,20,0,21.86,28.85,0,0,0.08,None,1,0.2,0.0,0,20,30,197
2025-09-12,Chole Soya Chunks Curry,Veg_Mains,4,0,19,0,4.57,31.71,0,0,0.14,None,0,0.05,0.0,0,20,30,0
2025-09-13,Chole Soya Chunks Curry,Veg_Mains,5,0,18,0,24.27,30.32,0,0,0.14,None,1,0.3,0.0,0,20,30,196
2025-09-14,Chole Soya Chunks Curry,Veg_Mains,6,0,17,0,10.29,28.15,0,0,0.09,None,0,0.02,0.0,0,20,30,0
2025-09-15,Chole Soya Chunks Curry,Veg_Mains,0,0,16,0,9.3,31.37,0,1,0.07,None,0,0.15,0.0,0,20,30,0
2025-09-16,Chole Soya Chunks Curry,Veg_Mains,1,0,15,0,53.8,29.21,1,0,0.03,None,1,0.25,0.0,0,20,30,239
2025-09-17,Chole Soya Chunks Curry,Veg_Mains,2,1,14,0,22.05,32.09,0,0,0.13,None,0,0.05,0.0,1,20,30,0
2025-09-18,Chole Soya Chunks Curry,Veg_Mains,3,0,13,0,43.07,22.69,1,0,0.03,None,1,0.2,0.0,0,20,30,219
2025-09-19,Chole Soya Chunks Curry,Veg_Mains,4,0,12,0,20.38,28.21,0,0,0.02,None,0,0.05,0.0,0,20,30,0
2025-09-20,Chole Soya Chunks Curry,Veg_Mains,5,0,11,0,15.17,26.69,0,0,0.11,None,1,0.3,0.0,0,20,30,206
2025-09-21,Chole Soya Chunks Curry,Veg_Mains,6,0,10,0,4.05,35.6,0,0,0.13,None,0,0.02,0.0,0,20,30,0
2025-09-22,Chole Soya Chunks Curry,Veg_Mains,0,0,9,0,11.3,25.86,0,0,0.07,Navratri,0,0.45,0.05,0,20,30,0
2025-09-23,Chole Soya Chunks Curry,Veg_Mains,1,0,8,0,4.47,29.46,0,0,0.14,Navratri,1,0.45,0.05,0,20,30,191
2025-09-24,Chole Soya Chunks Curry,Veg_Mains,2,0,7,0,4.55,33.68,0,0,0.05,Navratri,0,0.45,0.05,0,20,30,0
2025-09-25,Chole Soya Chunks Curry,Veg_Mains,3,0,6,0,3.94,35.02,0,0,0.08,Navratri,1,0.45,0.05,0,20,30,196
2025-09-26,Chole Soya Chunks Curry,Veg_Mains,4,0,5,0,23.19,33.02,0,0,0.13,Navratri,0,0.45,0.05,0,20,30,0
2025-09-27,Chole Soya Chunks Curry,Veg_Mains,5,0,4,0,14.78,33.18,0,0,0.08,Navratri,1,0.45,0.05,0,20,30,203
2025-09-28,Chole Soya Chunks Curry,Veg_Mains,6,0,3,0,23.49,25.04,0,0,0.13,Navratri,0,0.45,0.05,0,20,30,0
2025-09-29,Chole Soya Chunks Curry,Veg_Mains,0,0,2,0,26.44,30.25,0,0,0.1,Navratri,0,0.45,0.05,0,20,30,0
2025-09-30,Chole Soya Chunks Curry,Veg_Mains,1,0,1,0,9.36,38.68,0,0,0.07,Navratri,1,0.45,0.05,0,20,30,233
2025-10-01,Chole Soya Chunks Curry,Veg_Mains,2,0,1,0,0.27,27.83,0,0,0.05,Navratri,0,0.45,0.05,0,20,30,0
2025-10-02,Chole Soya Chunks Curry,Veg_Mains,3,0,0,0,0.64,18.13,0,0,0.1,Navratri,1,0.45,0.05,0,20,30,210
2025-10-03,Chole Soya Chunks Curry,Veg_Mains,4,0,29,0,3.25,33.83,0,0,0.04,None,0,0.05,0.0,0,20,30,0
2025-10-04,Chole Soya Chunks Curry,Veg_Mains,5,0,28,0,0.36,28.18,0,0,0.09,None,1,0.3,0.0,0,20,30,186
2025-10-05,Chole Soya Chunks Curry,Veg_Mains,6,0,27,0,7.45,20.19,0,0,0.11,None,0,0.02,0.0,0,20,30,0
2025-10-06,Chole Soya Chunks Curry,Veg_Mains,0,0,26,0,0.64,31.98,0,1,0.11,None,0,0.15,0.0,0,20,30,0
2025-10-07,Chole Soya Chunks Curry,Veg_Mains,1,0,25,0,0.62,27.56,0,0,0.06,None,1,0.25,0.0,0,20,30,181
2025-10-08,Chole Soya Chunks Curry,Veg_Mains,2,0,24,0,1.16,29.4,0,0,0.04,None,0,0.05,0.0,0,20,30,0
2025-10-09,Chole Soya Chunks Curry,Veg_Mains,3,0,23,0,6.94,24.7,0,0,0.06,None,1,0.2,0.0,0,20,30,184
2025-10-10,Chole Soya Chunks Curry,Veg_Mains,4,0,22,0,1.79,25.61,0,0,0.08,None,0,0.05,0.0,0,20,30,0
2025-10-11,Chole Soya Chunks Curry,Veg_Mains,5,0,21,0,1.16,22.14,0,0,0.03,None,1,0.3,0.0,0,20,30,217
2025-10-12,Chole Soya Chunks Curry,Veg_Mains,6,0,20,0,1.94,23.58,0,0,0.12,None,0,0.02,0.0,0,20,30,0
2025-10-13,Chole Soya Chunks Curry,Veg_Mains,0,0,19,0,6.14,29.74,0,0,0.13,None,0,0.15,0.0,0,20,30,0
2025-10-14,Chole Soya Chunks Curry,Veg_Mains,1,1,18,0,0.23,34.28,0,0,0.03,None,1,0.25,0.0,1,20,30,20
2025-10-15,Chole Soya Chunks Curry,Veg_Mains,2,0,17,0,0.23,20.63,0,1,0.05,None,0,0.05,0.0,0,20,30,0
2025-10-16,Chole Soya Chunks Curry,Veg_Mains,3,0,16,0,17.13,30.21,0,0,0.1,None,1,0.2,0.0,0,20,30,179
2025-10-17,Chole Soya Chunks Curry,Veg_Mains,4,0,15,0,2.31,19.81,0,0,0.03,None,0,0.05,0.0,0,20,30,0
2025-10-18,Chole Soya Chunks Curry,Veg_Mains,5,0,14,0,0.02,26.21,0,0,0.14,None,1,0.3,0.0,0,20,30,202
2025-10-19,Chole Soya Chunks Curry,Veg_Mains,6,0,13,0,3.28,25.91,0,0,0.1,None,0,0.02,0.0,0,20,30,0
2025-10-20,Chole Soya Chunks Curry,Veg_Mains,0,0,12,0,1.08,26.42,0,0,0.04,None,0,0.15,0.0,0,20,30,0
2025-10-21,Chole Soya Chunks Curry,Veg_Mains,1,0,11,0,6.67,28.53,0,0,0.1,None,1,0.25,0.0,0,20,30,196
2025-10-22,Chole Soya Chunks Curry,Veg_Mains,2,0,10,0,1.0,21.71,0,0,0.09,None,0,0.05,0.0,0,20,30,0
2025-10-23,Chole Soya Chunks Curry,Veg_Mains,3,0,9,0,1.25,25.11,0,0,0.08,None,1,0.2,0.0,0,20,30,182
2025-10-24,Chole Soya Chunks Curry,Veg_Mains,4,0,8,0,1.68,33.84,0,0,0.11,None,0,0.05,0.0,0,20,30,0
2025-10-25,Chole Soya Chunks Curry,Veg_Mains,5,0,7,0,3.81,23.24,0,0,0.05,None,1,0.3,0.0,0,20,30,202
2025-10-26,Chole Soya Chunks Curry,Veg_Mains,6,0,6,0,7.09,17.24,0,0,0.07,None,0,0.02,0.0,0,20,30,0
2025-10-27,Chole Soya Chunks Curry,Veg_Mains,0,0,5,0,0.67,19.63,0,1,0.04,None,0,0.15,0.0,0,20,30,0
2025-10-28,Chole Soya Chunks Curry,Veg_Mains,1,0,4,0,2.52,22.09,0,0,0.13,None,1,0.25,0.0,0,20,30,185
2025-10-29,Chole Soya Chunks Curry,Veg_Mains,2,0,3,0,1.08,24.93,0,0,0.12,None,0,0.05,0.0,0,20,30,0
2025-10-30,Chole Soya Chunks Curry,Veg_Mains,3,0,2,0,0.17,23.49,0,0,0.02,None,1,0.2,0.0,0,20,30,183
2025-10-31,Chole Soya Chunks Curry,Veg_Mains,4,0,1,0,5.48,25.35,0,0,0.1,None,0,0.05,0.0,0,20,30,0
2025-11-01,Chole Soya Chunks Curry,Veg_Mains,5,0,0,0,0.33,17.55,0,1,0.05,None,1,0.3,0.0,0,20,30,234
2025-11-02,Chole Soya Chunks Curry,Veg_Mains,6,0,29,0,2.02,25.07,0,1,0.11,None,0,0.02,0.0,0,20,30,0
2025-11-03,Chole Soya Chunks Curry,Veg_Mains,0,0,28,0,0.14,21.5,0,1,0.04,None,0,0.15,0.0,0,20,30,0
2025-11-04,Chole Soya Chunks Curry,Veg_Mains,1,0,27,0,0.01,15.53,0,0,0.11,None,1,0.25,0.0,0,20,30,177
2025-11-05,Chole Soya Chunks Curry,Veg_Mains,2,0,26,0,8.46,27.64,0,1,0.12,None,0,0.05,0.0,0,20,30,0
2025-11-06,Chole Soya Chunks Curry,Veg_Mains,3,0,25,0,0.91,25.11,0,0,0.07,None,1,0.2,0.0,0,20,30,182
2025-11-07,Chole Soya Chunks Curry,Veg_Mains,4,0,24,0,1.44,26.07,0,0,0.1,None,0,0.05,0.0,0,20,30,0
2025-11-08,Chole Soya Chunks Curry,Veg_Mains,5,0,23,0,6.73,33.14,0,1,0.04,None,1,0.3,0.0,0,20,30,244
2025-11-09,Chole Soya Chunks Curry,Veg_Mains,6,0,22,0,0.96,24.69,0,1,0.15,None,0,0.02,0.0,0,20,30,0
2025-11-10,Chole Soya Chunks Curry,Veg_Mains,0,0,21,0,7.64,28.24,0,0,0.05,None,0,0.15,0.0,0,20,30,0
2025-11-11,Chole Soya Chunks Curry,Veg_Mains,1,0,20,0,4.6,30.72,0,1,0.11,None,1,0.25,0.0,0,20,30,213
2025-11-12,Chole Soya Chunks Curry,Veg_Mains,2,0,19,0,0.71,23.6,0,0,0.14,None,0,0.05,0.0,0,20,30,0
2025-11-13,Chole Soya Chunks Curry,Veg_Mains,3,0,18,0,4.24,28.11,0,0,0.11,None,1,0.2,0.0,0,20,30,184
2025-11-14,Chole Soya Chunks Curry,Veg_Mains,4,0,17,0,1.92,21.73,0,1,0.08,None,0,0.05,0.0,0,20,30,0
2025-11-15,Chole Soya Chunks Curry,Veg_Mains,5,0,16,0,5.25,23.11,0,0,0.09,None,1,0.3,0.0,0,20,30,184
2025-11-16,Chole Soya Chunks Curry,Veg_Mains,6,0,15,0,0.95,24.06,0,1,0.07,None,0,0.02,0.0,0,20,30,0
2025-11-17,Chole Soya Chunks Curry,Veg_Mains,0,0,14,0,1.23,27.5,0,0,0.08,None,0,0.15,0.0,0,20,30,0
2025-11-18,Chole Soya Chunks Curry,Veg_Mains,1,0,13,0,1.72,17.14,0,0,0.12,None,1,0.25,0.0,0,20,30,190
2025-11-19,Chole Soya Chunks Curry,Veg_Mains,2,0,12,0,1.38,17.08,0,0,0.05,None,0,0.05,0.0,0,20,30,0
2025-11-20,Chole Soya Chunks Curry,Veg_Mains,3,0,11,0,0.16,33.39,0,1,0.09,None,1,0.2,0.0,0,20,30,203
2025-11-21,Chole Soya Chunks Curry,Veg_Mains,4,1,10,1,1.48,26.35,0,0,0.27,None,0,0.05,0.0,1,20,30,0
2025-11-22,Chole Soya Chunks Curry,Veg_Mains,5,0,9,0,2.08,21.12,0,0,0.12,None,1,0.3,0.0,0,20,30,186
2025-11-23,Chole Soya Chunks Curry,Veg_Mains,6,0,8,0,0.38,19.84,0,0,0.04,None,0,0.02,0.0,0,20,30,0
2025-11-24,Chole Soya Chunks Curry,Veg_Mains,0,0,7,0,3.43,24.39,0,1,0.09,None,0,0.15,0.0,0,20,30,0
2025-11-25,Chole Soya Chunks Curry,Veg_Mains,1,0,6,0,9.04,24.07,0,0,0.09,None,1,0.25,0.0,0,20,30,181
2025-11-26,Chole Soya Chunks Curry,Veg_Mains,2,0,5,0,9.87,18.33,0,0,0.07,None,0,0.05,0.0,0,20,30,0
2025-11-27,Chole Soya Chunks Curry,Veg_Mains,3,0,4,0,5.08,32.32,0,1,0.08,None,1,0.2,0.0,0,20,30,209
2025-11-28,Chole Soya Chunks Curry,Veg_Mains,4,0,3,0,0.12,23.24,0,1,0.09,None,0,0.05,0.0,0,20,30,0
2025-11-29,Chole Soya Chunks Curry,Veg_Mains,5,0,2,0,1.42,20.84,0,0,0.11,None,1,0.3,0.0,0,20,30,199
2025-11-30,Chole Soya Chunks Curry,Veg_Mains,6,0,1,0,0.41,20.47,0,0,0.06,None,0,0.02,0.0,0,20,30,0
2025-12-01,Chole Soya Chunks Curry,Veg_Mains,0,0,1,0,1.05,26.19,0,0,0.13,None,0,0.15,0.0,0,20,30,0
2025-12-02,Chole Soya Chunks Curry,Veg_Mains,1,0,0,0,0.68,21.02,0,0,0.12,None,1,0.25,0.0,0,20,30,199
2025-12-03,Chole Soya Chunks Curry,Veg_Mains,2,0,29,0,2.98,26.89,0,0,0.02,None,0,0.05,0.0,0,20,30,0
2025-12-04,Chole Soya Chunks Curry,Veg_Mains,3,0,28,0,7.33,19.93,0,1,0.05,None,1,0.2,0.0,0,20,30,229
2025-12-05,Chole Soya Chunks Curry,Veg_Mains,4,0,27,0,5.09,22.22,0,0,0.11,None,0,0.05,0.0,0,20,30,0
2025-12-06,Chole Soya Chunks Curry,Veg_Mains,5,0,26,0,0.22,27.36,0,0,0.09,None,1,0.3,0.0,0,20,30,183
2025-12-07,Chole Soya Chunks Curry,Veg_Mains,6,0,25,0,1.75,27.0,0,0,0.03,None,0,0.02,0.0,0,20,30,0
2025-12-08,Chole Soya Chunks Curry,Veg_Mains,0,0,24,0,0.09,26.94,0,0,0.11,None,0,0.15,0.0,0,20,30,0
2025-12-09,Chole Soya Chunks Curry,Veg_Mains,1,0,23,0,1.94,18.78,0,0,0.13,None,1,0.25,0.0,0,20,30,184
2025-12-10,Chole Soya Chunks Curry,Veg_Mains,2,0,22,0,0.69,24.94,0,0,0.03,None,0,0.05,0.0,0,20,30,0
2025-12-11,Chole Soya Chunks Curry,Veg_Mains,3,0,21,0,4.62,26.92,0,0,0.14,None,1,0.2,0.0,0,20,30,176
2025-12-12,Chole Soya Chunks Curry,Veg_Mains,4,0,20,0,0.59,27.01,0,0,0.13,None,0,0.05,0.0,0,20,30,0
2025-12-13,Chole Soya Chunks Curry,Veg_Mains,5,0,19,0,5.74,26.85,0,0,0.05,None,1,0.3,0.0,0,20,30,200
2025-12-14,Chole Soya Chunks Curry,Veg_Mains,6,0,18,0,0.8,23.36,0,0,0.09,None,0,0.02,0.0,0,20,30,0
2025-12-15,Chole Soya Chunks Curry,Veg_Mains,0,0,17,0,2.61,20.03,0,0,0.04,None,0,0.15,0.0,0,20,30,0
2025-12-16,Chole Soya Chunks Curry,Veg_Mains,1,0,16,0,0.89,21.02,0,0,0.15,None,1,0.25,0.0,0,20,30,179
2025-12-17,Chole Soya Chunks Curry,Veg_Mains,2,0,15,0,9.6,28.67,0,0,0.1,None,0,0.05,0.0,0,20,30,0
2025-12-18,Chole Soya Chunks Curry,Veg_Mains,3,0,14,0,2.63,16.08,0,0,0.02,None,1,0.2,0.0,0,20,30,180
2025-12-19,Chole Soya Chunks Curry,Veg_Mains,4,1,13,1,1.29,16.48,0,0,0.17,None,0,0.05,0.0,1,20,30,0
2025-12-20,Chole Soya Chunks Curry,Veg_Mains,5,0,12,0,0.78,22.18,0,1,0.06,None,1,0.3,0.0,0,20,30,240
2025-12-21,Chole Soya Chunks Curry,Veg_Mains,6,0,11,0,9.77,23.74,0,0,0.1,None,0,0.02,0.0,0,20,30,0
2025-12-22,Chole Soya Chunks Curry,Veg_Mains,0,0,10,0,0.59,27.49,0,1,0.04,None,0,0.15,0.0,0,20,30,0
2025-12-23,Chole Soya Chunks Curry,Veg_Mains,1,0,9,0,8.7,26.51,0,0,0.14,None,1,0.25,0.0,0,20,30,177
2025-12-24,Chole Soya Chunks Curry,Veg_Mains,2,0,8,0,16.28,26.94,0,0,0.08,None,0,0.05,0.0,0,20,30,0
2025-12-25,Chole Soya Chunks Curry,Veg_Mains,3,0,7,0,0.27,24.62,0,0,0.1,None,1,0.2,0.0,0,20,30,180
2025-12-26,Chole Soya Chunks Curry,Veg_Mains,4,0,6,0,0.29,18.71,0,0,0.13,None,0,0.05,0.0,0,20,30,0
2025-12-27,Chole Soya Chunks Curry,Veg_Mains,5,0,5,0,1.66,25.84,0,0,0.06,None,1,0.3,0.0,0,20,30,195
2025-12-28,Chole Soya Chunks Curry,Veg_Mains,6,0,4,0,1.15,28.74,0,0,0.14,None,0,0.02,0.0,0,20,30,0
2025-12-29,Chole Soya Chunks Curry,Veg_Mains,0,0,3,0,2.31,23.98,0,0,0.08,None,0,0.15,0.0,0,20,30,0
2025-12-30,Chole Soya Chunks Curry,Veg_Mains,1,0,2,0,2.34,23.63,0,0,0.04,None,1,0.25,0.0,0,20,30,202
2025-12-31,Chole Soya Chunks Curry,Veg_Mains,2,0,1,0,4.89,20.74,0,0,0.12,None,0,0.05,0.0,0,20,30,0
2026-01-01,Chole Soya Chunks Curry,Veg_Mains,3,0,1,0,1.56,23.12,0,0,0.12,None,1,0.2,0.0,0,20,30,179
2026-01-02,Chole Soya Chunks Curry,Veg_Mains,4,0,0,0,1.99,27.96,0,0,0.14,None,0,0.05,0.0,0,20,30,0
2026-01-03,Chole Soya Chunks Curry,Veg_Mains,5,0,29,0,1.01,27.64,0,0,0.11,None,1,0.3,0.0,0,20,30,183
2026-01-04,Chole Soya Chunks Curry,Veg_Mains,6,0,28,0,6.49,24.21,0,0,0.13,None,0,0.02,0.0,0,20,30,0
2026-01-05,Chole Soya Chunks Curry,Veg_Mains,0,0,27,0,1.55,25.96,0,0,0.09,None,0,0.15,0.0,0,20,30,0
2026-01-06,Chole Soya Chunks Curry,Veg_Mains,1,0,26,0,5.92,24.33,0,0,0.11,None,1,0.25,0.0,0,20,30,173
2026-01-07,Chole Soya Chunks Curry,Veg_Mains,2,0,25,0,14.96,28.97,0,0,0.05,None,0,0.05,0.0,0,20,30,0
2026-01-08,Chole Soya Chunks Curry,Veg_Mains,3,0,24,0,3.36,27.83,0,0,0.02,None,1,0.2,0.0,0,20,30,200
2026-01-09,Chole Soya Chunks Curry,Veg_Mains,4,0,23,0,2.8,29.67,0,0,0.06,None,0,0.05,0.0,0,20,30,0
2026-01-10,Chole Soya Chunks Curry,Veg_Mains,5,0,22,0,3.8,17.96,0,0,0.05,None,1,0.3,0.0,0,20,30,187
2026-01-11,Chole Soya Chunks Curry,Veg_Mains,6,0,21,0,0.51,15.7,0,1,0.08,None,0,0.02,0.0,0,20,30,0
2026-01-12,Chole Soya Chunks Curry,Veg_Mains,0,0,20,0,0.87,27.01,0,1,0.14,None,0,0.15,0.0,0,20,30,0
2026-01-13,Chole Soya Chunks Curry,Veg_Mains,1,0,19,0,0.03,32.3,0,1,0.04,None,1,0.25,0.0,0,20,30,218
2026-01-14,Chole Soya Chunks Curry,Veg_Mains,2,0,18,0,0.76,23.8,0,0,0.05,None,0,0.05,0.0,0,20,30,0
2026-01-15,Chole Soya Chunks Curry,Veg_Mains,3,0,17,0,1.91,27.96,0,1,0.06,None,1,0.2,0.0,0,20,30,215
2026-01-16,Chole Soya Chunks Curry,Veg_Mains,4,0,16,0,0.21,25.12,0,0,0.12,None,0,0.05,0.0,0,20,30,0
2026-01-17,Chole Soya Chunks Curry,Veg_Mains,5,0,15,0,2.24,27.81,0,0,0.06,None,1,0.3,0.0,0,20,30,210
2026-01-18,Chole Soya Chunks Curry,Veg_Mains,6,0,14,0,1.55,22.59,0,0,0.04,None,0,0.02,0.0,0,20,30,0
2026-01-19,Chole Soya Chunks Curry,Veg_Mains,0,1,13,1,1.49,31.77,0,0,0.21,None,0,0.15,0.0,1,20,30,0
2026-01-20,Chole Soya Chunks Curry,Veg_Mains,1,0,12,0,0.4,25.92,0,0,0.05,None,1,0.25,0.0,0,20,30,202
2026-01-21,Chole Soya Chunks Curry,Veg_Mains,2,0,11,0,0.06,22.44,0,0,0.09,None,0,0.05,0.0,0,20,30,0
2026-01-22,Chole Soya Chunks Curry,Veg_Mains,3,0,10,0,2.44,22.16,0,0,0.14,None,1,0.2,0.0,0,20,30,163
2026-01-23,Chole Soya Chunks Curry,Veg_Mains,4,0,9,0,1.11,28.19,0,0,0.08,None,0,0.05,0.0,0,20,30,0
2026-01-24,Chole Soya Chunks Curry,Veg_Mains,5,0,8,0,0.45,26.21,0,0,0.08,None,1,0.3,0.0,0,20,30,189
2026-01-25,Chole Soya Chunks Curry,Veg_Mains,6,0,7,0,1.97,24.44,0,1,0.11,None,0,0.02,0.0,0,20,30,0
2026-01-26,Chole Soya Chunks Curry,Veg_Mains,0,0,6,0,3.19,23.75,0,0,0.1,None,0,0.15,0.0,0,20,30,0
2026-01-27,Chole Soya Chunks Curry,Veg_Mains,1,0,5,0,1.49,19.67,0,0,0.06,None,1,0.25,0.0,0,20,30,201
2026-01-28,Chole Soya Chunks Curry,Veg_Mains,2,0,4,0,2.1,28.08,0,0,0.09,None,0,0.05,0.0,0,20,30,0
2026-01-29,Chole Soya Chunks Curry,Veg_Mains,3,0,3,0,1.73,23.08,0,0,0.08,None,1,0.2,0.0,0,20,30,179
2026-01-30,Chole Soya Chunks Curry,Veg_Mains,4,0,2,0,2.11,22.23,0,1,0.13,None,0,0.05,0.0,0,20,30,0
2026-01-31,Chole Soya Chunks Curry,Veg_Mains,5,0,1,0,7.47,26.57,0,0,0.14,None,1,0.3,0.0,0,20,30,172
2026-02-01,Chole Soya Chunks Curry,Veg_Mains,6,0,28,0,0.1,28.98,0,0,0.11,None,0,0.02,0.0,0,20,30,0
2026-02-02,Chole Soya Chunks Curry,Veg_Mains,0,0,27,0,11.81,23.88,0,0,0.06,None,0,0.15,0.0,0,20,30,0
2026-02-03,Chole Soya Chunks Curry,Veg_Mains,1,0,26,0,4.55,27.37,0,0,0.1,None,1,0.25,0.0,0,20,30,206
2026-02-04,Chole Soya Chunks Curry,Veg_Mains,2,0,25,0,0.26,26.3,0,0,0.09,None,0,0.05,0.0,0,20,30,0
2026-02-05,Chole Soya Chunks Curry,Veg_Mains,3,0,24,0,0.51,23.28,0,0,0.1,None,1,0.2,0.0,0,20,30,175
2026-02-06,Chole Soya Chunks Curry,Veg_Mains,4,0,23,0,2.82,22.21,0,1,0.07,None,0,0.05,0.0,0,20,30,0
2026-02-07,Chole Soya Chunks Curry,Veg_Mains,5,0,22,0,1.08,23.79,0,1,0.12,None,1,0.3,0.0,0,20,30,206
2026-02-08,Chole Soya Chunks Curry,Veg_Mains,6,0,21,0,2.82,19.53,0,1,0.05,None,0,0.02,0.0,0,20,30,0
2026-02-09,Chole Soya Chunks Curry,Veg_Mains,0,0,20,0,2.54,31.92,0,0,0.04,None,0,0.15,0.0,0,20,30,0
2026-02-10,Chole Soya Chunks Curry,Veg_Mains,1,0,19,0,3.1,27.45,0,0,0.12,None,1,0.25,0.0,0,20,30,181
2026-02-11,Chole Soya Chunks Curry,Veg_Mains,2,0,18,0,1.42,18.95,0,0,0.06,None,0,0.05,0.0,0,20,30,0
2026-02-12,Chole Soya Chunks Curry,Veg_Mains,3,1,17,0,0.34,32.08,0,0,0.1,None,1,0.2,0.0,1,20,30,17
2026-02-13,Chole Soya Chunks Curry,Veg_Mains,4,0,16,0,1.01,35.89,0,0,0.03,None,0,0.05,0.0,0,20,30,0
2026-02-14,Chole Soya Chunks Curry,Veg_Mains,5,0,15,0,2.19,29.39,0,0,0.15,None,1,0.3,0.0,0,20,30,175
2026-02-15,Chole Soya Chunks Curry,Veg_Mains,6,0,14,0,1.82,22.73,0,1,0.12,None,0,0.02,0.0,0,20,30,0
2026-02-16,Chole Soya Chunks Curry,Veg_Mains,0,0,13,0,1.52,27.32,0,0,0.13,None,0,0.15,0.0,0,20,30,0
2026-02-17,Chole Soya Chunks Curry,Veg_Mains,1,1,12,0,5.88,22.14,0,0,0.14,Ramadan,1,0.25,0.15,1,20,30,15
2026-02-18,Chole Soya Chunks Curry,Veg_Mains,2,0,11,0,0.88,15.09,0,0,0.02,Ramadan,0,0.05,0.15,0,20,30,0
2026-02-19,Chole Soya Chunks Curry,Veg_Mains,3,0,10,0,3.85,27.81,0,0,0.06,Ramadan,1,0.2,0.15,0,20,30,152
2026-02-20,Chole Soya Chunks Curry,Veg_Mains,4,0,9,0,1.53,20.25,0,0,0.08,Ramadan,0,0.05,0.15,0,20,30,0
2026-02-21,Chole Soya Chunks Curry,Veg_Mains,5,0,8,0,8.27,27.75,0,0,0.09,Ramadan,1,0.3,0.15,0,20,30,160
2026-02-22,Chole Soya Chunks Curry,Veg_Mains,6,0,7,0,0.76,23.22,0,0,0.14,Ramadan,0,0.02,0.15,0,20,30,0
2026-02-23,Chole Soya Chunks Curry,Veg_Mains,0,1,6,1,8.33,22.7,0,1,0.28,Ramadan,0,0.15,0.15,1,20,30,0
2026-02-24,Chole Soya Chunks Curry,Veg_Mains,1,0,5,0,3.71,26.98,0,1,0.05,Ramadan,1,0.25,0.15,0,20,30,210
2026-02-25,Chole Soya Chunks Curry,Veg_Mains,2,0,4,0,3.25,24.15,0,0,0.07,Ramadan,0,0.05,0.15,0,20,30,0
2026-02-26,Chole Soya Chunks Curry,Veg_Mains,3,0,3,0,1.58,33.11,0,0,0.04,Ramadan,1,0.2,0.15,0,20,30,163
2026-02-27,Chole Soya Chunks Curry,Veg_Mains,4,0,2,0,7.19,29.31,0,0,0.12,Ramadan,0,0.05,0.15,0,20,30,0
2026-02-28,Chole Soya Chunks Curry,Veg_Mains,5,0,1,0,0.95,21.01,0,1,0.02,Ramadan,1,0.3,0.15,0,20,30,211
2026-03-01,Chole Soya Chunks Curry,Veg_Mains,6,0,1,0,2.48,24.96,0,0,0.03,Ramadan,0,0.02,0.15,0,20,30,0
2026-03-02,Chole Soya Chunks Curry,Veg_Mains,0,0,0,0,9.23,26.75,0,0,0.12,Ramadan,0,0.15,0.15,0,20,30,0
2026-03-03,Chole Soya Chunks Curry,Veg_Mains,1,0,29,0,2.74,28.02,0,0,0.09,Ramadan,1,0.25,0.15,0,20,30,167
2026-03-04,Chole Soya Chunks Curry,Veg_Mains,2,0,28,0,0.2,25.68,0,0,0.02,Ramadan,0,0.05,0.15,0,20,30,0
2026-03-05,Chole Soya Chunks Curry,Veg_Mains,3,0,27,0,1.55,23.88,0,1,0.07,Ramadan,1,0.2,0.15,0,20,30,205
2026-03-06,Chole Soya Chunks Curry,Veg_Mains,4,0,26,0,0.06,24.96,0,0,0.06,Ramadan,0,0.05,0.15,0,20,30,0
2026-03-07,Chole Soya Chunks Curry,Veg_Mains,5,0,25,0,2.02,32.57,0,0,0.05,Ramadan,1,0.3,0.15,0,20,30,164
2026-03-08,Chole Soya Chunks Curry,Veg_Mains,6,0,24,0,0.83,22.02,0,0,0.12,Ramadan,0,0.02,0.15,0,20,30,0
2026-03-09,Chole Soya Chunks Curry,Veg_Mains,0,0,23,0,1.05,26.97,0,0,0.04,Ramadan,0,0.15,0.15,0,20,30,0
2026-03-10,Chole Soya Chunks Curry,Veg_Mains,1,0,22,0,1.03,21.82,0,0,0.02,Ramadan,1,0.25,0.15,0,20,30,173
2026-03-11,Chole Soya Chunks Curry,Veg_Mains,2,0,21,0,5.62,27.81,0,1,0.07,Ramadan,0,0.05,0.15,0,20,30,0
2026-03-12,Chole Soya Chunks Curry,Veg_Mains,3,0,20,0,8.91,23.91,0,0,0.13,Ramadan,1,0.2,0.15,0,20,30,148
2026-03-13,Chole Soya Chunks Curry,Veg_Mains,4,0,19,0,0.54,22.59,0,0,0.05,Ramadan,0,0.05,0.15,0,20,30,0
2026-03-14,Chole Soya Chunks Curry,Veg_Mains,5,0,18,0,4.9,30.8,0,0,0.05,Ramadan,1,0.3,0.15,0,20,30,183
2026-03-15,Chole Soya Chunks Curry,Veg_Mains,6,0,17,0,4.22,22.53,0,1,0.11,Ramadan,0,0.02,0.15,0,20,30,0
2026-03-16,Chole Soya Chunks Curry,Veg_Mains,0,0,16,0,3.0,32.93,0,0,0.13,Ramadan,0,0.15,0.15,0,20,30,0
2026-03-17,Chole Soya Chunks Curry,Veg_Mains,1,0,15,0,0.24,27.13,0,0,0.13,Ramadan,1,0.25,0.15,0,20,30,169
2026-03-18,Chole Soya Chunks Curry,Veg_Mains,2,0,14,0,1.01,29.83,0,0,0.09,Ramadan,0,0.05,0.15,0,20,30,0
2026-03-19,Chole Soya Chunks Curry,Veg_Mains,3,0,13,0,6.27,20.77,0,0,0.02,Ramadan,1,0.2,0.15,0,20,30,171
2026-03-20,Chole Soya Chunks Curry,Veg_Mains,4,0,12,0,7.31,23.9,0,0,0.14,None,0,0.05,0.0,0,20,30,0
2026-03-21,Chole Soya Chunks Curry,Veg_Mains,5,0,11,0,3.48,12.88,0,0,0.09,None,1,0.3,0.0,0,20,30,182
2026-03-22,Chole Soya Chunks Curry,Veg_Mains,6,0,10,0,0.51,25.65,0,0,0.12,None,0,0.02,0.0,0,20,30,0
2026-03-23,Chole Soya Chunks Curry,Veg_Mains,0,0,9,0,7.75,18.14,0,0,0.1,None,0,0.15,0.0,0,20,30,0
2026-03-24,Chole Soya Chunks Curry,Veg_Mains,1,0,8,0,5.19,29.67,0,0,0.11,None,1,0.25,0.0,0,20,30,194
2026-03-25,Chole Soya Chunks Curry,Veg_Mains,2,0,7,0,0.0,21.72,0,0,0.05,None,0,0.05,0.0,0,20,30,0
2026-03-26,Chole Soya Chunks Curry,Veg_Mains,3,0,6,0,1.79,20.97,0,0,0.13,None,1,0.2,0.0,0,20,30,161
2026-03-27,Chole Soya Chunks Curry,Veg_Mains,4,0,5,0,3.45,28.35,0,0,0.12,None,0,0.05,0.0,0,20,30,0
2026-03-28,Chole Soya Chunks Curry,Veg_Mains,5,0,4,0,1.88,27.82,0,0,0.14,None,1,0.3,0.0,0,20,30,192
2026-03-29,Chole Soya Chunks Curry,Veg_Mains,6,0,3,0,6.89,25.09,0,0,0.07,None,0,0.02,0.0,0,20,30,0
2026-03-30,Chole Soya Chunks Curry,Veg_Mains,0,0,2,0,9.37,25.35,0,0,0.09,None,0,0.15,0.0,0,20,30,0
2026-03-31,Chole Soya Chunks Curry,Veg_Mains,1,0,1,0,1.02,25.64,0,0,0.03,None,1,0.25,0.0,0,20,30,217
2026-04-01,Chole Soya Chunks Curry,Veg_Mains,2,0,0,0,0.56,37.27,0,0,0.1,None,0,0.05,0.0,0,20,30,0
2026-04-02,Chole Soya Chunks Curry,Veg_Mains,3,0,29,0,0.39,39.19,0,0,0.02,None,1,0.2,0.0,0,20,30,182
2026-04-03,Chole Soya Chunks Curry,Veg_Mains,4,0,28,0,0.22,41.22,0,0,0.14,None,0,0.05,0.0,0,20,30,0
2026-04-04,Chole Soya Chunks Curry,Veg_Mains,5,0,27,0,0.51,40.94,0,0,0.13,None,1,0.3,0.0,0,20,30,167
2026-04-05,Chole Soya Chunks Curry,Veg_Mains,6,0,26,0,0.49,36.95,0,0,0.03,None,0,0.02,0.0,0,20,30,0
2026-04-06,Chole Soya Chunks Curry,Veg_Mains,0,0,25,0,0.04,36.56,0,1,0.04,None,0,0.15,0.0,0,20,30,0
2026-04-07,Chole Soya Chunks Curry,Veg_Mains,1,0,24,0,0.14,38.82,0,0,0.06,None,1,0.25,0.0,0,20,30,206
2026-04-08,Chole Soya Chunks Curry,Veg_Mains,2,0,23,0,1.35,40.74,0,0,0.15,None,0,0.05,0.0,0,20,30,0
2026-04-09,Chole Soya Chunks Curry,Veg_Mains,3,0,22,0,0.3,36.85,0,0,0.13,None,1,0.2,0.0,0,20,30,168
2026-04-10,Chole Soya Chunks Curry,Veg_Mains,4,0,21,0,0.98,38.3,0,0,0.14,None,0,0.05,0.0,0,20,30,0
2026-04-11,Chole Soya Chunks Curry,Veg_Mains,5,0,20,0,0.21,43.01,0,0,0.09,None,1,0.3,0.0,0,20,30,201
2026-04-12,Chole Soya Chunks Curry,Veg_Mains,6,0,19,0,0.1,41.29,0,0,0.1,None,0,0.02,0.0,0,20,30,0
2026-04-13,Chole Soya Chunks Curry,Veg_Mains,0,0,18,0,0.19,41.93,0,0,0.11,None,0,0.15,0.0,0,20,30,0
2026-04-14,Chole Soya Chunks Curry,Veg_Mains,1,0,17,0,0.01,40.2,0,0,0.06,None,1,0.25,0.0,0,20,30,208
2026-04-15,Chole Soya Chunks Curry,Veg_Mains,2,0,16,0,0.29,39.19,0,1,0.08,None,0,0.05,0.0,0,20,30,0
2026-04-16,Chole Soya Chunks Curry,Veg_Mains,3,0,15,0,1.93,38.32,0,0,0.11,None,1,0.2,0.0,0,20,30,159
2026-04-17,Chole Soya Chunks Curry,Veg_Mains,4,0,14,0,0.07,38.32,0,0,0.08,None,0,0.05,0.0,0,20,30,0
2026-04-18,Chole Soya Chunks Curry,Veg_Mains,5,0,13,0,0.43,38.39,0,0,0.04,None,1,0.3,0.0,0,20,30,206
2026-04-19,Chole Soya Chunks Curry,Veg_Mains,6,0,12,0,0.19,41.62,0,0,0.02,None,0,0.02,0.0,0,20,30,0
2026-04-20,Chole Soya Chunks Curry,Veg_Mains,0,0,11,0,4.52,41.99,0,0,0.08,None,0,0.15,0.0,0,20,30,0
2026-04-21,Chole Soya Chunks Curry,Veg_Mains,1,0,10,0,7.38,40.27,0,1,0.05,None,1,0.25,0.0,0,20,30,229
2026-04-22,Chole Soya Chunks Curry,Veg_Mains,2,0,9,0,0.36,44.4,0,1,0.07,None,0,0.05,0.0,0,20,30,0
2026-04-23,Chole Soya Chunks Curry,Veg_Mains,3,0,8,0,0.59,39.19,0,0,0.09,None,1,0.2,0.0,0,20,30,187
2026-04-24,Chole Soya Chunks Curry,Veg_Mains,4,0,7,0,4.41,41.23,0,0,0.04,None,0,0.05,0.0,0,20,30,0
2026-04-25,Chole Soya Chunks Curry,Veg_Mains,5,0,6,0,0.03,41.62,0,1,0.11,None,1,0.3,0.0,0,20,30,258
2026-04-26,Chole Soya Chunks Curry,Veg_Mains,6,0,5,0,1.44,39.94,0,0,0.08,None,0,0.02,0.0,0,20,30,0
2026-04-27,Chole Soya Chunks Curry,Veg_Mains,0,0,4,0,0.05,39.42,0,0,0.13,None,0,0.15,0.0,0,20,30,0
2026-04-28,Chole Soya Chunks Curry,Veg_Mains,1,0,3,0,0.27,44.44,0,1,0.03,None,1,0.25,0.0,0,20,30,245
2026-04-29,Chole Soya Chunks Curry,Veg_Mains,2,0,2,0,0.22,39.93,0,1,0.09,None,0,0.05,0.0,0,20,30,0
2026-04-30,Chole Soya Chunks Curry,Veg_Mains,3,0,1,0,0.02,38.64,0,0,0.11,None,1,0.2,0.0,0,20,30,159
2026-05-01,Chole Soya Chunks Curry,Veg_Mains,4,0,1,0,0.01,40.24,0,0,0.06,None,0,0.05,0.0,0,20,30,0
2026-05-02,Chole Soya Chunks Curry,Veg_Mains,5,0,0,0,0.02,41.71,0,0,0.13,None,1,0.3,0.0,0,20,30,196
2026-05-03,Chole Soya Chunks Curry,Veg_Mains,6,0,29,0,0.06,39.32,0,0,0.14,None,0,0.02,0.0,0,20,30,0
2026-05-04,Chole Soya Chunks Curry,Veg_Mains,0,0,28,0,0.38,39.28,0,1,0.1,None,0,0.15,0.0,0,20,30,0
2026-05-05,Chole Soya Chunks Curry,Veg_Mains,1,0,27,0,0.18,39.36,0,0,0.11,None,1,0.25,0.0,0,20,30,176
2026-05-06,Chole Soya Chunks Curry,Veg_Mains,2,0,26,0,0.15,41.18,0,0,0.07,None,0,0.05,0.0,0,20,30,0
2026-05-07,Chole Soya Chunks Curry,Veg_Mains,3,0,25,0,0.99,43.05,0,0,0.09,None,1,0.2,0.0,0,20,30,178
2026-05-08,Chole Soya Chunks Curry,Veg_Mains,4,0,24,0,0.04,40.65,0,1,0.14,None,0,0.05,0.0,0,20,30,0
2026-05-09,Chole Soya Chunks Curry,Veg_Mains,5,0,23,0,5.49,42.34,0,0,0.14,None,1,0.3,0.0,0,20,30,196
2026-05-10,Chole Soya Chunks Curry,Veg_Mains,6,0,22,0,2.0,39.34,0,1,0.04,None,0,0.02,0.0,0,20,30,0
2026-05-11,Chole Soya Chunks Curry,Veg_Mains,0,0,21,0,0.06,42.23,0,0,0.1,None,0,0.15,0.0,0,20,30,0
2026-05-12,Chole Soya Chunks Curry,Veg_Mains,1,0,20,0,0.22,39.26,0,0,0.04,None,1,0.25,0.0,0,20,30,207
2026-05-13,Chole Soya Chunks Curry,Veg_Mains,2,0,19,0,3.25,41.48,0,0,0.03,None,0,0.05,0.0,0,20,30,0
2026-05-14,Chole Soya Chunks Curry,Veg_Mains,3,0,18,0,0.34,42.72,0,0,0.08,None,1,0.2,0.0,0,20,30,173
2026-05-15,Chole Soya Chunks Curry,Veg_Mains,4,0,17,0,0.7,40.82,0,0,0.12,None,0,0.05,0.0,0,20,30,0
2026-05-16,Chole Soya Chunks Curry,Veg_Mains,5,1,16,0,0.15,41.96,0,0,0.03,None,1,0.3,0.0,1,20,30,23
2026-05-17,Chole Soya Chunks Curry,Veg_Mains,6,0,15,0,1.23,39.99,0,0,0.05,None,0,0.02,0.0,0,20,30,0
2026-05-18,Chole Soya Chunks Curry,Veg_Mains,0,0,14,0,1.25,42.27,0,0,0.15,None,0,0.15,0.0,0,20,30,0
2026-05-19,Chole Soya Chunks Curry,Veg_Mains,1,0,13,0,0.2,38.31,0,0,0.02,None,1,0.25,0.0,0,20,30,205
2026-05-20,Chole Soya Chunks Curry,Veg_Mains,2,0,12,0,0.12,39.28,0,1,0.08,None,0,0.05,0.0,0,20,30,0
2026-05-21,Chole Soya Chunks Curry,Veg_Mains,3,0,11,0,0.0,40.65,0,0,0.09,None,1,0.2,0.0,0,20,30,177
2026-05-22,Chole Soya Chunks Curry,Veg_Mains,4,0,10,0,1.66,41.43,0,0,0.13,None,0,0.05,0.0,0,20,30,0
2026-05-23,Chole Soya Chunks Curry,Veg_Mains,5,0,9,0,1.79,38.53,0,1,0.13,None,1,0.3,0.0,0,20,30,237
2026-05-24,Chole Soya Chunks Curry,Veg_Mains,6,0,8,0,0.03,39.95,0,0,0.09,None,0,0.02,0.0,0,20,30,0
2026-05-25,Chole Soya Chunks Curry,Veg_Mains,0,0,7,0,1.52,42.82,0,0,0.08,None,0,0.15,0.0,0,20,30,0
2026-05-26,Chole Soya Chunks Curry,Veg_Mains,1,0,6,0,2.84,40.69,0,0,0.02,None,1,0.25,0.0,0,20,30,207
2026-05-27,Chole Soya Chunks Curry,Veg_Mains,2,0,5,0,0.08,40.7,0,0,0.04,None,0,0.05,0.0,0,20,30,0
2026-05-28,Chole Soya Chunks Curry,Veg_Mains,3,0,4,0,0.84,40.93,0,0,0.04,None,1,0.2,0.0,0,20,30,198
2026-05-29,Chole Soya Chunks Curry,Veg_Mains,4,0,3,0,1.04,40.07,0,0,0.12,None,0,0.05,0.0,0,20,30,0
2026-05-30,Chole Soya Chunks Curry,Veg_Mains,5,0,2,0,0.45,40.31,0,0,0.12,None,1,0.3,0.0,0,20,30,193
2026-05-31,Chole Soya Chunks Curry,Veg_Mains,6,0,1,0,0.14,37.03,0,0,0.12,None,0,0.02,0.0,0,20,30,0
2026-06-01,Chole Soya Chunks Curry,Veg_Mains,0,0,0,0,79.14,33.46,1,0,0.14,None,0,0.15,0.0,0,20,30,0
2026-06-02,Chole Soya Chunks Curry,Veg_Mains,1,0,29,0,21.71,29.85,0,1,0.08,None,1,0.25,0.0,0,20,30,251
2026-06-03,Chole Soya Chunks Curry,Veg_Mains,2,0,28,0,26.79,29.41,0,0,0.03,None,0,0.05,0.0,0,20,30,0
2026-06-04,Chole Soya Chunks Curry,Veg_Mains,3,0,27,0,16.8,31.26,0,1,0.07,None,1,0.2,0.0,0,20,30,213
2026-06-05,Chole Soya Chunks Curry,Veg_Mains,4,0,26,0,20.57,30.84,0,0,0.05,None,0,0.05,0.0,0,20,30,0
2026-06-06,Chole Soya Chunks Curry,Veg_Mains,5,1,25,0,21.55,28.11,0,0,0.05,None,1,0.3,0.0,1,20,30,23
2026-06-07,Chole Soya Chunks Curry,Veg_Mains,6,0,24,0,7.69,31.54,0,0,0.07,None,0,0.02,0.0,0,20,30,0
2026-06-08,Chole Soya Chunks Curry,Veg_Mains,0,0,23,0,8.64,32.37,0,0,0.08,None,0,0.15,0.0,0,20,30,0
2026-06-09,Chole Soya Chunks Curry,Veg_Mains,1,0,22,0,8.26,29.25,0,1,0.14,None,1,0.25,0.0,0,20,30,233
2026-06-10,Chole Soya Chunks Curry,Veg_Mains,2,0,21,0,16.76,32.76,0,1,0.08,None,0,0.05,0.0,0,20,30,0
2026-06-11,Chole Soya Chunks Curry,Veg_Mains,3,0,20,0,32.12,29.79,0,0,0.15,None,1,0.2,0.0,0,20,30,206
2026-06-12,Chole Soya Chunks Curry,Veg_Mains,4,0,19,0,60.44,36.62,1,0,0.08,None,0,0.05,0.0,0,20,30,0
2026-06-13,Chole Soya Chunks Curry,Veg_Mains,5,1,18,0,11.54,31.84,0,0,0.04,None,1,0.3,0.0,1,20,30,21
2026-06-14,Chole Soya Chunks Curry,Veg_Mains,6,0,17,0,24.68,32.67,0,0,0.09,None,0,0.02,0.0,0,20,30,0
2026-06-15,Chole Soya Chunks Curry,Veg_Mains,0,0,16,0,23.17,28.7,0,1,0.07,None,0,0.15,0.0,0,20,30,0
2026-06-16,Chole Soya Chunks Curry,Veg_Mains,1,0,15,0,25.43,31.29,0,0,0.11,None,1,0.25,0.0,0,20,30,214
2026-06-17,Chole Soya Chunks Curry,Veg_Mains,2,0,14,0,3.21,29.19,0,0,0.09,None,0,0.05,0.0,0,20,30,0
2026-06-18,Chole Soya Chunks Curry,Veg_Mains,3,0,13,0,6.63,33.37,0,1,0.04,None,1,0.2,0.0,0,20,30,250
2026-06-19,Chole Soya Chunks Curry,Veg_Mains,4,0,12,0,15.58,32.51,0,0,0.05,None,0,0.05,0.0,0,20,30,0
2026-06-20,Chole Soya Chunks Curry,Veg_Mains,5,0,11,0,12.14,37.38,0,0,0.02,None,1,0.3,0.0,0,20,30,223
2026-06-21,Chole Soya Chunks Curry,Veg_Mains,6,0,10,0,53.55,30.33,1,0,0.09,None,0,0.02,0.0,0,20,30,0
2026-06-22,Chole Soya Chunks Curry,Veg_Mains,0,0,9,0,63.95,35.92,1,1,0.08,None,0,0.15,0.0,0,20,30,0
2026-06-23,Chole Soya Chunks Curry,Veg_Mains,1,0,8,0,18.38,28.23,0,0,0.03,None,1,0.25,0.0,0,20,30,204
2026-06-24,Chole Soya Chunks Curry,Veg_Mains,2,0,7,0,20.64,30.57,0,1,0.13,None,0,0.05,0.0,0,20,30,0
2026-06-25,Chole Soya Chunks Curry,Veg_Mains,3,0,6,0,48.11,29.52,1,0,0.11,None,1,0.2,0.0,0,20,30,215
2026-06-26,Chole Soya Chunks Curry,Veg_Mains,4,0,5,0,27.66,27.09,0,1,0.14,None,0,0.05,0.0,0,20,30,0
2026-06-27,Chole Soya Chunks Curry,Veg_Mains,5,0,4,0,16.46,24.03,0,0,0.14,None,1,0.3,0.0,0,20,30,190
2026-06-28,Chole Soya Chunks Curry,Veg_Mains,6,0,3,0,25.88,28.74,0,0,0.1,None,0,0.02,0.0,0,20,30,0
2026-06-29,Chole Soya Chunks Curry,Veg_Mains,0,0,2,0,20.21,32.63,0,0,0.13,None,0,0.15,0.0,0,20,30,0
2026-06-30,Chole Soya Chunks Curry,Veg_Mains,1,0,1,0,28.92,30.06,0,0,0.04,None,1,0.25,0.0,0,20,30,238
2026-07-01,Chole Soya Chunks Curry,Veg_Mains,2,1,1,0,33.05,31.35,0,0,0.09,None,0,0.05,0.0,1,20,30,0
2026-07-02,Chole Soya Chunks Curry,Veg_Mains,3,0,0,0,15.2,27.49,0,0,0.14,None,1,0.2,0.0,0,20,30,172
2026-07-03,Chole Soya Chunks Curry,Veg_Mains,4,0,29,0,36.68,34.06,0,0,0.09,None,0,0.05,0.0,0,20,30,0
2026-07-04,Chole Soya Chunks Curry,Veg_Mains,5,0,28,0,33.33,28.27,0,1,0.05,None,1,0.3,0.0,0,20,30,277
2026-07-05,Chole Soya Chunks Curry,Veg_Mains,6,0,27,0,14.17,24.54,0,0,0.12,None,0,0.02,0.0,0,20,30,0
2026-07-06,Chole Soya Chunks Curry,Veg_Mains,0,0,26,0,28.18,30.47,0,1,0.08,None,0,0.15,0.0,0,20,30,0
2026-07-07,Chole Soya Chunks Curry,Veg_Mains,1,0,25,0,51.55,33.75,1,0,0.04,None,1,0.25,0.0,0,20,30,220
2026-07-08,Chole Soya Chunks Curry,Veg_Mains,2,0,24,0,28.87,26.63,0,0,0.14,None,0,0.05,0.0,0,20,30,0
2026-07-09,Chole Soya Chunks Curry,Veg_Mains,3,0,23,0,6.09,31.81,0,0,0.05,None,1,0.2,0.0,0,20,30,205
2026-07-10,Chole Soya Chunks Curry,Veg_Mains,4,0,22,0,10.11,30.46,0,0,0.1,None,0,0.05,0.0,0,20,30,0
2026-07-11,Chole Soya Chunks Curry,Veg_Mains,5,0,21,0,4.75,31.25,0,0,0.12,None,1,0.3,0.0,0,20,30,181
2026-07-12,Chole Soya Chunks Curry,Veg_Mains,6,0,20,0,27.16,28.1,0,0,0.07,None,0,0.02,0.0,0,20,30,0
2026-07-13,Chole Soya Chunks Curry,Veg_Mains,0,0,19,0,13.02,33.14,0,0,0.05,None,0,0.15,0.0,0,20,30,0
2026-07-14,Chole Soya Chunks Curry,Veg_Mains,1,0,18,0,36.34,28.13,0,1,0.04,None,1,0.25,0.0,0,20,30,252
2026-07-15,Chole Soya Chunks Curry,Veg_Mains,2,0,17,0,13.42,27.81,0,0,0.14,None,0,0.05,0.0,0,20,30,0
2026-07-16,Chole Soya Chunks Curry,Veg_Mains,3,0,16,0,27.61,31.92,0,1,0.11,None,1,0.2,0.0,0,20,30,228
2026-07-17,Chole Soya Chunks Curry,Veg_Mains,4,1,15,1,16.55,30.18,0,0,0.29,None,0,0.05,0.0,1,20,30,0
2026-07-18,Chole Soya Chunks Curry,Veg_Mains,5,0,14,0,12.96,31.58,0,0,0.14,None,1,0.3,0.0,0,20,30,207
2026-07-19,Chole Soya Chunks Curry,Veg_Mains,6,0,13,0,9.17,28.82,0,0,0.14,None,0,0.02,0.0,0,20,30,0
2026-07-20,Chole Soya Chunks Curry,Veg_Mains,0,0,12,0,2.85,31.23,0,1,0.06,None,0,0.15,0.0,0,20,30,0
2026-07-21,Chole Soya Chunks Curry,Veg_Mains,1,0,11,0,38.78,35.42,0,1,0.06,None,1,0.25,0.0,0,20,30,260
2026-07-22,Chole Soya Chunks Curry,Veg_Mains,2,0,10,0,21.47,37.52,0,0,0.06,None,0,0.05,0.0,0,20,30,0
2026-07-23,Chole Soya Chunks Curry,Veg_Mains,3,0,9,0,8.64,31.84,0,0,0.07,None,1,0.2,0.0,0,20,30,178
2026-07-24,Chole Soya Chunks Curry,Veg_Mains,4,0,8,0,25.36,30.66,0,1,0.03,None,0,0.05,0.0,0,20,30,0
2026-07-25,Chole Soya Chunks Curry,Veg_Mains,5,0,7,0,27.92,27.63,0,1,0.07,None,1,0.3,0.0,0,20,30,279
2026-07-26,Chole Soya Chunks Curry,Veg_Mains,6,0,6,0,12.48,34.4,0,1,0.05,None,0,0.02,0.0,0,20,30,0
2026-07-27,Chole Soya Chunks Curry,Veg_Mains,0,0,5,0,5.88,31.53,0,0,0.03,None,0,0.15,0.0,0,20,30,0
2026-07-28,Chole Soya Chunks Curry,Veg_Mains,1,0,4,0,2.6,38.67,0,1,0.04,None,1,0.25,0.0,0,20,30,226
2026-07-29,Chole Soya Chunks Curry,Veg_Mains,2,0,3,0,37.37,32.52,0,1,0.12,None,0,0.05,0.0,0,20,30,0
2026-07-30,Chole Soya Chunks Curry,Veg_Mains,3,0,2,0,30.41,31.15,0,0,0.1,None,1,0.2,0.0,0,20,30,219
2026-07-31,Chole Soya Chunks Curry,Veg_Mains,4,0,1,0,31.24,31.27,0,0,0.04,None,0,0.05,0.0,0,20,30,0
2026-08-01,Chole Soya Chunks Curry,Veg_Mains,5,0,1,0,21.26,36.11,0,1,0.05,Shravan,1,0.4,0.02,0,20,30,301
2026-08-02,Chole Soya Chunks Curry,Veg_Mains,6,0,0,0,5.83,33.81,0,0,0.06,Shravan,0,0.4,0.02,0,20,30,0
2026-08-03,Chole Soya Chunks Curry,Veg_Mains,0,0,29,0,50.85,31.99,1,0,0.07,Shravan,0,0.4,0.02,0,20,30,0
2026-08-04,Chole Soya Chunks Curry,Veg_Mains,1,0,28,0,3.01,32.89,0,0,0.13,Shravan,1,0.4,0.02,0,20,30,177
2026-08-05,Chole Soya Chunks Curry,Veg_Mains,2,0,27,0,19.96,29.8,0,0,0.07,Shravan,0,0.4,0.02,0,20,30,0
2026-08-06,Chole Soya Chunks Curry,Veg_Mains,3,0,26,0,8.73,34.56,0,0,0.08,Shravan,1,0.4,0.02,0,20,30,206
2026-08-07,Chole Soya Chunks Curry,Veg_Mains,4,0,25,0,30.82,31.62,0,1,0.06,Shravan,0,0.4,0.02,0,20,30,0
2026-08-08,Chole Soya Chunks Curry,Veg_Mains,5,0,24,0,18.87,34.39,0,0,0.1,Shravan,1,0.4,0.02,0,20,30,221
2026-08-09,Chole Soya Chunks Curry,Veg_Mains,6,0,23,0,12.07,32.33,0,0,0.08,Shravan,0,0.4,0.02,0,20,30,0
2026-08-10,Chole Soya Chunks Curry,Veg_Mains,0,0,22,0,5.45,30.68,0,1,0.11,Shravan,0,0.4,0.02,0,20,30,0
2026-08-11,Chole Soya Chunks Curry,Veg_Mains,1,0,21,0,40.16,31.05,1,0,0.11,Shravan,1,0.4,0.02,0,20,30,244
2026-08-12,Chole Soya Chunks Curry,Veg_Mains,2,0,20,0,11.1,27.85,0,0,0.08,Shravan,0,0.4,0.02,0,20,30,0
2026-08-13,Chole Soya Chunks Curry,Veg_Mains,3,0,19,0,21.04,30.2,0,0,0.11,Shravan,1,0.4,0.02,0,20,30,218
2026-08-14,Chole Soya Chunks Curry,Veg_Mains,4,0,18,0,6.24,31.01,0,0,0.04,Shravan,0,0.4,0.02,0,20,30,0
2026-08-15,Chole Soya Chunks Curry,Veg_Mains,5,0,17,0,10.57,25.95,0,0,0.14,Shravan,1,0.4,0.02,0,20,30,187
2026-08-16,Chole Soya Chunks Curry,Veg_Mains,6,0,16,0,38.92,28.74,0,0,0.08,Shravan,0,0.4,0.02,0,20,30,0
2026-08-17,Chole Soya Chunks Curry,Veg_Mains,0,0,15,0,3.35,24.56,0,1,0.05,Shravan,0,0.4,0.02,0,20,30,0
2026-08-18,Chole Soya Chunks Curry,Veg_Mains,1,0,14,0,23.53,29.69,0,0,0.05,Shravan,1,0.4,0.02,0,20,30,250
2026-08-19,Chole Soya Chunks Curry,Veg_Mains,2,0,13,0,13.01,26.12,0,1,0.09,Shravan,0,0.4,0.02,0,20,30,0
2026-08-20,Chole Soya Chunks Curry,Veg_Mains,3,1,12,0,15.8,29.21,0,0,0.06,Shravan,1,0.4,0.02,1,20,30,23
2026-08-21,Chole Soya Chunks Curry,Veg_Mains,4,0,11,0,6.4,31.87,0,0,0.04,Shravan,0,0.4,0.02,0,20,30,0
2026-08-22,Chole Soya Chunks Curry,Veg_Mains,5,0,10,0,25.07,32.05,0,0,0.15,Shravan,1,0.4,0.02,0,20,30,232
2026-08-23,Chole Soya Chunks Curry,Veg_Mains,6,0,9,0,2.25,29.93,0,0,0.11,Shravan,0,0.4,0.02,0,20,30,0
2026-08-24,Chole Soya Chunks Curry,Veg_Mains,0,0,8,0,12.37,30.53,0,0,0.08,Shravan,0,0.4,0.02,0,20,30,0
2026-08-25,Chole Soya Chunks Curry,Veg_Mains,1,0,7,0,25.19,28.28,0,0,0.13,Shravan,1,0.4,0.02,0,20,30,234
2026-08-26,Chole Soya Chunks Curry,Veg_Mains,2,0,6,0,26.32,25.09,0,0,0.07,Shravan,0,0.4,0.02,0,20,30,0
2026-08-27,Chole Soya Chunks Curry,Veg_Mains,3,0,5,0,26.85,25.36,0,0,0.03,Shravan,1,0.4,0.02,0,20,30,272
2026-08-28,Chole Soya Chunks Curry,Veg_Mains,4,0,4,0,9.52,33.99,0,0,0.07,Shravan,0,0.4,0.02,0,20,30,0
2026-08-29,Chole Soya Chunks Curry,Veg_Mains,5,0,3,0,13.92,35.0,0,0,0.08,Shravan,1,0.4,0.02,0,20,30,199
2026-08-30,Chole Soya Chunks Curry,Veg_Mains,6,0,2,0,16.35,29.61,0,0,0.1,Shravan,0,0.4,0.02,0,20,30,0
2026-08-31,Chole Soya Chunks Curry,Veg_Mains,0,0,1,0,23.97,24.17,0,0,0.13,Shravan,0,0.4,0.02,0,20,30,0
2026-09-01,Chole Soya Chunks Curry,Veg_Mains,1,0,0,0,81.02,27.81,1,0,0.07,None,1,0.25,0.0,0,20,30,219
2026-09-02,Chole Soya Chunks Curry,Veg_Mains,2,0,29,0,9.62,33.81,0,0,0.03,None,0,0.05,0.0,0,20,30,0
2026-09-03,Chole Soya Chunks Curry,Veg_Mains,3,0,28,0,17.1,34.04,0,1,0.14,None,1,0.2,0.0,0,20,30,191
2026-09-04,Chole Soya Chunks Curry,Veg_Mains,4,0,27,0,39.22,29.82,0,0,0.02,None,0,0.05,0.0,0,20,30,0
2026-09-05,Chole Soya Chunks Curry,Veg_Mains,5,0,26,0,2.77,27.93,0,1,0.05,None,1,0.3,0.0,0,20,30,262
2026-09-06,Chole Soya Chunks Curry,Veg_Mains,6,0,25,0,26.87,35.25,0,0,0.1,None,0,0.02,0.0,0,20,30,0
2026-09-07,Chole Soya Chunks Curry,Veg_Mains,0,0,24,0,59.75,34.63,1,0,0.06,None,0,0.15,0.0,0,20,30,0
2026-09-08,Chole Soya Chunks Curry,Veg_Mains,1,0,23,0,3.09,28.05,0,0,0.06,None,1,0.25,0.0,0,20,30,204
2026-09-09,Chole Soya Chunks Curry,Veg_Mains,2,0,22,0,11.44,27.1,0,0,0.1,None,0,0.05,0.0,0,20,30,0
2026-09-10,Chole Soya Chunks Curry,Veg_Mains,3,0,21,0,12.62,34.6,0,0,0.13,None,1,0.2,0.0,0,20,30,178
2026-09-11,Chole Soya Chunks Curry,Veg_Mains,4,0,20,0,12.83,34.84,0,1,0.04,None,0,0.05,0.0,0,20,30,0
2026-09-12,Chole Soya Chunks Curry,Veg_Mains,5,0,19,0,4.22,31.82,0,0,0.11,None,1,0.3,0.0,0,20,30,201
2026-09-13,Chole Soya Chunks Curry,Veg_Mains,6,0,18,0,14.99,30.34,0,0,0.05,None,0,0.02,0.0,0,20,30,0
2026-09-14,Chole Soya Chunks Curry,Veg_Mains,0,0,17,0,14.48,28.71,0,0,0.06,None,0,0.15,0.0,0,20,30,0
2026-09-15,Chole Soya Chunks Curry,Veg_Mains,1,0,16,0,16.13,30.1,0,1,0.11,None,1,0.25,0.0,0,20,30,215
2026-09-16,Chole Soya Chunks Curry,Veg_Mains,2,0,15,0,13.05,35.98,0,0,0.06,None,0,0.05,0.0,0,20,30,0
2026-09-17,Chole Soya Chunks Curry,Veg_Mains,3,0,14,0,5.78,33.77,0,0,0.04,None,1,0.2,0.0,0,20,30,187
2026-09-18,Chole Soya Chunks Curry,Veg_Mains,4,0,13,0,21.36,29.49,0,1,0.04,None,0,0.05,0.0,0,20,30,0
2026-09-19,Chole Soya Chunks Curry,Veg_Mains,5,0,12,0,47.3,31.85,1,0,0.07,None,1,0.3,0.0,0,20,30,248
2026-09-20,Chole Soya Chunks Curry,Veg_Mains,6,1,11,0,13.55,33.82,0,0,0.03,None,0,0.02,0.0,1,20,30,0
2026-09-21,Chole Soya Chunks Curry,Veg_Mains,0,1,10,1,4.07,27.23,0,1,0.24,None,0,0.15,0.0,1,20,30,0
2026-09-22,Chole Soya Chunks Curry,Veg_Mains,1,0,9,0,31.22,28.77,0,1,0.02,None,1,0.25,0.0,0,20,30,265
2026-09-23,Chole Soya Chunks Curry,Veg_Mains,2,0,8,0,66.89,30.05,1,0,0.14,None,0,0.05,0.0,0,20,30,0
2026-09-24,Chole Soya Chunks Curry,Veg_Mains,3,0,7,0,24.59,24.99,0,1,0.05,None,1,0.2,0.0,0,20,30,248
2026-09-25,Chole Soya Chunks Curry,Veg_Mains,4,0,6,0,22.12,27.03,0,1,0.07,None,0,0.05,0.0,0,20,30,0
2026-09-26,Chole Soya Chunks Curry,Veg_Mains,5,0,5,0,11.66,26.06,0,0,0.05,None,1,0.3,0.0,0,20,30,205
2026-09-27,Chole Soya Chunks Curry,Veg_Mains,6,0,4,0,53.14,28.31,1,0,0.11,None,0,0.02,0.0,0,20,30,0
2026-09-28,Chole Soya Chunks Curry,Veg_Mains,0,0,3,0,44.39,33.84,1,0,0.06,None,0,0.15,0.0,0,20,30,0
2026-09-29,Chole Soya Chunks Curry,Veg_Mains,1,0,2,0,26.58,34.14,0,1,0.14,None,1,0.25,0.0,0,20,30,248
2026-09-30,Chole Soya Chunks Curry,Veg_Mains,2,0,1,0,7.06,25.97,0,0,0.02,None,0,0.05,0.0,0,20,30,0
2026-10-01,Chole Soya Chunks Curry,Veg_Mains,3,0,1,0,5.85,20.28,0,0,0.11,None,1,0.2,0.0,0,20,30,188
2026-10-02,Chole Soya Chunks Curry,Veg_Mains,4,0,0,0,5.11,32.46,0,0,0.15,None,0,0.05,0.0,0,20,30,0
2026-10-03,Chole Soya Chunks Curry,Veg_Mains,5,0,29,0,0.43,20.27,0,0,0.07,None,1,0.3,0.0,0,20,30,195
2026-10-04,Chole Soya Chunks Curry,Veg_Mains,6,0,28,0,2.53,27.86,0,0,0.14,None,0,0.02,0.0,0,20,30,0
2026-10-05,Chole Soya Chunks Curry,Veg_Mains,0,0,27,0,1.25,24.77,0,1,0.12,None,0,0.15,0.0,0,20,30,0
2026-10-06,Chole Soya Chunks Curry,Veg_Mains,1,0,26,0,0.29,28.72,0,0,0.15,None,1,0.25,0.0,0,20,30,186
2026-10-07,Chole Soya Chunks Curry,Veg_Mains,2,0,25,0,2.28,31.18,0,0,0.12,None,0,0.05,0.0,0,20,30,0
2026-10-08,Chole Soya Chunks Curry,Veg_Mains,3,0,24,0,5.24,20.99,0,1,0.12,None,1,0.2,0.0,0,20,30,209
2026-10-09,Chole Soya Chunks Curry,Veg_Mains,4,0,23,0,0.56,23.83,0,0,0.09,None,0,0.05,0.0,0,20,30,0
2026-10-10,Chole Soya Chunks Curry,Veg_Mains,5,0,22,0,0.21,24.96,0,1,0.11,Navratri,1,0.45,0.05,0,20,30,254
2026-10-11,Chole Soya Chunks Curry,Veg_Mains,6,0,21,0,7.83,21.67,0,0,0.05,Navratri,0,0.45,0.05,0,20,30,0
2026-10-12,Chole Soya Chunks Curry,Veg_Mains,0,0,20,0,3.51,23.4,0,0,0.03,Navratri,0,0.45,0.05,0,20,30,0
2026-10-13,Chole Soya Chunks Curry,Veg_Mains,1,0,19,0,0.29,24.3,0,0,0.05,Navratri,1,0.45,0.05,0,20,30,221
2026-10-14,Chole Soya Chunks Curry,Veg_Mains,2,0,18,0,15.05,28.53,0,1,0.11,Navratri,0,0.45,0.05,0,20,30,0
2026-10-15,Chole Soya Chunks Curry,Veg_Mains,3,0,17,0,2.38,29.15,0,0,0.05,Navratri,1,0.45,0.05,0,20,30,219
2026-10-16,Chole Soya Chunks Curry,Veg_Mains,4,0,16,0,0.52,18.73,0,1,0.08,Navratri,0,0.45,0.05,0,20,30,0
2026-10-17,Chole Soya Chunks Curry,Veg_Mains,5,0,15,0,2.28,24.04,0,0,0.06,Navratri,1,0.45,0.05,0,20,30,210
2026-10-18,Chole Soya Chunks Curry,Veg_Mains,6,0,14,0,3.19,24.49,0,0,0.09,Navratri,0,0.45,0.05,0,20,30,0
2026-10-19,Chole Soya Chunks Curry,Veg_Mains,0,1,13,1,9.64,28.01,0,1,0.18,Navratri,0,0.45,0.05,1,20,30,0
2026-10-20,Chole Soya Chunks Curry,Veg_Mains,1,0,12,0,1.53,29.42,0,1,0.08,None,1,0.25,0.0,0,20,30,254
2026-10-21,Chole Soya Chunks Curry,Veg_Mains,2,0,11,0,4.24,17.15,0,0,0.13,None,0,0.05,0.0,0,20,30,0
2026-10-22,Chole Soya Chunks Curry,Veg_Mains,3,0,10,0,5.58,20.04,0,0,0.11,None,1,0.2,0.0,0,20,30,172
2026-10-23,Chole Soya Chunks Curry,Veg_Mains,4,0,9,0,3.15,28.22,0,0,0.13,None,0,0.05,0.0,0,20,30,0
2026-10-24,Chole Soya Chunks Curry,Veg_Mains,5,0,8,0,2.59,25.34,0,0,0.14,None,1,0.3,0.0,0,20,30,182
2026-10-25,Chole Soya Chunks Curry,Veg_Mains,6,1,7,0,1.55,23.93,0,1,0.04,None,0,0.02,0.0,1,20,30,0
2026-10-26,Chole Soya Chunks Curry,Veg_Mains,0,0,6,0,0.23,25.58,0,0,0.1,None,0,0.15,0.0,0,20,30,0
2026-10-27,Chole Soya Chunks Curry,Veg_Mains,1,0,5,0,2.88,23.41,0,0,0.04,None,1,0.25,0.0,0,20,30,189
2026-10-28,Chole Soya Chunks Curry,Veg_Mains,2,0,4,0,11.65,22.43,0,1,0.12,None,0,0.05,0.0,0,20,30,0
2026-10-29,Chole Soya Chunks Curry,Veg_Mains,3,0,3,0,0.93,24.79,0,1,0.12,None,1,0.2,0.0,0,20,30,223
2026-10-30,Chole Soya Chunks Curry,Veg_Mains,4,1,2,1,1.19,20.64,0,1,0.19,None,0,0.05,0.0,1,20,30,0
2026-10-31,Chole Soya Chunks Curry,Veg_Mains,5,0,1,0,0.36,29.89,0,0,0.03,None,1,0.3,0.0,0,20,30,220
2026-11-01,Chole Soya Chunks Curry,Veg_Mains,6,0,0,0,1.93,24.2,0,0,0.04,None,0,0.02,0.0,0,20,30,0
2026-11-02,Chole Soya Chunks Curry,Veg_Mains,0,0,29,0,2.72,24.26,0,0,0.07,None,0,0.15,0.0,0,20,30,0
2026-11-03,Chole Soya Chunks Curry,Veg_Mains,1,0,28,0,5.92,26.34,0,0,0.07,None,1,0.25,0.0,0,20,30,194
2026-11-04,Chole Soya Chunks Curry,Veg_Mains,2,0,27,0,0.98,34.84,0,1,0.09,None,0,0.05,0.0,0,20,30,0
2026-11-05,Chole Soya Chunks Curry,Veg_Mains,3,0,26,0,2.7,34.67,0,0,0.14,None,1,0.2,0.0,0,20,30,183
2026-11-06,Chole Soya Chunks Curry,Veg_Mains,4,0,25,0,1.04,20.33,0,0,0.04,None,0,0.05,0.0,0,20,30,0
2026-11-07,Chole Soya Chunks Curry,Veg_Mains,5,0,24,0,14.34,19.62,0,1,0.1,None,1,0.3,0.0,0,20,30,225
2026-11-08,Chole Soya Chunks Curry,Veg_Mains,6,0,23,0,0.65,24.11,0,0,0.12,None,0,0.02,0.0,0,20,30,0
2026-11-09,Chole Soya Chunks Curry,Veg_Mains,0,1,22,1,0.35,19.15,0,0,0.22,None,0,0.15,0.0,1,20,30,0
2026-11-10,Chole Soya Chunks Curry,Veg_Mains,1,0,21,0,4.49,25.31,0,0,0.12,None,1,0.25,0.0,0,20,30,194
2026-11-11,Chole Soya Chunks Curry,Veg_Mains,2,0,20,0,12.01,30.81,0,0,0.12,None,0,0.05,0.0,0,20,30,0
2026-11-12,Chole Soya Chunks Curry,Veg_Mains,3,0,19,0,7.73,20.99,0,0,0.12,None,1,0.2,0.0,0,20,30,185
2026-11-13,Chole Soya Chunks Curry,Veg_Mains,4,1,18,1,0.72,15.26,0,0,0.19,None,0,0.05,0.0,1,20,30,0
2026-11-14,Chole Soya Chunks Curry,Veg_Mains,5,0,17,0,1.67,25.65,0,0,0.05,None,1,0.3,0.0,0,20,30,215
2026-11-15,Chole Soya Chunks Curry,Veg_Mains,6,0,16,0,8.66,17.98,0,0,0.14,None,0,0.02,0.0,0,20,30,0
2026-11-16,Chole Soya Chunks Curry,Veg_Mains,0,0,15,0,1.3,29.53,0,0,0.07,None,0,0.15,0.0,0,20,30,0
2026-11-17,Chole Soya Chunks Curry,Veg_Mains,1,0,14,0,4.59,26.82,0,1,0.13,None,1,0.25,0.0,0,20,30,220
2026-11-18,Chole Soya Chunks Curry,Veg_Mains,2,0,13,0,3.23,25.01,0,0,0.06,None,0,0.05,0.0,0,20,30,0
2026-11-19,Chole Soya Chunks Curry,Veg_Mains,3,0,12,0,0.87,20.63,0,0,0.09,None,1,0.2,0.0,0,20,30,177
2026-11-20,Chole Soya Chunks Curry,Veg_Mains,4,0,11,0,4.47,29.72,0,0,0.1,None,0,0.05,0.0,0,20,30,0
2026-11-21,Chole Soya Chunks Curry,Veg_Mains,5,0,10,0,0.15,21.45,0,0,0.07,None,1,0.3,0.0,0,20,30,204
2026-11-22,Chole Soya Chunks Curry,Veg_Mains,6,0,9,0,2.08,27.54,0,0,0.08,None,0,0.02,0.0,0,20,30,0
2026-11-23,Chole Soya Chunks Curry,Veg_Mains,0,0,8,0,3.27,20.47,0,1,0.13,None,0,0.15,0.0,0,20,30,0
2026-11-24,Chole Soya Chunks Curry,Veg_Mains,1,0,7,0,1.59,21.65,0,0,0.15,None,1,0.25,0.0,0,20,30,189
2026-11-25,Chole Soya Chunks Curry,Veg_Mains,2,0,6,0,11.44,20.41,0,0,0.11,None,0,0.05,0.0,0,20,30,0
2026-11-26,Chole Soya Chunks Curry,Veg_Mains,3,0,5,0,12.8,18.64,0,1,0.08,None,1,0.2,0.0,0,20,30,214
2026-11-27,Chole Soya Chunks Curry,Veg_Mains,4,0,4,0,7.33,22.96,0,0,0.04,None,0,0.05,0.0,0,20,30,0
2026-11-28,Chole Soya Chunks Curry,Veg_Mains,5,0,3,0,0.05,22.71,0,0,0.05,None,1,0.3,0.0,0,20,30,195
2026-11-29,Chole Soya Chunks Curry,Veg_Mains,6,0,2,0,13.85,22.11,0,0,0.05,None,0,0.02,0.0,0,20,30,0
2026-11-30,Chole Soya Chunks Curry,Veg_Mains,0,0,1,0,1.04,29.89,0,0,0.05,None,0,0.15,0.0,0,20,30,0
2026-12-01,Chole Soya Chunks Curry,Veg_Mains,1,0,1,0,4.03,23.07,0,0,0.05,None,1,0.25,0.0,0,20,30,203
2026-12-02,Chole Soya Chunks Curry,Veg_Mains,2,0,0,0,0.23,20.6,0,1,0.11,None,0,0.05,0.0,0,20,30,0
2026-12-03,Chole Soya Chunks Curry,Veg_Mains,3,1,29,0,3.28,31.0,0,1,0.05,None,1,0.2,0.0,1,20,30,24
2026-12-04,Chole Soya Chunks Curry,Veg_Mains,4,0,28,0,1.89,24.85,0,0,0.03,None,0,0.05,0.0,0,20,30,0
2026-12-05,Chole Soya Chunks Curry,Veg_Mains,5,0,27,0,0.04,24.82,0,0,0.1,None,1,0.3,0.0,0,20,30,190
2026-12-06,Chole Soya Chunks Curry,Veg_Mains,6,0,26,0,3.25,23.2,0,0,0.05,None,0,0.02,0.0,0,20,30,0
2026-12-07,Chole Soya Chunks Curry,Veg_Mains,0,0,25,0,3.09,21.62,0,1,0.08,None,0,0.15,0.0,0,20,30,0
2026-12-08,Chole Soya Chunks Curry,Veg_Mains,1,0,24,0,6.39,26.33,0,0,0.12,None,1,0.25,0.0,0,20,30,180
2026-12-09,Chole Soya Chunks Curry,Veg_Mains,2,0,23,0,3.87,25.48,0,0,0.15,None,0,0.05,0.0,0,20,30,0
2026-12-10,Chole Soya Chunks Curry,Veg_Mains,3,0,22,0,0.11,16.03,0,0,0.12,None,1,0.2,0.0,0,20,30,177
2026-12-11,Chole Soya Chunks Curry,Veg_Mains,4,0,21,0,0.7,27.35,0,0,0.14,None,0,0.05,0.0,0,20,30,0
2026-12-12,Chole Soya Chunks Curry,Veg_Mains,5,0,20,0,0.23,31.99,0,0,0.06,None,1,0.3,0.0,0,20,30,183
2026-12-13,Chole Soya Chunks Curry,Veg_Mains,6,0,19,0,2.78,23.73,0,0,0.05,None,0,0.02,0.0,0,20,30,0
2026-12-14,Chole Soya Chunks Curry,Veg_Mains,0,0,18,0,0.51,30.51,0,1,0.14,None,0,0.15,0.0,0,20,30,0
2026-12-15,Chole Soya Chunks Curry,Veg_Mains,1,0,17,0,2.57,24.71,0,0,0.03,None,1,0.25,0.0,0,20,30,205
2026-12-16,Chole Soya Chunks Curry,Veg_Mains,2,0,16,0,1.59,21.4,0,0,0.07,None,0,0.05,0.0,0,20,30,0
2026-12-17,Chole Soya Chunks Curry,Veg_Mains,3,0,15,0,1.51,21.06,0,0,0.06,None,1,0.2,0.0,0,20,30,195
2026-12-18,Chole Soya Chunks Curry,Veg_Mains,4,0,14,0,2.32,22.33,0,0,0.11,None,0,0.05,0.0,0,20,30,0
2026-12-19,Chole Soya Chunks Curry,Veg_Mains,5,0,13,0,1.16,23.17,0,0,0.03,None,1,0.3,0.0,0,20,30,208
2026-12-20,Chole Soya Chunks Curry,Veg_Mains,6,0,12,0,4.1,29.06,0,0,0.11,None,0,0.02,0.0,0,20,30,0
2026-12-21,Chole Soya Chunks Curry,Veg_Mains,0,0,11,0,3.44,27.62,0,0,0.1,None,0,0.15,0.0,0,20,30,0
2026-12-22,Chole Soya Chunks Curry,Veg_Mains,1,0,10,0,8.24,26.39,0,0,0.08,None,1,0.25,0.0,0,20,30,184
2026-12-23,Chole Soya Chunks Curry,Veg_Mains,2,0,9,0,0.6,24.18,0,0,0.04,None,0,0.05,0.0,0,20,30,0
2026-12-24,Chole Soya Chunks Curry,Veg_Mains,3,0,8,0,0.23,28.47,0,0,0.09,None,1,0.2,0.0,0,20,30,186
2026-12-25,Chole Soya Chunks Curry,Veg_Mains,4,0,7,0,0.74,29.94,0,0,0.1,None,0,0.05,0.0,0,20,30,0
2026-12-26,Chole Soya Chunks Curry,Veg_Mains,5,0,6,0,7.7,28.2,0,0,0.08,None,1,0.3,0.0,0,20,30,196
2026-12-27,Chole Soya Chunks Curry,Veg_Mains,6,0,5,0,0.09,24.18,0,0,0.11,None,0,0.02,0.0,0,20,30,0
2026-12-28,Chole Soya Chunks Curry,Veg_Mains,0,0,4,0,0.49,20.07,0,0,0.12,None,0,0.15,0.0,0,20,30,0
2026-12-29,Chole Soya Chunks Curry,Veg_Mains,1,0,3,0,3.79,20.31,0,0,0.08,None,1,0.25,0.0,0,20,30,188
2026-12-30,Chole Soya Chunks Curry,Veg_Mains,2,0,2,0,3.42,25.31,0,1,0.04,None,0,0.05,0.0,0,20,30,0
2024-01-01,Egg Bhurji,Non_Veg_Mains,0,0,1,0,9.03,27.59,0,0,0.04,None,0,0.15,0.0,0,25,40,111
2024-01-02,Egg Bhurji,Non_Veg_Mains,1,0,0,0,0.61,25.97,0,0,0.06,None,1,0.25,0.0,0,25,40,89
2024-01-03,Egg Bhurji,Non_Veg_Mains,2,0,29,0,4.61,19.35,0,0,0.09,None,0,0.05,0.0,0,25,40,0
2024-01-04,Egg Bhurji,Non_Veg_Mains,3,0,28,0,1.74,23.83,0,0,0.08,None,1,0.2,0.0,0,25,40,0
2024-01-05,Egg Bhurji,Non_Veg_Mains,4,0,27,0,0.61,27.95,0,0,0.05,None,0,0.05,0.0,0,25,40,100
2024-01-06,Egg Bhurji,Non_Veg_Mains,5,0,26,0,1.32,22.12,0,0,0.09,None,1,0.3,0.0,0,25,40,0
2024-01-07,Egg Bhurji,Non_Veg_Mains,6,0,25,0,0.23,28.73,0,0,0.04,None,0,0.02,0.0,0,25,40,0
2024-01-08,Egg Bhurji,Non_Veg_Mains,0,0,24,0,3.04,20.22,0,1,0.08,None,0,0.15,0.0,0,25,40,124
2024-01-09,Egg Bhurji,Non_Veg_Mains,1,0,23,0,1.67,31.26,0,0,0.03,None,1,0.25,0.0,0,25,40,86
2024-01-10,Egg Bhurji,Non_Veg_Mains,2,0,22,0,0.86,30.91,0,0,0.03,None,0,0.05,0.0,0,25,40,0
2024-01-11,Egg Bhurji,Non_Veg_Mains,3,0,21,0,0.62,25.39,0,1,0.14,None,1,0.2,0.0,0,25,40,0
2024-01-12,Egg Bhurji,Non_Veg_Mains,4,0,20,0,5.91,19.15,0,0,0.09,None,0,0.05,0.0,0,25,40,99
2024-01-13,Egg Bhurji,Non_Veg_Mains,5,0,19,0,1.17,32.54,0,0,0.15,None,1,0.3,0.0,0,25,40,0
2024-01-14,Egg Bhurji,Non_Veg_Mains,6,0,18,0,0.98,24.23,0,0,0.08,None,0,0.02,0.0,0,25,40,0
2024-01-15,Egg Bhurji,Non_Veg_Mains,0,0,17,0,3.0,27.35,0,0,0.13,None,0,0.15,0.0,0,25,40,96
2024-01-16,Egg Bhurji,Non_Veg_Mains,1,0,16,0,0.05,18.8,0,0,0.04,None,1,0.25,0.0,0,25,40,91
2024-01-17,Egg Bhurji,Non_Veg_Mains,2,0,15,0,6.3,23.71,0,0,0.11,None,0,0.05,0.0,0,25,40,0
2024-01-18,Egg Bhurji,Non_Veg_Mains,3,0,14,0,1.29,28.13,0,0,0.14,None,1,0.2,0.0,0,25,40,0
2024-01-19,Egg Bhurji,Non_Veg_Mains,4,0,13,0,6.86,26.17,0,0,0.04,None,0,0.05,0.0,0,25,40,102
2024-01-20,Egg Bhurji,Non_Veg_Mains,5,0,12,0,0.81,27.63,0,0,0.12,None,1,0.3,0.0,0,25,40,0
2024-01-21,Egg Bhurji,Non_Veg_Mains,6,0,11,0,0.84,21.99,0,1,0.07,None,0,0.02,0.0,0,25,40,0
2024-01-22,Egg Bhurji,Non_Veg_Mains,0,0,10,0,3.85,35.88,0,0,0.02,None,0,0.15,0.0,0,25,40,113
2024-01-23,Egg Bhurji,Non_Veg_Mains,1,1,9,0,5.75,24.71,0,0,0.07,None,1,0.25,0.0,1,25,40,8
2024-01-24,Egg Bhurji,Non_Veg_Mains,2,0,8,0,3.57,21.46,0,0,0.15,None,0,0.05,0.0,0,25,40,0
2024-01-25,Egg Bhurji,Non_Veg_Mains,3,0,7,0,3.64,19.49,0,1,0.13,None,1,0.2,0.0,0,25,40,0
2024-01-26,Egg Bhurji,Non_Veg_Mains,4,0,6,0,4.77,29.54,0,1,0.06,None,0,0.05,0.0,0,25,40,128
2024-01-27,Egg Bhurji,Non_Veg_Mains,5,0,5,0,2.35,27.75,0,0,0.02,None,1,0.3,0.0,0,25,40,0
2024-01-28,Egg Bhurji,Non_Veg_Mains,6,0,4,0,0.73,22.08,0,0,0.09,None,0,0.02,0.0,0,25,40,0
2024-01-29,Egg Bhurji,Non_Veg_Mains,0,0,3,0,0.95,21.83,0,0,0.15,None,0,0.15,0.0,0,25,40,95
2024-01-30,Egg Bhurji,Non_Veg_Mains,1,0,2,0,0.86,32.06,0,0,0.06,None,1,0.25,0.0,0,25,40,87
2024-01-31,Egg Bhurji,Non_Veg_Mains,2,0,1,0,4.25,23.06,0,0,0.04,None,0,0.05,0.0,0,25,40,0
2024-02-01,Egg Bhurji,Non_Veg_Mains,3,0,29,0,1.71,20.9,0,0,0.1,None,1,0.2,0.0,0,25,40,0
2024-02-02,Egg Bhurji,Non_Veg_Mains,4,0,28,0,5.82,21.07,0,0,0.1,None,0,0.05,0.0,0,25,40,102
2024-02-03,Egg Bhurji,Non_Veg_Mains,5,0,27,0,3.09,27.65,0,0,0.09,None,1,0.3,0.0,0,25,40,0
2024-02-04,Egg Bhurji,Non_Veg_Mains,6,0,26,0,0.07,23.03,0,1,0.06,None,0,0.02,0.0,0,25,40,0
2024-02-05,Egg Bhurji,Non_Veg_Mains,0,0,25,0,0.59,27.52,0,0,0.12,None,0,0.15,0.0,0,25,40,101
2024-02-06,Egg Bhurji,Non_Veg_Mains,1,0,24,0,1.68,24.19,0,0,0.12,None,1,0.25,0.0,0,25,40,86
2024-02-07,Egg Bhurji,Non_Veg_Mains,2,0,23,0,0.03,26.3,0,1,0.09,None,0,0.05,0.0,0,25,40,0
2024-02-08,Egg Bhurji,Non_Veg_Mains,3,0,22,0,4.19,27.5,0,0,0.08,None,1,0.2,0.0,0,25,40,0
2024-02-09,Egg Bhurji,Non_Veg_Mains,4,0,21,0,0.37,24.41,0,0,0.12,None,0,0.05,0.0,0,25,40,97
2024-02-10,Egg Bhurji,Non_Veg_Mains,5,0,20,0,5.18,23.12,0,0,0.15,None,1,0.3,0.0,0,25,40,0
2024-02-11,Egg Bhurji,Non_Veg_Mains,6,0,19,0,2.45,28.43,0,0,0.08,None,0,0.02,0.0,0,25,40,0
2024-02-12,Egg Bhurji,Non_Veg_Mains,0,0,18,0,2.63,24.56,0,0,0.13,None,0,0.15,0.0,0,25,40,94
2024-02-13,Egg Bhurji,Non_Veg_Mains,1,1,17,0,2.22,30.8,0,0,0.1,None,1,0.25,0.0,1,25,40,9
2024-02-14,Egg Bhurji,Non_Veg_Mains,2,0,16,0,0.63,21.77,0,0,0.07,None,0,0.05,0.0,0,25,40,0
2024-02-15,Egg Bhurji,Non_Veg_Mains,3,0,15,0,0.53,22.69,0,1,0.13,None,1,0.2,0.0,0,25,40,0
2024-02-16,Egg Bhurji,Non_Veg_Mains,4,1,14,1,0.49,18.15,0,1,0.28,None,0,0.05,0.0,1,25,40,9
2024-02-17,Egg Bhurji,Non_Veg_Mains,5,0,13,0,6.0,22.6,0,1,0.15,None,1,0.3,0.0,0,25,40,0
2024-02-18,Egg Bhurji,Non_Veg_Mains,6,1,12,0,2.8,24.43,0,0,0.11,None,0,0.02,0.0,1,25,40,0
2024-02-19,Egg Bhurji,Non_Veg_Mains,0,0,11,0,5.74,25.46,0,0,0.09,None,0,0.15,0.0,0,25,40,97
2024-02-20,Egg Bhurji,Non_Veg_Mains,1,0,10,0,0.04,27.74,0,0,0.1,None,1,0.25,0.0,0,25,40,93
2024-02-21,Egg Bhurji,Non_Veg_Mains,2,0,9,0,4.59,31.51,0,1,0.14,None,0,0.05,0.0,0,25,40,0
2024-02-22,Egg Bhurji,Non_Veg_Mains,3,0,8,0,1.2,19.78,0,0,0.04,None,1,0.2,0.0,0,25,40,0
2024-02-23,Egg Bhurji,Non_Veg_Mains,4,0,7,0,1.93,20.76,0,0,0.04,None,0,0.05,0.0,0,25,40,103
2024-02-24,Egg Bhurji,Non_Veg_Mains,5,0,6,0,1.36,32.86,0,0,0.12,None,1,0.3,0.0,0,25,40,0
2024-02-25,Egg Bhurji,Non_Veg_Mains,6,0,5,0,4.14,22.88,0,0,0.08,None,0,0.02,0.0,0,25,40,0
2024-02-26,Egg Bhurji,Non_Veg_Mains,0,0,4,0,0.87,27.31,0,0,0.09,None,0,0.15,0.0,0,25,40,104
2024-02-27,Egg Bhurji,Non_Veg_Mains,1,0,3,0,1.42,22.41,0,0,0.14,None,1,0.25,0.0,0,25,40,86
2024-02-28,Egg Bhurji,Non_Veg_Mains,2,0,2,0,2.31,30.92,0,0,0.12,None,0,0.05,0.0,0,25,40,0
2024-02-29,Egg Bhurji,Non_Veg_Mains,3,0,1,0,12.92,32.64,0,0,0.05,None,1,0.2,0.0,0,25,40,0
2024-03-01,Egg Bhurji,Non_Veg_Mains,4,0,1,0,6.81,25.19,0,0,0.15,None,0,0.05,0.0,0,25,40,94
2024-03-02,Egg Bhurji,Non_Veg_Mains,5,0,0,0,3.31,28.02,0,1,0.09,None,1,0.3,0.0,0,25,40,0
2024-03-03,Egg Bhurji,Non_Veg_Mains,6,0,29,0,0.83,17.78,0,0,0.1,None,0,0.02,0.0,0,25,40,0
2024-03-04,Egg Bhurji,Non_Veg_Mains,0,0,28,0,0.43,25.19,0,0,0.15,None,0,0.15,0.0,0,25,40,99
2024-03-05,Egg Bhurji,Non_Veg_Mains,1,0,27,0,1.59,30.77,0,0,0.14,None,1,0.25,0.0,0,25,40,85
2024-03-06,Egg Bhurji,Non_Veg_Mains,2,0,26,0,5.53,26.35,0,0,0.04,None,0,0.05,0.0,0,25,40,0
2024-03-07,Egg Bhurji,Non_Veg_Mains,3,0,25,0,6.29,29.8,0,0,0.07,None,1,0.2,0.0,0,25,40,0
2024-03-08,Egg Bhurji,Non_Veg_Mains,4,0,24,0,6.9,31.71,0,0,0.09,None,0,0.05,0.0,0,25,40,109
2024-03-09,Egg Bhurji,Non_Veg_Mains,5,0,23,0,4.74,27.53,0,1,0.12,None,1,0.3,0.0,0,25,40,0
2024-03-10,Egg Bhurji,Non_Veg_Mains,6,0,22,0,2.53,26.92,0,0,0.13,Ramadan,0,0.02,0.15,0,25,40,0
2024-03-11,Egg Bhurji,Non_Veg_Mains,0,0,21,0,3.84,28.48,0,0,0.09,Ramadan,0,0.15,0.15,0,25,40,94
2024-03-12,Egg Bhurji,Non_Veg_Mains,1,0,20,0,8.83,26.12,0,0,0.1,Ramadan,1,0.25,0.15,0,25,40,78
2024-03-13,Egg Bhurji,Non_Veg_Mains,2,0,19,0,0.5,25.9,0,0,0.1,Ramadan,0,0.05,0.15,0,25,40,0
2024-03-14,Egg Bhurji,Non_Veg_Mains,3,0,18,0,1.53,29.38,0,0,0.06,Ramadan,1,0.2,0.15,0,25,40,0
2024-03-15,Egg Bhurji,Non_Veg_Mains,4,0,17,0,1.28,23.66,0,0,0.08,Ramadan,0,0.05,0.15,0,25,40,77
2024-03-16,Egg Bhurji,Non_Veg_Mains,5,0,16,0,1.35,24.78,0,0,0.1,Ramadan,1,0.3,0.15,0,25,40,0
2024-03-17,Egg Bhurji,Non_Veg_Mains,6,0,15,0,6.85,24.9,0,0,0.04,Ramadan,0,0.02,0.15,0,25,40,0
2024-03-18,Egg Bhurji,Non_Veg_Mains,0,0,14,0,1.74,31.02,0,0,0.09,Ramadan,0,0.15,0.15,0,25,40,82
2024-03-19,Egg Bhurji,Non_Veg_Mains,1,0,13,0,0.51,32.01,0,0,0.11,Ramadan,1,0.25,0.15,0,25,40,77
2024-03-20,Egg Bhurji,Non_Veg_Mains,2,0,12,0,0.82,24.04,0,0,0.13,Ramadan,0,0.05,0.15,0,25,40,0
2024-03-21,Egg Bhurji,Non_Veg_Mains,3,0,11,0,6.8,26.3,0,0,0.14,Ramadan,1,0.2,0.15,0,25,40,0
2024-03-22,Egg Bhurji,Non_Veg_Mains,4,0,10,0,0.94,19.37,0,0,0.07,Ramadan,0,0.05,0.15,0,25,40,89
2024-03-23,Egg Bhurji,Non_Veg_Mains,5,0,9,0,0.45,24.85,0,1,0.12,Ramadan,1,0.3,0.15,0,25,40,0
2024-03-24,Egg Bhurji,Non_Veg_Mains,6,0,8,0,0.89,25.68,0,1,0.09,Ramadan,0,0.02,0.15,0,25,40,0
2024-03-25,Egg Bhurji,Non_Veg_Mains,0,0,7,0,2.42,29.12,0,0,0.02,Ramadan,0,0.15,0.15,0,25,40,99
2024-03-26,Egg Bhurji,Non_Veg_Mains,1,0,6,0,7.37,17.64,0,0,0.03,Ramadan,1,0.25,0.15,0,25,40,83
2024-03-27,Egg Bhurji,Non_Veg_Mains,2,0,5,0,1.48,21.98,0,0,0.07,Ramadan,0,0.05,0.15,0,25,40,0
2024-03-28,Egg Bhurji,Non_Veg_Mains,3,0,4,0,0.73,25.74,0,0,0.05,Ramadan,1,0.2,0.15,0,25,40,0
2024-03-29,Egg Bhurji,Non_Veg_Mains,4,0,3,0,4.42,24.86,0,0,0.08,Ramadan,0,0.05,0.15,0,25,40,92
2024-03-30,Egg Bhurji,Non_Veg_Mains,5,0,2,0,2.68,28.89,0,0,0.03,Ramadan,1,0.3,0.15,0,25,40,0
2024-03-31,Egg Bhurji,Non_Veg_Mains,6,0,1,0,3.23,27.44,0,0,0.13,Ramadan,0,0.02,0.15,0,25,40,0
2024-04-01,Egg Bhurji,Non_Veg_Mains,0,0,0,0,0.0,37.45,0,0,0.14,Ramadan,0,0.15,0.15,0,25,40,77
2024-04-02,Egg Bhurji,Non_Veg_Mains,1,0,29,0,0.01,41.0,0,0,0.11,Ramadan,1,0.25,0.15,0,25,40,76
2024-04-03,Egg Bhurji,Non_Veg_Mains,2,0,28,0,0.83,37.3,0,0,0.13,Ramadan,0,0.05,0.15,0,25,40,0
2024-04-04,Egg Bhurji,Non_Veg_Mains,3,0,27,0,0.46,39.11,0,0,0.12,Ramadan,1,0.2,0.15,0,25,40,0
2024-04-05,Egg Bhurji,Non_Veg_Mains,4,0,26,0,0.0,38.16,0,0,0.07,Ramadan,0,0.05,0.15,0,25,40,86
2024-04-06,Egg Bhurji,Non_Veg_Mains,5,0,25,0,5.13,37.75,0,1,0.05,Ramadan,1,0.3,0.15,0,25,40,0
2024-04-07,Egg Bhurji,Non_Veg_Mains,6,0,24,0,0.06,41.11,0,0,0.03,Ramadan,0,0.02,0.15,0,25,40,0
2024-04-08,Egg Bhurji,Non_Veg_Mains,0,0,23,0,2.0,40.41,0,0,0.1,Ramadan,0,0.15,0.15,0,25,40,88
2024-04-09,Egg Bhurji,Non_Veg_Mains,1,0,22,0,0.33,41.77,0,0,0.03,Ramadan,1,0.25,0.15,0,25,40,68
2024-04-10,Egg Bhurji,Non_Veg_Mains,2,0,21,0,2.1,38.26,0,0,0.09,None,0,0.05,0.0,0,25,40,0
2024-04-11,Egg Bhurji,Non_Veg_Mains,3,0,20,0,1.05,41.01,0,0,0.04,None,1,0.2,0.0,0,25,40,0
2024-04-12,Egg Bhurji,Non_Veg_Mains,4,0,19,0,2.19,40.38,0,0,0.05,None,0,0.05,0.0,0,25,40,106
2024-04-13,Egg Bhurji,Non_Veg_Mains,5,0,18,0,0.59,40.44,0,0,0.1,None,1,0.3,0.0,0,25,40,0
2024-04-14,Egg Bhurji,Non_Veg_Mains,6,0,17,0,0.24,40.35,0,0,0.13,None,0,0.02,0.0,0,25,40,0
2024-04-15,Egg Bhurji,Non_Veg_Mains,0,0,16,0,1.79,43.76,0,0,0.03,None,0,0.15,0.0,0,25,40,109
2024-04-16,Egg Bhurji,Non_Veg_Mains,1,0,15,0,0.32,41.27,0,1,0.07,None,1,0.25,0.0,0,25,40,119
2024-04-17,Egg Bhurji,Non_Veg_Mains,2,0,14,0,0.45,40.54,0,0,0.12,None,0,0.05,0.0,0,25,40,0
2024-04-18,Egg Bhurji,Non_Veg_Mains,3,0,13,0,4.04,39.82,0,0,0.04,None,1,0.2,0.0,0,25,40,0
2024-04-19,Egg Bhurji,Non_Veg_Mains,4,0,12,0,0.7,37.14,0,0,0.06,None,0,0.05,0.0,0,25,40,103
2024-04-20,Egg Bhurji,Non_Veg_Mains,5,0,11,0,0.75,41.57,0,0,0.03,None,1,0.3,0.0,0,25,40,0
2024-04-21,Egg Bhurji,Non_Veg_Mains,6,0,10,0,1.15,38.25,0,0,0.02,None,0,0.02,0.0,0,25,40,0
2024-04-22,Egg Bhurji,Non_Veg_Mains,0,0,9,0,1.84,42.8,0,0,0.14,None,0,0.15,0.0,0,25,40,99
2024-04-23,Egg Bhurji,Non_Veg_Mains,1,0,8,0,1.85,40.23,0,1,0.08,None,1,0.25,0.0,0,25,40,108
2024-04-24,Egg Bhurji,Non_Veg_Mains,2,0,7,0,0.12,40.41,0,1,0.05,None,0,0.05,0.0,0,25,40,0
2024-04-25,Egg Bhurji,Non_Veg_Mains,3,0,6,0,0.92,40.87,0,0,0.03,None,1,0.2,0.0,0,25,40,0
2024-04-26,Egg Bhurji,Non_Veg_Mains,4,0,5,0,0.24,40.45,0,0,0.11,None,0,0.05,0.0,0,25,40,100
2024-04-27,Egg Bhurji,Non_Veg_Mains,5,0,4,0,0.73,41.77,0,0,0.1,None,1,0.3,0.0,0,25,40,0
2024-04-28,Egg Bhurji,Non_Veg_Mains,6,0,3,0,0.12,39.42,0,0,0.09,None,0,0.02,0.0,0,25,40,0
2024-04-29,Egg Bhurji,Non_Veg_Mains,0,0,2,0,0.03,42.32,0,0,0.05,None,0,0.15,0.0,0,25,40,111
2024-04-30,Egg Bhurji,Non_Veg_Mains,1,0,1,0,0.06,37.22,0,0,0.12,None,1,0.25,0.0,0,25,40,90
2024-05-01,Egg Bhurji,Non_Veg_Mains,2,0,1,0,2.72,39.35,0,0,0.09,None,0,0.05,0.0,0,25,40,0
2024-05-02,Egg Bhurji,Non_Veg_Mains,3,0,0,0,0.0,41.83,0,0,0.09,None,1,0.2,0.0,0,25,40,0
2024-05-03,Egg Bhurji,Non_Veg_Mains,4,0,29,0,1.02,37.92,0,0,0.11,None,0,0.05,0.0,0,25,40,97
2024-05-04,Egg Bhurji,Non_Veg_Mains,5,0,28,0,5.12,44.81,0,1,0.09,None,1,0.3,0.0,0,25,40,0
2024-05-05,Egg Bhurji,Non_Veg_Mains,6,0,27,0,0.93,42.01,0,0,0.09,None,0,0.02,0.0,0,25,40,0
2024-05-06,Egg Bhurji,Non_Veg_Mains,0,0,26,0,1.91,39.4,0,1,0.04,None,0,0.15,0.0,0,25,40,121
2024-05-07,Egg Bhurji,Non_Veg_Mains,1,0,25,0,1.12,36.89,0,0,0.05,None,1,0.25,0.0,0,25,40,100
2024-05-08,Egg Bhurji,Non_Veg_Mains,2,0,24,0,0.29,43.07,0,0,0.08,None,0,0.05,0.0,0,25,40,0
2024-05-09,Egg Bhurji,Non_Veg_Mains,3,0,23,0,1.24,41.13,0,0,0.05,None,1,0.2,0.0,0,25,40,0
2024-05-10,Egg Bhurji,Non_Veg_Mains,4,0,22,0,0.47,38.02,0,1,0.09,None,0,0.05,0.0,0,25,40,118
2024-05-11,Egg Bhurji,Non_Veg_Mains,5,0,21,0,0.03,41.88,0,0,0.04,None,1,0.3,0.0,0,25,40,0
2024-05-12,Egg Bhurji,Non_Veg_Mains,6,0,20,0,0.0,39.85,0,1,0.1,None,0,0.02,0.0,0,25,40,0
2024-05-13,Egg Bhurji,Non_Veg_Mains,0,0,19,0,3.41,43.5,0,0,0.12,None,0,0.15,0.0,0,25,40,100
2024-05-14,Egg Bhurji,Non_Veg_Mains,1,0,18,0,0.71,38.44,0,0,0.13,None,1,0.25,0.0,0,25,40,86
2024-05-15,Egg Bhurji,Non_Veg_Mains,2,0,17,0,0.6,42.92,0,0,0.15,None,0,0.05,0.0,0,25,40,0
2024-05-16,Egg Bhurji,Non_Veg_Mains,3,0,16,0,1.1,41.14,0,0,0.03,None,1,0.2,0.0,0,25,40,0
2024-05-17,Egg Bhurji,Non_Veg_Mains,4,0,15,0,1.84,37.55,0,0,0.13,None,0,0.05,0.0,0,25,40,92
2024-05-18,Egg Bhurji,Non_Veg_Mains,5,0,14,0,0.63,38.59,0,0,0.14,None,1,0.3,0.0,0,25,40,0
2024-05-19,Egg Bhurji,Non_Veg_Mains,6,0,13,0,0.41,42.63,0,0,0.14,None,0,0.02,0.0,0,25,40,0
2024-05-20,Egg Bhurji,Non_Veg_Mains,0,0,12,0,0.54,40.38,0,0,0.13,None,0,0.15,0.0,0,25,40,92
2024-05-21,Egg Bhurji,Non_Veg_Mains,1,0,11,0,4.71,38.3,0,0,0.1,None,1,0.25,0.0,0,25,40,91
2024-05-22,Egg Bhurji,Non_Veg_Mains,2,0,10,0,0.09,40.0,0,0,0.13,None,0,0.05,0.0,0,25,40,0
2024-05-23,Egg Bhurji,Non_Veg_Mains,3,0,9,0,0.32,41.98,0,0,0.06,None,1,0.2,0.0,0,25,40,0
2024-05-24,Egg Bhurji,Non_Veg_Mains,4,0,8,0,4.11,42.78,0,0,0.09,None,0,0.05,0.0,0,25,40,101
2024-05-25,Egg Bhurji,Non_Veg_Mains,5,0,7,0,0.04,39.63,0,0,0.15,None,1,0.3,0.0,0,25,40,0
2024-05-26,Egg Bhurji,Non_Veg_Mains,6,0,6,0,0.81,38.41,0,0,0.03,None,0,0.02,0.0,0,25,40,0
2024-05-27,Egg Bhurji,Non_Veg_Mains,0,0,5,0,0.01,39.4,0,1,0.13,None,0,0.15,0.0,0,25,40,112
2024-05-28,Egg Bhurji,Non_Veg_Mains,1,0,4,0,0.4,39.58,0,0,0.07,None,1,0.25,0.0,0,25,40,80
2024-05-29,Egg Bhurji,Non_Veg_Mains,2,0,3,0,0.14,40.22,0,0,0.02,None,0,0.05,0.0,0,25,40,0
2024-05-30,Egg Bhurji,Non_Veg_Mains,3,0,2,0,0.02,39.11,0,0,0.08,None,1,0.2,0.0,0,25,40,0
2024-05-31,Egg Bhurji,Non_Veg_Mains,4,0,1,0,5.83,39.58,0,0,0.11,None,0,0.05,0.0,0,25,40,106
2024-06-01,Egg Bhurji,Non_Veg_Mains,5,0,0,0,28.2,30.9,0,0,0.03,None,1,0.3,0.0,0,25,40,0
2024-06-02,Egg Bhurji,Non_Veg_Mains,6,0,29,0,17.86,27.59,0,0,0.07,None,0,0.02,0.0,0,25,40,0
2024-06-03,Egg Bhurji,Non_Veg_Mains,0,0,28,0,37.14,32.16,0,0,0.03,None,0,0.15,0.0,0,25,40,128
2024-06-04,Egg Bhurji,Non_Veg_Mains,1,0,27,0,7.35,28.25,0,1,0.12,None,1,0.25,0.0,0,25,40,109
2024-06-05,Egg Bhurji,Non_Veg_Mains,2,0,26,0,25.56,31.67,0,0,0.07,None,0,0.05,0.0,0,25,40,0
2024-06-06,Egg Bhurji,Non_Veg_Mains,3,0,25,0,13.97,29.17,0,0,0.06,None,1,0.2,0.0,0,25,40,0
2024-06-07,Egg Bhurji,Non_Veg_Mains,4,0,24,0,23.84,32.2,0,0,0.04,None,0,0.05,0.0,0,25,40,124
2024-06-08,Egg Bhurji,Non_Veg_Mains,5,0,23,0,10.73,31.76,0,1,0.12,None,1,0.3,0.0,0,25,40,0
2024-06-09,Egg Bhurji,Non_Veg_Mains,6,0,22,0,26.08,28.13,0,0,0.02,None,0,0.02,0.0,0,25,40,0
2024-06-10,Egg Bhurji,Non_Veg_Mains,0,0,21,0,48.86,31.18,1,0,0.07,None,0,0.15,0.0,0,25,40,118
2024-06-11,Egg Bhurji,Non_Veg_Mains,1,0,20,0,8.16,27.55,0,0,0.14,None,1,0.25,0.0,0,25,40,93
2024-06-12,Egg Bhurji,Non_Veg_Mains,2,0,19,0,8.73,33.5,0,0,0.1,None,0,0.05,0.0,0,25,40,0
2024-06-13,Egg Bhurji,Non_Veg_Mains,3,0,18,0,59.96,33.63,1,1,0.06,None,1,0.2,0.0,0,25,40,0
2024-06-14,Egg Bhurji,Non_Veg_Mains,4,0,17,0,17.83,34.43,0,0,0.06,None,0,0.05,0.0,0,25,40,99
2024-06-15,Egg Bhurji,Non_Veg_Mains,5,0,16,0,6.63,35.56,0,0,0.04,None,1,0.3,0.0,0,25,40,0
2024-06-16,Egg Bhurji,Non_Veg_Mains,6,0,15,0,21.58,28.42,0,0,0.06,None,0,0.02,0.0,0,25,40,0
2024-06-17,Egg Bhurji,Non_Veg_Mains,0,0,14,0,5.67,21.38,0,0,0.11,None,0,0.15,0.0,0,25,40,102
2024-06-18,Egg Bhurji,Non_Veg_Mains,1,0,13,0,6.13,31.06,0,0,0.03,None,1,0.25,0.0,0,25,40,98
2024-06-19,Egg Bhurji,Non_Veg_Mains,2,0,12,0,13.97,29.09,0,0,0.03,None,0,0.05,0.0,0,25,40,0
2024-06-20,Egg Bhurji,Non_Veg_Mains,3,0,11,0,28.1,29.16,0,0,0.15,None,1,0.2,0.0,0,25,40,0
2024-06-21,Egg Bhurji,Non_Veg_Mains,4,0,10,0,29.17,26.24,0,0,0.08,None,0,0.05,0.0,0,25,40,118
2024-06-22,Egg Bhurji,Non_Veg_Mains,5,0,9,0,8.87,27.57,0,0,0.09,None,1,0.3,0.0,0,25,40,0
2024-06-23,Egg Bhurji,Non_Veg_Mains,6,0,8,0,8.09,28.65,0,0,0.1,None,0,0.02,0.0,0,25,40,0
2024-06-24,Egg Bhurji,Non_Veg_Mains,0,0,7,0,9.64,27.6,0,0,0.12,None,0,0.15,0.0,0,25,40,101
2024-06-25,Egg Bhurji,Non_Veg_Mains,1,0,6,0,16.26,29.82,0,1,0.09,None,1,0.25,0.0,0,25,40,114
2024-06-26,Egg Bhurji,Non_Veg_Mains,2,0,5,0,24.08,24.51,0,0,0.1,None,0,0.05,0.0,0,25,40,0
2024-06-27,Egg Bhurji,Non_Veg_Mains,3,0,4,0,23.74,27.46,0,0,0.13,None,1,0.2,0.0,0,25,40,0
2024-06-28,Egg Bhurji,Non_Veg_Mains,4,0,3,0,7.13,31.27,0,0,0.03,None,0,0.05,0.0,0,25,40,110
2024-06-29,Egg Bhurji,Non_Veg_Mains,5,0,2,0,6.37,31.28,0,0,0.04,None,1,0.3,0.0,0,25,40,0
2024-06-30,Egg Bhurji,Non_Veg_Mains,6,0,1,0,25.61,35.42,0,0,0.08,None,0,0.02,0.0,0,25,40,0
2024-07-01,Egg Bhurji,Non_Veg_Mains,0,0,1,0,6.81,28.49,0,1,0.03,None,0,0.15,0.0,0,25,40,136
2024-07-02,Egg Bhurji,Non_Veg_Mains,1,0,0,0,38.73,29.69,0,1,0.1,None,1,0.25,0.0,0,25,40,131
2024-07-03,Egg Bhurji,Non_Veg_Mains,2,0,29,0,5.98,28.79,0,1,0.06,None,0,0.05,0.0,0,25,40,0
2024-07-04,Egg Bhurji,Non_Veg_Mains,3,0,28,0,24.22,30.54,0,0,0.12,None,1,0.2,0.0,0,25,40,0
2024-07-05,Egg Bhurji,Non_Veg_Mains,4,0,27,0,15.01,27.08,0,1,0.09,None,0,0.05,0.0,0,25,40,118
2024-07-06,Egg Bhurji,Non_Veg_Mains,5,0,26,0,21.33,30.57,0,1,0.06,None,1,0.3,0.0,0,25,40,0
2024-07-07,Egg Bhurji,Non_Veg_Mains,6,0,25,0,12.16,27.27,0,0,0.02,None,0,0.02,0.0,0,25,40,0
2024-07-08,Egg Bhurji,Non_Veg_Mains,0,0,24,0,32.19,35.13,0,0,0.03,None,0,0.15,0.0,0,25,40,121
2024-07-09,Egg Bhurji,Non_Veg_Mains,1,0,23,0,17.14,30.8,0,1,0.13,None,1,0.25,0.0,0,25,40,94
2024-07-10,Egg Bhurji,Non_Veg_Mains,2,0,22,0,9.27,32.66,0,0,0.1,None,0,0.05,0.0,0,25,40,0
2024-07-11,Egg Bhurji,Non_Veg_Mains,3,0,21,0,13.69,27.47,0,0,0.14,None,1,0.2,0.0,0,25,40,0
2024-07-12,Egg Bhurji,Non_Veg_Mains,4,0,20,0,8.8,26.04,0,0,0.04,None,0,0.05,0.0,0,25,40,102
2024-07-13,Egg Bhurji,Non_Veg_Mains,5,0,19,0,17.75,25.63,0,0,0.05,None,1,0.3,0.0,0,25,40,0
2024-07-14,Egg Bhurji,Non_Veg_Mains,6,0,18,0,14.44,27.34,0,0,0.09,None,0,0.02,0.0,0,25,40,0
2024-07-15,Egg Bhurji,Non_Veg_Mains,0,0,17,0,2.54,25.25,0,0,0.1,None,0,0.15,0.0,0,25,40,98
2024-07-16,Egg Bhurji,Non_Veg_Mains,1,0,16,0,21.5,27.34,0,0,0.12,None,1,0.25,0.0,0,25,40,107
2024-07-17,Egg Bhurji,Non_Veg_Mains,2,0,15,0,36.51,30.62,0,1,0.11,None,0,0.05,0.0,0,25,40,0
2024-07-18,Egg Bhurji,Non_Veg_Mains,3,0,14,0,10.54,30.28,0,0,0.06,None,1,0.2,0.0,0,25,40,0
2024-07-19,Egg Bhurji,Non_Veg_Mains,4,0,13,0,5.52,32.76,0,0,0.08,None,0,0.05,0.0,0,25,40,101
2024-07-20,Egg Bhurji,Non_Veg_Mains,5,0,12,0,39.81,25.01,0,0,0.07,None,1,0.3,0.0,0,25,40,0
2024-07-21,Egg Bhurji,Non_Veg_Mains,6,0,11,0,14.67,29.55,0,0,0.11,None,0,0.02,0.0,0,25,40,0
2024-07-22,Egg Bhurji,Non_Veg_Mains,0,0,10,0,11.27,29.96,0,1,0.07,None,0,0.15,0.0,0,25,40,125
2024-07-23,Egg Bhurji,Non_Veg_Mains,1,0,9,0,19.8,25.38,0,0,0.09,None,1,0.25,0.0,0,25,40,98
2024-07-24,Egg Bhurji,Non_Veg_Mains,2,0,8,0,20.11,26.81,0,0,0.03,None,0,0.05,0.0,0,25,40,0
2024-07-25,Egg Bhurji,Non_Veg_Mains,3,0,7,0,6.3,30.72,0,0,0.08,None,1,0.2,0.0,0,25,40,0
2024-07-26,Egg Bhurji,Non_Veg_Mains,4,0,6,0,11.35,29.68,0,0,0.05,None,0,0.05,0.0,0,25,40,109
2024-07-27,Egg Bhurji,Non_Veg_Mains,5,0,5,0,26.05,28.89,0,0,0.08,None,1,0.3,0.0,0,25,40,0
2024-07-28,Egg Bhurji,Non_Veg_Mains,6,0,4,0,7.98,30.72,0,0,0.1,None,0,0.02,0.0,0,25,40,0
2024-07-29,Egg Bhurji,Non_Veg_Mains,0,1,3,1,14.25,29.55,0,0,0.28,None,0,0.15,0.0,1,25,40,8
2024-07-30,Egg Bhurji,Non_Veg_Mains,1,0,2,0,13.74,28.77,0,0,0.12,None,1,0.25,0.0,0,25,40,85
2024-07-31,Egg Bhurji,Non_Veg_Mains,2,0,1,0,30.35,31.55,0,0,0.12,None,0,0.05,0.0,0,25,40,0
2024-08-01,Egg Bhurji,Non_Veg_Mains,3,0,1,0,16.33,27.35,0,0,0.07,None,1,0.2,0.0,0,25,40,0
2024-08-02,Egg Bhurji,Non_Veg_Mains,4,0,0,0,2.22,30.64,0,0,0.12,None,0,0.05,0.0,0,25,40,96
2024-08-03,Egg Bhurji,Non_Veg_Mains,5,0,29,0,8.58,27.18,0,1,0.07,None,1,0.3,0.0,0,25,40,0
2024-08-04,Egg Bhurji,Non_Veg_Mains,6,0,28,0,16.97,27.44,0,1,0.09,None,0,0.02,0.0,0,25,40,0
2024-08-05,Egg Bhurji,Non_Veg_Mains,0,0,27,0,29.41,27.08,0,1,0.09,Shravan,0,0.4,0.02,0,25,40,89
2024-08-06,Egg Bhurji,Non_Veg_Mains,1,0,26,0,16.31,28.12,0,0,0.11,Shravan,1,0.4,0.02,0,25,40,68
2024-08-07,Egg Bhurji,Non_Veg_Mains,2,0,25,0,8.51,33.08,0,1,0.08,Shravan,0,0.4,0.02,0,25,40,0
2024-08-08,Egg Bhurji,Non_Veg_Mains,3,0,24,0,42.61,32.78,1,0,0.11,Shravan,1,0.4,0.02,0,25,40,0
2024-08-09,Egg Bhurji,Non_Veg_Mains,4,0,23,0,25.95,33.61,0,0,0.14,Shravan,0,0.4,0.02,0,25,40,68
2024-08-10,Egg Bhurji,Non_Veg_Mains,5,0,22,0,10.93,29.56,0,0,0.13,Shravan,1,0.4,0.02,0,25,40,0
2024-08-11,Egg Bhurji,Non_Veg_Mains,6,0,21,0,21.84,27.77,0,0,0.12,Shravan,0,0.4,0.02,0,25,40,0
2024-08-12,Egg Bhurji,Non_Veg_Mains,0,0,20,0,12.77,31.81,0,0,0.03,Shravan,0,0.4,0.02,0,25,40,74
2024-08-13,Egg Bhurji,Non_Veg_Mains,1,0,19,0,0.54,29.77,0,0,0.15,Shravan,1,0.4,0.02,0,25,40,70
2024-08-14,Egg Bhurji,Non_Veg_Mains,2,0,18,0,8.96,29.29,0,0,0.02,Shravan,0,0.4,0.02,0,25,40,0
2024-08-15,Egg Bhurji,Non_Veg_Mains,3,0,17,0,18.89,30.15,0,0,0.14,Shravan,1,0.4,0.02,0,25,40,0
2024-08-16,Egg Bhurji,Non_Veg_Mains,4,0,16,0,15.37,25.07,0,0,0.03,Shravan,0,0.4,0.02,0,25,40,66
2024-08-17,Egg Bhurji,Non_Veg_Mains,5,0,15,0,12.28,29.05,0,0,0.1,Shravan,1,0.4,0.02,0,25,40,0
2024-08-18,Egg Bhurji,Non_Veg_Mains,6,0,14,0,30.2,29.21,0,1,0.11,Shravan,0,0.4,0.02,0,25,40,0
2024-08-19,Egg Bhurji,Non_Veg_Mains,0,0,13,0,58.82,30.02,1,0,0.12,Shravan,0,0.4,0.02,0,25,40,78
2024-08-20,Egg Bhurji,Non_Veg_Mains,1,0,12,0,5.28,31.34,0,0,0.14,Shravan,1,0.4,0.02,0,25,40,65
2024-08-21,Egg Bhurji,Non_Veg_Mains,2,0,11,0,3.29,30.49,0,0,0.12,Shravan,0,0.4,0.02,0,25,40,0
2024-08-22,Egg Bhurji,Non_Veg_Mains,3,0,10,0,27.79,26.12,0,0,0.09,Shravan,1,0.4,0.02,0,25,40,0
2024-08-23,Egg Bhurji,Non_Veg_Mains,4,0,9,0,5.17,31.81,0,1,0.11,Shravan,0,0.4,0.02,0,25,40,73
2024-08-24,Egg Bhurji,Non_Veg_Mains,5,0,8,0,12.46,28.06,0,1,0.15,Shravan,1,0.4,0.02,0,25,40,0
2024-08-25,Egg Bhurji,Non_Veg_Mains,6,0,7,0,25.46,31.22,0,0,0.11,Shravan,0,0.4,0.02,0,25,40,0
2024-08-26,Egg Bhurji,Non_Veg_Mains,0,0,6,0,11.94,32.06,0,0,0.08,Shravan,0,0.4,0.02,0,25,40,75
2024-08-27,Egg Bhurji,Non_Veg_Mains,1,0,5,0,13.19,34.23,0,0,0.08,Shravan,1,0.4,0.02,0,25,40,69
2024-08-28,Egg Bhurji,Non_Veg_Mains,2,0,4,0,6.62,30.03,0,0,0.13,Shravan,0,0.4,0.02,0,25,40,0
2024-08-29,Egg Bhurji,Non_Veg_Mains,3,0,3,0,2.64,30.96,0,0,0.04,Shravan,1,0.4,0.02,0,25,40,0
2024-08-30,Egg Bhurji,Non_Veg_Mains,4,0,2,0,27.07,26.55,0,1,0.07,Shravan,0,0.4,0.02,0,25,40,92
2024-08-31,Egg Bhurji,Non_Veg_Mains,5,0,1,0,28.96,29.25,0,1,0.12,Shravan,1,0.4,0.02,0,25,40,0
2024-09-01,Egg Bhurji,Non_Veg_Mains,6,0,0,0,22.12,31.71,0,0,0.05,Shravan,0,0.4,0.02,0,25,40,0
2024-09-02,Egg Bhurji,Non_Veg_Mains,0,0,29,0,57.99,39.33,1,1,0.13,Shravan,0,0.4,0.02,0,25,40,99
2024-09-03,Egg Bhurji,Non_Veg_Mains,1,0,28,0,31.67,28.39,0,0,0.06,Shravan,1,0.4,0.02,0,25,40,87
2024-09-04,Egg Bhurji,Non_Veg_Mains,2,0,27,0,17.83,31.36,0,0,0.07,None,0,0.05,0.0,0,25,40,0
2024-09-05,Egg Bhurji,Non_Veg_Mains,3,0,26,0,24.0,30.15,0,0,0.11,None,1,0.2,0.0,0,25,40,0
2024-09-06,Egg Bhurji,Non_Veg_Mains,4,0,25,0,11.22,27.41,0,1,0.11,None,0,0.05,0.0,0,25,40,133
2024-09-07,Egg Bhurji,Non_Veg_Mains,5,0,24,0,12.34,30.43,0,0,0.06,None,1,0.3,0.0,0,25,40,0
2024-09-08,Egg Bhurji,Non_Veg_Mains,6,0,23,0,14.79,35.44,0,0,0.03,None,0,0.02,0.0,0,25,40,0
2024-09-09,Egg Bhurji,Non_Veg_Mains,0,0,22,0,12.44,26.02,0,0,0.06,None,0,0.15,0.0,0,25,40,115
2024-09-10,Egg Bhurji,Non_Veg_Mains,1,0,21,0,9.94,26.68,0,0,0.05,None,1,0.25,0.0,0,25,40,99
2024-09-11,Egg Bhurji,Non_Veg_Mains,2,1,20,0,4.97,29.75,0,0,0.1,None,0,0.05,0.0,1,25,40,0
2024-09-12,Egg Bhurji,Non_Veg_Mains,3,0,19,0,5.97,27.25,0,1,0.14,None,1,0.2,0.0,0,25,40,0
2024-09-13,Egg Bhurji,Non_Veg_Mains,4,0,18,0,13.88,29.87,0,0,0.08,None,0,0.05,0.0,0,25,40,107
2024-09-14,Egg Bhurji,Non_Veg_Mains,5,0,17,0,16.36,29.48,0,0,0.14,None,1,0.3,0.0,0,25,40,0
2024-09-15,Egg Bhurji,Non_Veg_Mains,6,0,16,0,15.57,32.42,0,0,0.05,None,0,0.02,0.0,0,25,40,0
2024-09-16,Egg Bhurji,Non_Veg_Mains,0,0,15,0,15.81,27.85,0,0,0.11,None,0,0.15,0.0,0,25,40,108
2024-09-17,Egg Bhurji,Non_Veg_Mains,1,0,14,0,27.1,29.44,0,1,0.1,None,1,0.25,0.0,0,25,40,129
2024-09-18,Egg Bhurji,Non_Veg_Mains,2,0,13,0,13.42,36.42,0,0,0.11,None,0,0.05,0.0,0,25,40,0
2024-09-19,Egg Bhurji,Non_Veg_Mains,3,0,12,0,10.53,32.58,0,0,0.06,None,1,0.2,0.0,0,25,40,0
2024-09-20,Egg Bhurji,Non_Veg_Mains,4,0,11,0,11.08,34.33,0,0,0.04,None,0,0.05,0.0,0,25,40,110
2024-09-21,Egg Bhurji,Non_Veg_Mains,5,0,10,0,12.74,28.16,0,0,0.09,None,1,0.3,0.0,0,25,40,0
2024-09-22,Egg Bhurji,Non_Veg_Mains,6,0,9,0,33.31,26.56,0,0,0.14,None,0,0.02,0.0,0,25,40,0
2024-09-23,Egg Bhurji,Non_Veg_Mains,0,0,8,0,31.62,31.45,0,0,0.08,None,0,0.15,0.0,0,25,40,114
2024-09-24,Egg Bhurji,Non_Veg_Mains,1,0,7,0,28.23,30.34,0,0,0.03,None,1,0.25,0.0,0,25,40,107
2024-09-25,Egg Bhurji,Non_Veg_Mains,2,0,6,0,13.22,25.75,0,0,0.07,None,0,0.05,0.0,0,25,40,0
2024-09-26,Egg Bhurji,Non_Veg_Mains,3,0,5,0,3.43,24.36,0,0,0.11,None,1,0.2,0.0,0,25,40,0
2024-09-27,Egg Bhurji,Non_Veg_Mains,4,0,4,0,6.7,30.26,0,0,0.06,None,0,0.05,0.0,0,25,40,99
2024-09-28,Egg Bhurji,Non_Veg_Mains,5,0,3,0,17.17,25.65,0,0,0.12,None,1,0.3,0.0,0,25,40,0
2024-09-29,Egg Bhurji,Non_Veg_Mains,6,0,2,0,30.0,33.73,0,1,0.13,None,0,0.02,0.0,0,25,40,0
2024-09-30,Egg Bhurji,Non_Veg_Mains,0,0,1,0,8.32,29.81,0,1,0.14,None,0,0.15,0.0,0,25,40,118
2024-10-01,Egg Bhurji,Non_Veg_Mains,1,0,1,0,1.41,22.76,0,1,0.08,None,1,0.25,0.0,0,25,40,102
2024-10-02,Egg Bhurji,Non_Veg_Mains,2,0,0,0,1.38,32.05,0,0,0.11,None,0,0.05,0.0,0,25,40,0
2024-10-03,Egg Bhurji,Non_Veg_Mains,3,0,29,0,4.36,30.59,0,0,0.12,Navratri,1,0.45,0.05,0,25,40,0
2024-10-04,Egg Bhurji,Non_Veg_Mains,4,0,28,0,0.56,31.1,0,0,0.14,Navratri,0,0.45,0.05,0,25,40,58
2024-10-05,Egg Bhurji,Non_Veg_Mains,5,0,27,0,6.6,32.46,0,0,0.08,Navratri,1,0.45,0.05,0,25,40,0
2024-10-06,Egg Bhurji,Non_Veg_Mains,6,0,26,0,0.73,28.4,0,0,0.04,Navratri,0,0.45,0.05,0,25,40,0
2024-10-07,Egg Bhurji,Non_Veg_Mains,0,0,25,0,4.77,28.71,0,0,0.14,Navratri,0,0.45,0.05,0,25,40,57
2024-10-08,Egg Bhurji,Non_Veg_Mains,1,0,24,0,0.74,18.9,0,0,0.13,Navratri,1,0.45,0.05,0,25,40,58
2024-10-09,Egg Bhurji,Non_Veg_Mains,2,0,23,0,0.09,30.74,0,0,0.02,Navratri,0,0.45,0.05,0,25,40,0
2024-10-10,Egg Bhurji,Non_Veg_Mains,3,0,22,0,6.57,29.66,0,0,0.14,Navratri,1,0.45,0.05,0,25,40,0
2024-10-11,Egg Bhurji,Non_Veg_Mains,4,0,21,0,20.42,29.65,0,1,0.13,Navratri,0,0.45,0.05,0,25,40,79
2024-10-12,Egg Bhurji,Non_Veg_Mains,5,0,20,0,1.13,22.61,0,0,0.05,Navratri,1,0.45,0.05,0,25,40,0
2024-10-13,Egg Bhurji,Non_Veg_Mains,6,0,19,0,2.61,26.32,0,1,0.12,None,0,0.02,0.0,0,25,40,0
2024-10-14,Egg Bhurji,Non_Veg_Mains,0,0,18,0,1.26,25.64,0,0,0.05,None,0,0.15,0.0,0,25,40,107
2024-10-15,Egg Bhurji,Non_Veg_Mains,1,0,17,0,3.4,22.39,0,0,0.14,None,1,0.25,0.0,0,25,40,90
2024-10-16,Egg Bhurji,Non_Veg_Mains,2,0,16,0,0.97,26.62,0,0,0.04,None,0,0.05,0.0,0,25,40,0
2024-10-17,Egg Bhurji,Non_Veg_Mains,3,0,15,0,0.06,27.09,0,0,0.13,None,1,0.2,0.0,0,25,40,0
2024-10-18,Egg Bhurji,Non_Veg_Mains,4,0,14,0,0.97,23.75,0,1,0.1,None,0,0.05,0.0,0,25,40,122
2024-10-19,Egg Bhurji,Non_Veg_Mains,5,0,13,0,6.39,26.33,0,0,0.13,None,1,0.3,0.0,0,25,40,0
2024-10-20,Egg Bhurji,Non_Veg_Mains,6,0,12,0,17.68,26.15,0,0,0.13,None,0,0.02,0.0,0,25,40,0
2024-10-21,Egg Bhurji,Non_Veg_Mains,0,0,11,0,0.27,22.33,0,0,0.05,None,0,0.15,0.0,0,25,40,105
2024-10-22,Egg Bhurji,Non_Veg_Mains,1,0,10,0,1.18,20.94,0,0,0.05,None,1,0.25,0.0,0,25,40,92
2024-10-23,Egg Bhurji,Non_Veg_Mains,2,0,9,0,6.0,26.33,0,0,0.03,None,0,0.05,0.0,0,25,40,0
2024-10-24,Egg Bhurji,Non_Veg_Mains,3,0,8,0,0.47,20.75,0,0,0.06,None,1,0.2,0.0,0,25,40,0
2024-10-25,Egg Bhurji,Non_Veg_Mains,4,0,7,0,0.18,20.26,0,0,0.09,None,0,0.05,0.0,0,25,40,101
2024-10-26,Egg Bhurji,Non_Veg_Mains,5,0,6,0,5.5,28.22,0,1,0.14,None,1,0.3,0.0,0,25,40,0
2024-10-27,Egg Bhurji,Non_Veg_Mains,6,0,5,0,1.35,19.12,0,1,0.07,None,0,0.02,0.0,0,25,40,0
2024-10-28,Egg Bhurji,Non_Veg_Mains,0,0,4,0,2.02,19.98,0,0,0.05,None,0,0.15,0.0,0,25,40,100
2024-10-29,Egg Bhurji,Non_Veg_Mains,1,0,3,0,0.74,26.16,0,0,0.13,None,1,0.25,0.0,0,25,40,89
2024-10-30,Egg Bhurji,Non_Veg_Mains,2,0,2,0,1.41,22.87,0,0,0.09,None,0,0.05,0.0,0,25,40,0
2024-10-31,Egg Bhurji,Non_Veg_Mains,3,0,1,0,0.74,23.56,0,0,0.02,None,1,0.2,0.0,0,25,40,0
2024-11-01,Egg Bhurji,Non_Veg_Mains,4,0,0,0,1.84,27.76,0,0,0.03,None,0,0.05,0.0,0,25,40,106
2024-11-02,Egg Bhurji,Non_Veg_Mains,5,0,29,0,1.89,31.36,0,0,0.08,None,1,0.3,0.0,0,25,40,0
2024-11-03,Egg Bhurji,Non_Veg_Mains,6,0,28,0,0.09,22.6,0,0,0.1,None,0,0.02,0.0,0,25,40,0
2024-11-04,Egg Bhurji,Non_Veg_Mains,0,0,27,0,2.4,29.8,0,0,0.02,None,0,0.15,0.0,0,25,40,105
2024-11-05,Egg Bhurji,Non_Veg_Mains,1,0,26,0,0.57,29.88,0,0,0.12,None,1,0.25,0.0,0,25,40,91
2024-11-06,Egg Bhurji,Non_Veg_Mains,2,0,25,0,7.94,20.53,0,0,0.03,None,0,0.05,0.0,0,25,40,0
2024-11-07,Egg Bhurji,Non_Veg_Mains,3,0,24,0,2.84,25.78,0,0,0.06,None,1,0.2,0.0,0,25,40,0
2024-11-08,Egg Bhurji,Non_Veg_Mains,4,1,23,1,0.03,28.97,0,0,0.3,None,0,0.05,0.0,1,25,40,7
2024-11-09,Egg Bhurji,Non_Veg_Mains,5,0,22,0,1.26,21.8,0,1,0.14,None,1,0.3,0.0,0,25,40,0
2024-11-10,Egg Bhurji,Non_Veg_Mains,6,0,21,0,0.85,26.94,0,0,0.11,None,0,0.02,0.0,0,25,40,0
2024-11-11,Egg Bhurji,Non_Veg_Mains,0,0,20,0,0.02,27.8,0,0,0.11,None,0,0.15,0.0,0,25,40,95
2024-11-12,Egg Bhurji,Non_Veg_Mains,1,0,19,0,0.61,28.7,0,0,0.08,None,1,0.25,0.0,0,25,40,83
2024-11-13,Egg Bhurji,Non_Veg_Mains,2,0,18,0,2.72,20.16,0,0,0.09,None,0,0.05,0.0,0,25,40,0
2024-11-14,Egg Bhurji,Non_Veg_Mains,3,0,17,0,5.16,32.64,0,1,0.07,None,1,0.2,0.0,0,25,40,0
2024-11-15,Egg Bhurji,Non_Veg_Mains,4,0,16,0,0.38,21.35,0,1,0.05,None,0,0.05,0.0,0,25,40,143
2024-11-16,Egg Bhurji,Non_Veg_Mains,5,0,15,0,0.57,18.02,0,1,0.13,None,1,0.3,0.0,0,25,40,0
2024-11-17,Egg Bhurji,Non_Veg_Mains,6,0,14,0,3.53,18.92,0,0,0.05,None,0,0.02,0.0,0,25,40,0
2024-11-18,Egg Bhurji,Non_Veg_Mains,0,0,13,0,1.3,29.61,0,0,0.05,None,0,0.15,0.0,0,25,40,107
2024-11-19,Egg Bhurji,Non_Veg_Mains,1,0,12,0,1.44,26.94,0,0,0.08,None,1,0.25,0.0,0,25,40,93
2024-11-20,Egg Bhurji,Non_Veg_Mains,2,0,11,0,1.94,32.83,0,0,0.04,None,0,0.05,0.0,0,25,40,0
2024-11-21,Egg Bhurji,Non_Veg_Mains,3,0,10,0,2.85,22.17,0,1,0.11,None,1,0.2,0.0,0,25,40,0
2024-11-22,Egg Bhurji,Non_Veg_Mains,4,0,9,0,5.06,18.75,0,0,0.03,None,0,0.05,0.0,0,25,40,116
2024-11-23,Egg Bhurji,Non_Veg_Mains,5,0,8,0,1.51,30.15,0,0,0.04,None,1,0.3,0.0,0,25,40,0
2024-11-24,Egg Bhurji,Non_Veg_Mains,6,0,7,0,9.52,18.69,0,0,0.14,None,0,0.02,0.0,0,25,40,0
2024-11-25,Egg Bhurji,Non_Veg_Mains,0,0,6,0,3.94,26.4,0,1,0.04,None,0,0.15,0.0,0,25,40,135
2024-11-26,Egg Bhurji,Non_Veg_Mains,1,0,5,0,5.58,24.15,0,0,0.09,None,1,0.25,0.0,0,25,40,90
2024-11-27,Egg Bhurji,Non_Veg_Mains,2,0,4,0,0.02,31.03,0,0,0.11,None,0,0.05,0.0,0,25,40,0
2024-11-28,Egg Bhurji,Non_Veg_Mains,3,0,3,0,3.49,26.77,0,0,0.06,None,1,0.2,0.0,0,25,40,0
2024-11-29,Egg Bhurji,Non_Veg_Mains,4,0,2,0,4.25,23.65,0,1,0.03,None,0,0.05,0.0,0,25,40,134
2024-11-30,Egg Bhurji,Non_Veg_Mains,5,0,1,0,0.07,23.51,0,1,0.14,None,1,0.3,0.0,0,25,40,0
2024-12-01,Egg Bhurji,Non_Veg_Mains,6,0,1,0,0.09,24.27,0,0,0.06,None,0,0.02,0.0,0,25,40,0
2024-12-02,Egg Bhurji,Non_Veg_Mains,0,0,0,0,0.97,20.92,0,1,0.07,None,0,0.15,0.0,0,25,40,124
2024-12-03,Egg Bhurji,Non_Veg_Mains,1,0,29,0,0.76,27.54,0,1,0.03,None,1,0.25,0.0,0,25,40,120
2024-12-04,Egg Bhurji,Non_Veg_Mains,2,0,28,0,2.03,21.9,0,0,0.06,None,0,0.05,0.0,0,25,40,0
2024-12-05,Egg Bhurji,Non_Veg_Mains,3,0,27,0,0.48,27.86,0,0,0.07,None,1,0.2,0.0,0,25,40,0
2024-12-06,Egg Bhurji,Non_Veg_Mains,4,0,26,0,3.08,27.09,0,1,0.06,None,0,0.05,0.0,0,25,40,133
2024-12-07,Egg Bhurji,Non_Veg_Mains,5,0,25,0,3.35,20.42,0,1,0.07,None,1,0.3,0.0,0,25,40,0
2024-12-08,Egg Bhurji,Non_Veg_Mains,6,1,24,0,0.51,24.17,0,1,0.15,None,0,0.02,0.0,1,25,40,0
2024-12-09,Egg Bhurji,Non_Veg_Mains,0,0,23,0,1.59,17.7,0,0,0.06,None,0,0.15,0.0,0,25,40,114
2024-12-10,Egg Bhurji,Non_Veg_Mains,1,0,22,0,5.12,26.18,0,0,0.14,None,1,0.25,0.0,0,25,40,84
2024-12-11,Egg Bhurji,Non_Veg_Mains,2,0,21,0,0.4,23.19,0,0,0.1,None,0,0.05,0.0,0,25,40,0
2024-12-12,Egg Bhurji,Non_Veg_Mains,3,0,20,0,4.39,27.92,0,0,0.1,None,1,0.2,0.0,0,25,40,0
2024-12-13,Egg Bhurji,Non_Veg_Mains,4,0,19,0,3.97,26.3,0,0,0.08,None,0,0.05,0.0,0,25,40,104
2024-12-14,Egg Bhurji,Non_Veg_Mains,5,0,18,0,0.9,25.3,0,0,0.09,None,1,0.3,0.0,0,25,40,0
2024-12-15,Egg Bhurji,Non_Veg_Mains,6,0,17,0,6.63,31.49,0,0,0.03,None,0,0.02,0.0,0,25,40,0
2024-12-16,Egg Bhurji,Non_Veg_Mains,0,0,16,0,0.46,21.01,0,0,0.11,None,0,0.15,0.0,0,25,40,106
2024-12-17,Egg Bhurji,Non_Veg_Mains,1,0,15,0,1.05,27.61,0,0,0.1,None,1,0.25,0.0,0,25,40,81
2024-12-18,Egg Bhurji,Non_Veg_Mains,2,0,14,0,0.3,27.83,0,1,0.14,None,0,0.05,0.0,0,25,40,0
2024-12-19,Egg Bhurji,Non_Veg_Mains,3,0,13,0,3.74,26.11,0,0,0.05,None,1,0.2,0.0,0,25,40,0
2024-12-20,Egg Bhurji,Non_Veg_Mains,4,0,12,0,2.39,30.67,0,0,0.05,None,0,0.05,0.0,0,25,40,107
2024-12-21,Egg Bhurji,Non_Veg_Mains,5,0,11,0,6.21,26.1,0,1,0.1,None,1,0.3,0.0,0,25,40,0
2024-12-22,Egg Bhurji,Non_Veg_Mains,6,0,10,0,0.43,29.57,0,0,0.04,None,0,0.02,0.0,0,25,40,0
2024-12-23,Egg Bhurji,Non_Veg_Mains,0,0,9,0,2.9,29.33,0,0,0.02,None,0,0.15,0.0,0,25,40,109
2024-12-24,Egg Bhurji,Non_Veg_Mains,1,1,8,0,0.34,24.04,0,0,0.1,None,1,0.25,0.0,1,25,40,10
2024-12-25,Egg Bhurji,Non_Veg_Mains,2,0,7,0,3.05,32.88,0,0,0.06,None,0,0.05,0.0,0,25,40,0
2024-12-26,Egg Bhurji,Non_Veg_Mains,3,0,6,0,1.36,22.92,0,0,0.11,None,1,0.2,0.0,0,25,40,0
2024-12-27,Egg Bhurji,Non_Veg_Mains,4,0,5,0,3.63,24.38,0,0,0.11,None,0,0.05,0.0,0,25,40,95
2024-12-28,Egg Bhurji,Non_Veg_Mains,5,0,4,0,0.87,25.87,0,1,0.07,None,1,0.3,0.0,0,25,40,0
2024-12-29,Egg Bhurji,Non_Veg_Mains,6,0,3,0,18.29,16.74,0,0,0.03,None,0,0.02,0.0,0,25,40,0
2024-12-30,Egg Bhurji,Non_Veg_Mains,0,0,2,0,3.13,25.69,0,1,0.04,None,0,0.15,0.0,0,25,40,140
2024-12-31,Egg Bhurji,Non_Veg_Mains,1,0,1,0,0.41,20.53,0,0,0.05,None,1,0.25,0.0,0,25,40,100
2025-01-01,Egg Bhurji,Non_Veg_Mains,2,0,1,0,1.27,26.02,0,1,0.09,None,0,0.05,0.0,0,25,40,0
2025-01-02,Egg Bhurji,Non_Veg_Mains,3,0,0,0,1.7,23.24,0,0,0.03,None,1,0.2,0.0,0,25,40,0
2025-01-03,Egg Bhurji,Non_Veg_Mains,4,0,29,0,5.29,22.17,0,1,0.04,None,0,0.05,0.0,0,25,40,131
2025-01-04,Egg Bhurji,Non_Veg_Mains,5,0,28,0,2.61,23.03,0,1,0.11,None,1,0.3,0.0,0,25,40,0
2025-01-05,Egg Bhurji,Non_Veg_Mains,6,0,27,0,1.44,20.72,0,0,0.1,None,0,0.02,0.0,0,25,40,0
2025-01-06,Egg Bhurji,Non_Veg_Mains,0,0,26,0,4.83,29.83,0,0,0.13,None,0,0.15,0.0,0,25,40,99
2025-01-07,Egg Bhurji,Non_Veg_Mains,1,0,25,0,0.75,27.31,0,0,0.09,None,1,0.25,0.0,0,25,40,91
2025-01-08,Egg Bhurji,Non_Veg_Mains,2,0,24,0,0.25,20.13,0,0,0.05,None,0,0.05,0.0,0,25,40,0
2025-01-09,Egg Bhurji,Non_Veg_Mains,3,0,23,0,1.45,24.21,0,0,0.03,None,1,0.2,0.0,0,25,40,0
2025-01-10,Egg Bhurji,Non_Veg_Mains,4,0,22,0,9.64,25.71,0,0,0.03,None,0,0.05,0.0,0,25,40,114
2025-01-11,Egg Bhurji,Non_Veg_Mains,5,0,21,0,0.56,18.45,0,0,0.15,None,1,0.3,0.0,0,25,40,0
2025-01-12,Egg Bhurji,Non_Veg_Mains,6,0,20,0,0.24,20.55,0,0,0.07,None,0,0.02,0.0,0,25,40,0
2025-01-13,Egg Bhurji,Non_Veg_Mains,0,0,19,0,0.81,27.48,0,0,0.08,None,0,0.15,0.0,0,25,40,102
2025-01-14,Egg Bhurji,Non_Veg_Mains,1,0,18,0,0.76,18.89,0,1,0.04,None,1,0.25,0.0,0,25,40,111
2025-01-15,Egg Bhurji,Non_Veg_Mains,2,0,17,0,5.36,31.4,0,1,0.13,None,0,0.05,0.0,0,25,40,0
2025-01-16,Egg Bhurji,Non_Veg_Mains,3,0,16,0,16.99,29.42,0,0,0.11,None,1,0.2,0.0,0,25,40,0
2025-01-17,Egg Bhurji,Non_Veg_Mains,4,0,15,0,1.63,29.57,0,0,0.04,None,0,0.05,0.0,0,25,40,101
2025-01-18,Egg Bhurji,Non_Veg_Mains,5,0,14,0,0.08,26.35,0,0,0.12,None,1,0.3,0.0,0,25,40,0
2025-01-19,Egg Bhurji,Non_Veg_Mains,6,0,13,0,2.01,28.31,0,0,0.05,None,0,0.02,0.0,0,25,40,0
2025-01-20,Egg Bhurji,Non_Veg_Mains,0,0,12,0,3.98,24.09,0,0,0.1,None,0,0.15,0.0,0,25,40,105
2025-01-21,Egg Bhurji,Non_Veg_Mains,1,0,11,0,0.66,14.96,0,0,0.13,None,1,0.25,0.0,0,25,40,88
2025-01-22,Egg Bhurji,Non_Veg_Mains,2,0,10,0,4.16,25.58,0,0,0.05,None,0,0.05,0.0,0,25,40,0
2025-01-23,Egg Bhurji,Non_Veg_Mains,3,0,9,0,1.67,22.1,0,0,0.04,None,1,0.2,0.0,0,25,40,0
2025-01-24,Egg Bhurji,Non_Veg_Mains,4,0,8,0,0.04,18.75,0,0,0.11,None,0,0.05,0.0,0,25,40,105
2025-01-25,Egg Bhurji,Non_Veg_Mains,5,0,7,0,8.05,27.6,0,0,0.05,None,1,0.3,0.0,0,25,40,0
2025-01-26,Egg Bhurji,Non_Veg_Mains,6,0,6,0,2.08,20.47,0,0,0.12,None,0,0.02,0.0,0,25,40,0
2025-01-27,Egg Bhurji,Non_Veg_Mains,0,0,5,0,4.57,28.04,0,1,0.07,None,0,0.15,0.0,0,25,40,136
2025-01-28,Egg Bhurji,Non_Veg_Mains,1,0,4,0,2.11,22.25,0,0,0.12,None,1,0.25,0.0,0,25,40,84
2025-01-29,Egg Bhurji,Non_Veg_Mains,2,0,3,0,7.2,22.45,0,0,0.12,None,0,0.05,0.0,0,25,40,0
2025-01-30,Egg Bhurji,Non_Veg_Mains,3,0,2,0,4.96,23.18,0,1,0.06,None,1,0.2,0.0,0,25,40,0
2025-01-31,Egg Bhurji,Non_Veg_Mains,4,0,1,0,1.21,33.88,0,0,0.04,None,0,0.05,0.0,0,25,40,109
2025-02-01,Egg Bhurji,Non_Veg_Mains,5,0,28,0,4.18,26.36,0,1,0.14,None,1,0.3,0.0,0,25,40,0
2025-02-02,Egg Bhurji,Non_Veg_Mains,6,0,27,0,6.19,29.6,0,0,0.03,None,0,0.02,0.0,0,25,40,0
2025-02-03,Egg Bhurji,Non_Veg_Mains,0,0,26,0,0.63,23.66,0,0,0.09,None,0,0.15,0.0,0,25,40,100
2025-02-04,Egg Bhurji,Non_Veg_Mains,1,0,25,0,3.34,26.26,0,0,0.07,None,1,0.25,0.0,0,25,40,88
2025-02-05,Egg Bhurji,Non_Veg_Mains,2,0,24,0,0.15,25.29,0,0,0.06,None,0,0.05,0.0,0,25,40,0
2025-02-06,Egg Bhurji,Non_Veg_Mains,3,0,23,0,2.36,24.76,0,0,0.06,None,1,0.2,0.0,0,25,40,0
2025-02-07,Egg Bhurji,Non_Veg_Mains,4,0,22,0,0.45,29.19,0,1,0.05,None,0,0.05,0.0,0,25,40,140
2025-02-08,Egg Bhurji,Non_Veg_Mains,5,0,21,0,4.61,27.04,0,0,0.07,None,1,0.3,0.0,0,25,40,0
2025-02-09,Egg Bhurji,Non_Veg_Mains,6,0,20,0,2.72,24.99,0,1,0.06,None,0,0.02,0.0,0,25,40,0
2025-02-10,Egg Bhurji,Non_Veg_Mains,0,0,19,0,0.38,25.6,0,1,0.08,None,0,0.15,0.0,0,25,40,116
2025-02-11,Egg Bhurji,Non_Veg_Mains,1,0,18,0,3.81,24.57,0,1,0.06,None,1,0.25,0.0,0,25,40,118
2025-02-12,Egg Bhurji,Non_Veg_Mains,2,0,17,0,0.03,25.11,0,0,0.08,None,0,0.05,0.0,0,25,40,0
2025-02-13,Egg Bhurji,Non_Veg_Mains,3,0,16,0,0.02,22.75,0,0,0.05,None,1,0.2,0.0,0,25,40,0
2025-02-14,Egg Bhurji,Non_Veg_Mains,4,0,15,0,0.21,25.94,0,0,0.07,None,0,0.05,0.0,0,25,40,105
2025-02-15,Egg Bhurji,Non_Veg_Mains,5,0,14,0,0.34,28.66,0,1,0.03,None,1,0.3,0.0,0,25,40,0
2025-02-16,Egg Bhurji,Non_Veg_Mains,6,0,13,0,0.4,26.15,0,0,0.14,None,0,0.02,0.0,0,25,40,0
2025-02-17,Egg Bhurji,Non_Veg_Mains,0,0,12,0,0.04,25.88,0,0,0.12,None,0,0.15,0.0,0,25,40,104
2025-02-18,Egg Bhurji,Non_Veg_Mains,1,0,11,0,3.53,16.07,0,0,0.06,None,1,0.25,0.0,0,25,40,100
2025-02-19,Egg Bhurji,Non_Veg_Mains,2,0,10,0,2.38,24.12,0,0,0.03,None,0,0.05,0.0,0,25,40,0
2025-02-20,Egg Bhurji,Non_Veg_Mains,3,0,9,0,4.33,30.26,0,0,0.1,None,1,0.2,0.0,0,25,40,0
2025-02-21,Egg Bhurji,Non_Veg_Mains,4,0,8,0,0.21,28.45,0,0,0.06,None,0,0.05,0.0,0,25,40,101
2025-02-22,Egg Bhurji,Non_Veg_Mains,5,0,7,0,1.44,23.89,0,0,0.06,None,1,0.3,0.0,0,25,40,0
2025-02-23,Egg Bhurji,Non_Veg_Mains,6,0,6,0,0.68,30.64,0,0,0.03,None,0,0.02,0.0,0,25,40,0
2025-02-24,Egg Bhurji,Non_Veg_Mains,0,0,5,0,2.82,22.58,0,0,0.04,None,0,0.15,0.0,0,25,40,108
2025-02-25,Egg Bhurji,Non_Veg_Mains,1,0,4,0,7.81,27.65,0,0,0.13,None,1,0.25,0.0,0,25,40,84
2025-02-26,Egg Bhurji,Non_Veg_Mains,2,0,3,0,1.19,23.28,0,0,0.12,None,0,0.05,0.0,0,25,40,0
2025-02-27,Egg Bhurji,Non_Veg_Mains,3,0,2,0,4.09,18.32,0,1,0.08,None,1,0.2,0.0,0,25,40,0
2025-02-28,Egg Bhurji,Non_Veg_Mains,4,0,1,0,7.21,31.05,0,1,0.06,Ramadan,0,0.05,0.15,0,25,40,115
2025-03-01,Egg Bhurji,Non_Veg_Mains,5,0,1,0,2.93,22.78,0,0,0.12,Ramadan,1,0.3,0.15,0,25,40,0
2025-03-02,Egg Bhurji,Non_Veg_Mains,6,0,0,0,1.32,32.76,0,0,0.04,Ramadan,0,0.02,0.15,0,25,40,0
2025-03-03,Egg Bhurji,Non_Veg_Mains,0,0,29,0,10.26,31.66,0,0,0.14,Ramadan,0,0.15,0.15,0,25,40,78
2025-03-04,Egg Bhurji,Non_Veg_Mains,1,0,28,0,0.4,28.39,0,0,0.02,Ramadan,1,0.25,0.15,0,25,40,88
2025-03-05,Egg Bhurji,Non_Veg_Mains,2,0,27,0,3.91,31.07,0,0,0.15,Ramadan,0,0.05,0.15,0,25,40,0
2025-03-06,Egg Bhurji,Non_Veg_Mains,3,0,26,0,0.38,29.03,0,0,0.07,Ramadan,1,0.2,0.15,0,25,40,0
2025-03-07,Egg Bhurji,Non_Veg_Mains,4,0,25,0,4.5,23.52,0,1,0.04,Ramadan,0,0.05,0.15,0,25,40,121
2025-03-08,Egg Bhurji,Non_Veg_Mains,5,0,24,0,0.66,27.52,0,1,0.11,Ramadan,1,0.3,0.15,0,25,40,0
2025-03-09,Egg Bhurji,Non_Veg_Mains,6,0,23,0,0.9,23.53,0,0,0.09,Ramadan,0,0.02,0.15,0,25,40,0
2025-03-10,Egg Bhurji,Non_Veg_Mains,0,1,22,1,3.9,25.31,0,0,0.18,Ramadan,0,0.15,0.15,1,25,40,8
2025-03-11,Egg Bhurji,Non_Veg_Mains,1,0,21,0,1.22,19.35,0,1,0.04,Ramadan,1,0.25,0.15,0,25,40,93
2025-03-12,Egg Bhurji,Non_Veg_Mains,2,0,20,0,2.45,32.73,0,0,0.14,Ramadan,0,0.05,0.15,0,25,40,0
2025-03-13,Egg Bhurji,Non_Veg_Mains,3,0,19,0,7.6,22.82,0,0,0.09,Ramadan,1,0.2,0.15,0,25,40,0
2025-03-14,Egg Bhurji,Non_Veg_Mains,4,0,18,0,1.98,21.96,0,0,0.13,Ramadan,0,0.05,0.15,0,25,40,91
2025-03-15,Egg Bhurji,Non_Veg_Mains,5,0,17,0,2.58,25.12,0,0,0.02,Ramadan,1,0.3,0.15,0,25,40,0
2025-03-16,Egg Bhurji,Non_Veg_Mains,6,0,16,0,2.54,22.79,0,0,0.06,Ramadan,0,0.02,0.15,0,25,40,0
2025-03-17,Egg Bhurji,Non_Veg_Mains,0,0,15,0,1.01,29.06,0,0,0.08,Ramadan,0,0.15,0.15,0,25,40,92
2025-03-18,Egg Bhurji,Non_Veg_Mains,1,0,14,0,2.37,24.88,0,0,0.06,Ramadan,1,0.25,0.15,0,25,40,79
2025-03-19,Egg Bhurji,Non_Veg_Mains,2,0,13,0,9.95,30.48,0,0,0.11,Ramadan,0,0.05,0.15,0,25,40,0
2025-03-20,Egg Bhurji,Non_Veg_Mains,3,0,12,0,1.56,26.32,0,1,0.1,Ramadan,1,0.2,0.15,0,25,40,0
2025-03-21,Egg Bhurji,Non_Veg_Mains,4,0,11,0,0.61,29.51,0,0,0.08,Ramadan,0,0.05,0.15,0,25,40,87
2025-03-22,Egg Bhurji,Non_Veg_Mains,5,0,10,0,0.48,23.84,0,0,0.08,Ramadan,1,0.3,0.15,0,25,40,0
2025-03-23,Egg Bhurji,Non_Veg_Mains,6,0,9,0,6.49,25.32,0,1,0.07,Ramadan,0,0.02,0.15,0,25,40,0
2025-03-24,Egg Bhurji,Non_Veg_Mains,0,0,8,0,8.35,21.35,0,0,0.12,Ramadan,0,0.15,0.15,0,25,40,82
2025-03-25,Egg Bhurji,Non_Veg_Mains,1,0,7,0,1.09,29.85,0,0,0.13,Ramadan,1,0.25,0.15,0,25,40,71
2025-03-26,Egg Bhurji,Non_Veg_Mains,2,0,6,0,1.76,30.67,0,0,0.05,Ramadan,0,0.05,0.15,0,25,40,0
2025-03-27,Egg Bhurji,Non_Veg_Mains,3,0,5,0,2.63,18.27,0,1,0.04,Ramadan,1,0.2,0.15,0,25,40,0
2025-03-28,Egg Bhurji,Non_Veg_Mains,4,0,4,0,2.11,23.87,0,0,0.15,Ramadan,0,0.05,0.15,0,25,40,83
2025-03-29,Egg Bhurji,Non_Veg_Mains,5,0,3,0,4.8,26.93,0,1,0.08,Ramadan,1,0.3,0.15,0,25,40,0
2025-03-30,Egg Bhurji,Non_Veg_Mains,6,0,2,0,0.68,30.28,0,1,0.09,Ramadan,0,0.02,0.15,0,25,40,0
2025-03-31,Egg Bhurji,Non_Veg_Mains,0,0,1,0,1.06,22.58,0,0,0.08,None,0,0.15,0.0,0,25,40,97
2025-04-01,Egg Bhurji,Non_Veg_Mains,1,0,0,0,0.42,39.88,0,1,0.03,None,1,0.25,0.0,0,25,40,113
2025-04-02,Egg Bhurji,Non_Veg_Mains,2,0,29,0,0.0,39.8,0,0,0.08,None,0,0.05,0.0,0,25,40,0
2025-04-03,Egg Bhurji,Non_Veg_Mains,3,0,28,0,3.1,42.19,0,1,0.15,None,1,0.2,0.0,0,25,40,0
2025-04-04,Egg Bhurji,Non_Veg_Mains,4,0,27,0,0.16,37.82,0,1,0.03,None,0,0.05,0.0,0,25,40,125
2025-04-05,Egg Bhurji,Non_Veg_Mains,5,0,26,0,0.13,39.49,0,1,0.14,None,1,0.3,0.0,0,25,40,0
2025-04-06,Egg Bhurji,Non_Veg_Mains,6,0,25,0,0.13,42.18,0,1,0.06,None,0,0.02,0.0,0,25,40,0
2025-04-07,Egg Bhurji,Non_Veg_Mains,0,1,24,1,2.48,37.25,0,0,0.25,None,0,0.15,0.0,1,25,40,9
2025-04-08,Egg Bhurji,Non_Veg_Mains,1,0,23,0,0.06,38.3,0,0,0.08,None,1,0.25,0.0,0,25,40,96
2025-04-09,Egg Bhurji,Non_Veg_Mains,2,0,22,0,0.1,38.91,0,0,0.02,None,0,0.05,0.0,0,25,40,0
2025-04-10,Egg Bhurji,Non_Veg_Mains,3,0,21,0,0.66,40.42,0,0,0.11,None,1,0.2,0.0,0,25,40,0
2025-04-11,Egg Bhurji,Non_Veg_Mains,4,0,20,0,0.12,41.52,0,1,0.08,None,0,0.05,0.0,0,25,40,119
2025-04-12,Egg Bhurji,Non_Veg_Mains,5,0,19,0,0.01,41.86,0,0,0.07,None,1,0.3,0.0,0,25,40,0
2025-04-13,Egg Bhurji,Non_Veg_Mains,6,0,18,0,1.05,35.75,0,0,0.03,None,0,0.02,0.0,0,25,40,0
2025-04-14,Egg Bhurji,Non_Veg_Mains,0,0,17,0,2.34,39.14,0,0,0.04,None,0,0.15,0.0,0,25,40,107
2025-04-15,Egg Bhurji,Non_Veg_Mains,1,0,16,0,0.09,38.64,0,0,0.05,None,1,0.25,0.0,0,25,40,98
2025-04-16,Egg Bhurji,Non_Veg_Mains,2,0,15,0,0.2,43.07,0,1,0.13,None,0,0.05,0.0,0,25,40,0
2025-04-17,Egg Bhurji,Non_Veg_Mains,3,0,14,0,0.0,42.44,0,0,0.06,None,1,0.2,0.0,0,25,40,0
2025-04-18,Egg Bhurji,Non_Veg_Mains,4,0,13,0,0.97,39.2,0,1,0.04,None,0,0.05,0.0,0,25,40,119
2025-04-19,Egg Bhurji,Non_Veg_Mains,5,0,12,0,0.69,43.9,0,0,0.03,None,1,0.3,0.0,0,25,40,0
2025-04-20,Egg Bhurji,Non_Veg_Mains,6,0,11,0,0.21,37.8,0,1,0.13,None,0,0.02,0.0,0,25,40,0
2025-04-21,Egg Bhurji,Non_Veg_Mains,0,0,10,0,0.03,40.55,0,0,0.08,None,0,0.15,0.0,0,25,40,105
2025-04-22,Egg Bhurji,Non_Veg_Mains,1,0,9,0,0.17,40.81,0,0,0.04,None,1,0.25,0.0,0,25,40,91
2025-04-23,Egg Bhurji,Non_Veg_Mains,2,0,8,0,2.72,39.84,0,0,0.03,None,0,0.05,0.0,0,25,40,0
2025-04-24,Egg Bhurji,Non_Veg_Mains,3,0,7,0,1.19,41.17,0,0,0.06,None,1,0.2,0.0,0,25,40,0
2025-04-25,Egg Bhurji,Non_Veg_Mains,4,0,6,0,1.12,40.97,0,0,0.04,None,0,0.05,0.0,0,25,40,109
2025-04-26,Egg Bhurji,Non_Veg_Mains,5,0,5,0,1.15,39.23,0,0,0.08,None,1,0.3,0.0,0,25,40,0
2025-04-27,Egg Bhurji,Non_Veg_Mains,6,1,4,0,0.26,40.09,0,0,0.11,None,0,0.02,0.0,1,25,40,0
2025-04-28,Egg Bhurji,Non_Veg_Mains,0,0,3,0,0.74,38.31,0,1,0.08,None,0,0.15,0.0,0,25,40,122
2025-04-29,Egg Bhurji,Non_Veg_Mains,1,0,2,0,2.89,36.97,0,0,0.05,None,1,0.25,0.0,0,25,40,91
2025-04-30,Egg Bhurji,Non_Veg_Mains,2,0,1,0,0.02,37.45,0,0,0.04,None,0,0.05,0.0,0,25,40,0
2025-05-01,Egg Bhurji,Non_Veg_Mains,3,0,1,0,0.21,36.9,0,0,0.12,None,1,0.2,0.0,0,25,40,0
2025-05-02,Egg Bhurji,Non_Veg_Mains,4,0,0,0,0.25,42.33,0,0,0.11,None,0,0.05,0.0,0,25,40,108
2025-05-03,Egg Bhurji,Non_Veg_Mains,5,0,29,0,1.16,39.08,0,0,0.06,None,1,0.3,0.0,0,25,40,0
2025-05-04,Egg Bhurji,Non_Veg_Mains,6,0,28,0,0.49,39.08,0,0,0.09,None,0,0.02,0.0,0,25,40,0
2025-05-05,Egg Bhurji,Non_Veg_Mains,0,0,27,0,1.47,35.66,0,1,0.06,None,0,0.15,0.0,0,25,40,130
2025-05-06,Egg Bhurji,Non_Veg_Mains,1,0,26,0,0.14,40.59,0,1,0.04,None,1,0.25,0.0,0,25,40,115
2025-05-07,Egg Bhurji,Non_Veg_Mains,2,0,25,0,0.07,40.76,0,0,0.04,None,0,0.05,0.0,0,25,40,0
2025-05-08,Egg Bhurji,Non_Veg_Mains,3,0,24,0,0.02,38.2,0,1,0.13,None,1,0.2,0.0,0,25,40,0
2025-05-09,Egg Bhurji,Non_Veg_Mains,4,0,23,0,0.84,39.89,0,1,0.09,None,0,0.05,0.0,0,25,40,128
2025-05-10,Egg Bhurji,Non_Veg_Mains,5,0,22,0,1.66,38.72,0,0,0.1,None,1,0.3,0.0,0,25,40,0
2025-05-11,Egg Bhurji,Non_Veg_Mains,6,0,21,0,0.13,39.77,0,0,0.14,None,0,0.02,0.0,0,25,40,0
2025-05-12,Egg Bhurji,Non_Veg_Mains,0,0,20,0,0.04,39.4,0,0,0.1,None,0,0.15,0.0,0,25,40,97
2025-05-13,Egg Bhurji,Non_Veg_Mains,1,0,19,0,6.74,38.31,0,0,0.12,None,1,0.25,0.0,0,25,40,85
2025-05-14,Egg Bhurji,Non_Veg_Mains,2,0,18,0,0.02,40.06,0,0,0.04,None,0,0.05,0.0,0,25,40,0
2025-05-15,Egg Bhurji,Non_Veg_Mains,3,0,17,0,2.33,42.04,0,0,0.07,None,1,0.2,0.0,0,25,40,0
2025-05-16,Egg Bhurji,Non_Veg_Mains,4,1,16,1,0.45,35.66,0,0,0.27,None,0,0.05,0.0,1,25,40,7
2025-05-17,Egg Bhurji,Non_Veg_Mains,5,0,15,0,0.02,39.31,0,0,0.12,None,1,0.3,0.0,0,25,40,0
2025-05-18,Egg Bhurji,Non_Veg_Mains,6,0,14,0,0.0,37.66,0,0,0.02,None,0,0.02,0.0,0,25,40,0
2025-05-19,Egg Bhurji,Non_Veg_Mains,0,0,13,0,1.97,38.67,0,0,0.13,None,0,0.15,0.0,0,25,40,102
2025-05-20,Egg Bhurji,Non_Veg_Mains,1,0,12,0,0.84,39.99,0,0,0.09,None,1,0.25,0.0,0,25,40,89
2025-05-21,Egg Bhurji,Non_Veg_Mains,2,0,11,0,0.43,45.28,1,1,0.06,None,0,0.05,0.0,0,25,40,0
2025-05-22,Egg Bhurji,Non_Veg_Mains,3,0,10,0,0.82,38.12,0,0,0.05,None,1,0.2,0.0,0,25,40,0
2025-05-23,Egg Bhurji,Non_Veg_Mains,4,0,9,0,0.16,40.96,0,0,0.11,None,0,0.05,0.0,0,25,40,105
2025-05-24,Egg Bhurji,Non_Veg_Mains,5,0,8,0,0.22,40.5,0,1,0.07,None,1,0.3,0.0,0,25,40,0
2025-05-25,Egg Bhurji,Non_Veg_Mains,6,0,7,0,0.0,36.79,0,1,0.06,None,0,0.02,0.0,0,25,40,0
2025-05-26,Egg Bhurji,Non_Veg_Mains,0,0,6,0,0.82,42.55,0,0,0.12,None,0,0.15,0.0,0,25,40,99
2025-05-27,Egg Bhurji,Non_Veg_Mains,1,0,5,0,4.69,43.11,0,0,0.05,None,1,0.25,0.0,0,25,40,95
2025-05-28,Egg Bhurji,Non_Veg_Mains,2,0,4,0,0.04,43.75,0,0,0.14,None,0,0.05,0.0,0,25,40,0
2025-05-29,Egg Bhurji,Non_Veg_Mains,3,0,3,0,0.0,39.84,0,0,0.11,None,1,0.2,0.0,0,25,40,0
2025-05-30,Egg Bhurji,Non_Veg_Mains,4,0,2,0,0.06,39.9,0,0,0.04,None,0,0.05,0.0,0,25,40,105
2025-05-31,Egg Bhurji,Non_Veg_Mains,5,0,1,0,1.87,40.0,0,0,0.12,None,1,0.3,0.0,0,25,40,0
2025-06-01,Egg Bhurji,Non_Veg_Mains,6,0,0,0,25.41,28.89,0,0,0.03,None,0,0.02,0.0,0,25,40,0
2025-06-02,Egg Bhurji,Non_Veg_Mains,0,0,29,0,26.88,27.02,0,0,0.04,None,0,0.15,0.0,0,25,40,118
2025-06-03,Egg Bhurji,Non_Veg_Mains,1,0,28,0,16.96,32.21,0,0,0.07,None,1,0.25,0.0,0,25,40,78
2025-06-04,Egg Bhurji,Non_Veg_Mains,2,0,27,0,12.66,33.5,0,0,0.09,None,0,0.05,0.0,0,25,40,0
2025-06-05,Egg Bhurji,Non_Veg_Mains,3,0,26,0,12.02,29.55,0,0,0.02,None,1,0.2,0.0,0,25,40,0
2025-06-06,Egg Bhurji,Non_Veg_Mains,4,0,25,0,28.15,25.81,0,0,0.08,None,0,0.05,0.0,0,25,40,129
2025-06-07,Egg Bhurji,Non_Veg_Mains,5,0,24,0,11.82,31.98,0,0,0.13,None,1,0.3,0.0,0,25,40,0
2025-06-08,Egg Bhurji,Non_Veg_Mains,6,0,23,0,16.3,26.01,0,0,0.14,None,0,0.02,0.0,0,25,40,0
2025-06-09,Egg Bhurji,Non_Veg_Mains,0,0,22,0,6.45,32.61,0,0,0.03,None,0,0.15,0.0,0,25,40,109
2025-06-10,Egg Bhurji,Non_Veg_Mains,1,0,21,0,8.05,25.65,0,0,0.03,None,1,0.25,0.0,0,25,40,99
2025-06-11,Egg Bhurji,Non_Veg_Mains,2,0,20,0,8.23,29.14,0,0,0.04,None,0,0.05,0.0,0,25,40,0
2025-06-12,Egg Bhurji,Non_Veg_Mains,3,0,19,0,68.93,32.61,1,0,0.13,None,1,0.2,0.0,0,25,40,0
2025-06-13,Egg Bhurji,Non_Veg_Mains,4,0,18,0,4.6,30.57,0,0,0.04,None,0,0.05,0.0,0,25,40,126
2025-06-14,Egg Bhurji,Non_Veg_Mains,5,0,17,0,41.11,28.18,1,0,0.05,None,1,0.3,0.0,0,25,40,0
2025-06-15,Egg Bhurji,Non_Veg_Mains,6,0,16,0,18.98,31.17,0,0,0.13,None,0,0.02,0.0,0,25,40,0
2025-06-16,Egg Bhurji,Non_Veg_Mains,0,0,15,0,5.36,26.81,0,0,0.07,None,0,0.15,0.0,0,25,40,100
2025-06-17,Egg Bhurji,Non_Veg_Mains,1,0,14,0,22.08,28.67,0,0,0.07,None,1,0.25,0.0,0,25,40,114
2025-06-18,Egg Bhurji,Non_Veg_Mains,2,0,13,0,18.16,32.57,0,0,0.13,None,0,0.05,0.0,0,25,40,0
2025-06-19,Egg Bhurji,Non_Veg_Mains,3,0,12,0,42.4,28.65,1,0,0.04,None,1,0.2,0.0,0,25,40,0
2025-06-20,Egg Bhurji,Non_Veg_Mains,4,0,11,0,35.76,30.01,0,1,0.03,None,0,0.05,0.0,0,25,40,156
2025-06-21,Egg Bhurji,Non_Veg_Mains,5,0,10,0,14.15,35.24,0,0,0.07,None,1,0.3,0.0,0,25,40,0
2025-06-22,Egg Bhurji,Non_Veg_Mains,6,0,9,0,7.41,32.01,0,1,0.08,None,0,0.02,0.0,0,25,40,0
2025-06-23,Egg Bhurji,Non_Veg_Mains,0,0,8,0,20.98,28.03,0,0,0.06,None,0,0.15,0.0,0,25,40,121
2025-06-24,Egg Bhurji,Non_Veg_Mains,1,0,7,0,1.68,27.14,0,0,0.13,None,1,0.25,0.0,0,25,40,91
2025-06-25,Egg Bhurji,Non_Veg_Mains,2,0,6,0,18.61,30.84,0,0,0.02,None,0,0.05,0.0,0,25,40,0
2025-06-26,Egg Bhurji,Non_Veg_Mains,3,0,5,0,25.11,32.13,0,0,0.12,None,1,0.2,0.0,0,25,40,0
2025-06-27,Egg Bhurji,Non_Veg_Mains,4,0,4,0,12.76,33.15,0,0,0.03,None,0,0.05,0.0,0,25,40,110
2025-06-28,Egg Bhurji,Non_Veg_Mains,5,0,3,0,13.78,23.69,0,1,0.11,None,1,0.3,0.0,0,25,40,0
2025-06-29,Egg Bhurji,Non_Veg_Mains,6,0,2,0,2.46,33.14,0,0,0.13,None,0,0.02,0.0,0,25,40,0
2025-06-30,Egg Bhurji,Non_Veg_Mains,0,0,1,0,70.63,36.56,1,0,0.12,None,0,0.15,0.0,0,25,40,110
2025-07-01,Egg Bhurji,Non_Veg_Mains,1,0,1,0,16.48,24.6,0,0,0.13,None,1,0.25,0.0,0,25,40,85
2025-07-02,Egg Bhurji,Non_Veg_Mains,2,0,0,0,12.81,32.22,0,0,0.14,None,0,0.05,0.0,0,25,40,0
2025-07-03,Egg Bhurji,Non_Veg_Mains,3,0,29,0,4.66,30.09,0,1,0.08,None,1,0.2,0.0,0,25,40,0
2025-07-04,Egg Bhurji,Non_Veg_Mains,4,0,28,0,3.57,30.12,0,0,0.09,None,0,0.05,0.0,0,25,40,103
2025-07-05,Egg Bhurji,Non_Veg_Mains,5,0,27,0,6.32,32.87,0,1,0.08,None,1,0.3,0.0,0,25,40,0
2025-07-06,Egg Bhurji,Non_Veg_Mains,6,0,26,0,23.21,26.37,0,0,0.07,None,0,0.02,0.0,0,25,40,0
2025-07-07,Egg Bhurji,Non_Veg_Mains,0,0,25,0,24.02,31.2,0,0,0.04,None,0,0.15,0.0,0,25,40,141
2025-07-08,Egg Bhurji,Non_Veg_Mains,1,0,24,0,26.46,29.96,0,0,0.11,None,1,0.25,0.0,0,25,40,99
2025-07-09,Egg Bhurji,Non_Veg_Mains,2,1,23,0,12.81,27.19,0,0,0.12,None,0,0.05,0.0,1,25,40,0
2025-07-10,Egg Bhurji,Non_Veg_Mains,3,0,22,0,30.11,31.18,0,0,0.05,None,1,0.2,0.0,0,25,40,0
2025-07-11,Egg Bhurji,Non_Veg_Mains,4,0,21,0,9.52,33.1,0,0,0.14,None,0,0.05,0.0,0,25,40,102
2025-07-12,Egg Bhurji,Non_Veg_Mains,5,0,20,0,21.23,31.55,0,1,0.05,None,1,0.3,0.0,0,25,40,0
2025-07-13,Egg Bhurji,Non_Veg_Mains,6,0,19,0,2.1,27.98,0,0,0.02,None,0,0.02,0.0,0,25,40,0
2025-07-14,Egg Bhurji,Non_Veg_Mains,0,0,18,0,5.93,28.76,0,0,0.09,None,0,0.15,0.0,0,25,40,102
2025-07-15,Egg Bhurji,Non_Veg_Mains,1,0,17,0,23.34,30.68,0,0,0.09,None,1,0.25,0.0,0,25,40,113
2025-07-16,Egg Bhurji,Non_Veg_Mains,2,0,16,0,13.89,34.32,0,0,0.13,None,0,0.05,0.0,0,25,40,0
2025-07-17,Egg Bhurji,Non_Veg_Mains,3,0,15,0,28.73,33.48,0,0,0.04,None,1,0.2,0.0,0,25,40,0
2025-07-18,Egg Bhurji,Non_Veg_Mains,4,0,14,0,22.37,30.87,0,0,0.07,None,0,0.05,0.0,0,25,40,120
2025-07-19,Egg Bhurji,Non_Veg_Mains,5,0,13,0,7.32,28.71,0,1,0.11,None,1,0.3,0.0,0,25,40,0
2025-07-20,Egg Bhurji,Non_Veg_Mains,6,0,12,0,64.65,31.17,1,1,0.1,None,0,0.02,0.0,0,25,40,0
2025-07-21,Egg Bhurji,Non_Veg_Mains,0,0,11,0,16.5,32.46,0,0,0.13,None,0,0.15,0.0,0,25,40,91
2025-07-22,Egg Bhurji,Non_Veg_Mains,1,0,10,0,8.2,28.8,0,0,0.08,None,1,0.25,0.0,0,25,40,94
2025-07-23,Egg Bhurji,Non_Veg_Mains,2,0,9,0,9.53,31.39,0,0,0.13,None,0,0.05,0.0,0,25,40,0
2025-07-24,Egg Bhurji,Non_Veg_Mains,3,0,8,0,27.42,25.59,0,0,0.03,None,1,0.2,0.0,0,25,40,0
2025-07-25,Egg Bhurji,Non_Veg_Mains,4,0,7,0,25.67,26.35,0,1,0.06,Shravan,0,0.4,0.02,0,25,40,84
2025-07-26,Egg Bhurji,Non_Veg_Mains,5,0,6,0,7.4,30.24,0,0,0.14,Shravan,1,0.4,0.02,0,25,40,0
2025-07-27,Egg Bhurji,Non_Veg_Mains,6,0,5,0,8.15,29.49,0,0,0.06,Shravan,0,0.4,0.02,0,25,40,0
2025-07-28,Egg Bhurji,Non_Veg_Mains,0,1,4,1,13.53,25.47,0,1,0.2,Shravan,0,0.4,0.02,1,25,40,7
2025-07-29,Egg Bhurji,Non_Veg_Mains,1,0,3,0,3.33,27.91,0,0,0.03,Shravan,1,0.4,0.02,0,25,40,74
2025-07-30,Egg Bhurji,Non_Veg_Mains,2,0,2,0,31.43,27.99,0,1,0.05,Shravan,0,0.4,0.02,0,25,40,0
2025-07-31,Egg Bhurji,Non_Veg_Mains,3,0,1,0,10.42,29.18,0,0,0.06,Shravan,1,0.4,0.02,0,25,40,0
2025-08-01,Egg Bhurji,Non_Veg_Mains,4,0,1,0,36.62,25.1,0,0,0.06,Shravan,0,0.4,0.02,0,25,40,76
2025-08-02,Egg Bhurji,Non_Veg_Mains,5,0,0,0,7.33,29.43,0,0,0.12,Shravan,1,0.4,0.02,0,25,40,0
2025-08-03,Egg Bhurji,Non_Veg_Mains,6,0,29,0,15.27,34.33,0,0,0.14,Shravan,0,0.4,0.02,0,25,40,0
2025-08-04,Egg Bhurji,Non_Veg_Mains,0,0,28,0,10.46,27.27,0,1,0.03,Shravan,0,0.4,0.02,0,25,40,84
2025-08-05,Egg Bhurji,Non_Veg_Mains,1,0,27,0,12.49,26.1,0,0,0.03,Shravan,1,0.4,0.02,0,25,40,79
2025-08-06,Egg Bhurji,Non_Veg_Mains,2,0,26,0,9.79,30.59,0,1,0.03,Shravan,0,0.4,0.02,0,25,40,0
2025-08-07,Egg Bhurji,Non_Veg_Mains,3,0,25,0,17.87,25.41,0,1,0.08,Shravan,1,0.4,0.02,0,25,40,0
2025-08-08,Egg Bhurji,Non_Veg_Mains,4,0,24,0,30.73,28.85,0,1,0.14,Shravan,0,0.4,0.02,0,25,40,83
2025-08-09,Egg Bhurji,Non_Veg_Mains,5,0,23,0,5.54,29.47,0,0,0.14,Shravan,1,0.4,0.02,0,25,40,0
2025-08-10,Egg Bhurji,Non_Veg_Mains,6,0,22,0,4.81,32.38,0,0,0.12,Shravan,0,0.4,0.02,0,25,40,0
2025-08-11,Egg Bhurji,Non_Veg_Mains,0,0,21,0,9.76,32.27,0,0,0.07,Shravan,0,0.4,0.02,0,25,40,73
2025-08-12,Egg Bhurji,Non_Veg_Mains,1,0,20,0,40.6,33.02,1,0,0.03,Shravan,1,0.4,0.02,0,25,40,90
2025-08-13,Egg Bhurji,Non_Veg_Mains,2,0,19,0,16.51,34.76,0,1,0.13,Shravan,0,0.4,0.02,0,25,40,0
2025-08-14,Egg Bhurji,Non_Veg_Mains,3,0,18,0,11.01,29.49,0,0,0.02,Shravan,1,0.4,0.02,0,25,40,0
2025-08-15,Egg Bhurji,Non_Veg_Mains,4,0,17,0,23.19,22.85,0,1,0.1,Shravan,0,0.4,0.02,0,25,40,85
2025-08-16,Egg Bhurji,Non_Veg_Mains,5,0,16,0,33.64,31.29,0,0,0.07,Shravan,1,0.4,0.02,0,25,40,0
2025-08-17,Egg Bhurji,Non_Veg_Mains,6,0,15,0,28.08,30.19,0,1,0.06,Shravan,0,0.4,0.02,0,25,40,0
2025-08-18,Egg Bhurji,Non_Veg_Mains,0,0,14,0,27.95,33.59,0,0,0.04,Shravan,0,0.4,0.02,0,25,40,79
2025-08-19,Egg Bhurji,Non_Veg_Mains,1,0,13,0,9.44,27.66,0,0,0.04,Shravan,1,0.4,0.02,0,25,40,74
2025-08-20,Egg Bhurji,Non_Veg_Mains,2,0,12,0,21.32,34.85,0,1,0.12,Shravan,0,0.4,0.02,0,25,40,0
2025-08-21,Egg Bhurji,Non_Veg_Mains,3,0,11,0,32.23,33.67,0,0,0.08,Shravan,1,0.4,0.02,0,25,40,0
2025-08-22,Egg Bhurji,Non_Veg_Mains,4,0,10,0,40.36,29.48,1,0,0.02,Shravan,0,0.4,0.02,0,25,40,79
2025-08-23,Egg Bhurji,Non_Veg_Mains,5,0,9,0,34.21,26.86,0,1,0.05,Shravan,1,0.4,0.02,0,25,40,0
2025-08-24,Egg Bhurji,Non_Veg_Mains,6,0,8,0,11.72,30.28,0,0,0.04,None,0,0.02,0.0,0,25,40,0
2025-08-25,Egg Bhurji,Non_Veg_Mains,0,0,7,0,16.87,34.93,0,0,0.12,None,0,0.15,0.0,0,25,40,107
2025-08-26,Egg Bhurji,Non_Veg_Mains,1,0,6,0,19.73,31.51,0,0,0.1,None,1,0.25,0.0,0,25,40,92
2025-08-27,Egg Bhurji,Non_Veg_Mains,2,0,5,0,23.76,29.02,0,0,0.14,None,0,0.05,0.0,0,25,40,0
2025-08-28,Egg Bhurji,Non_Veg_Mains,3,0,4,0,51.46,33.12,1,0,0.08,None,1,0.2,0.0,0,25,40,0
2025-08-29,Egg Bhurji,Non_Veg_Mains,4,0,3,0,14.76,27.18,0,0,0.12,None,0,0.05,0.0,0,25,40,96
2025-08-30,Egg Bhurji,Non_Veg_Mains,5,0,2,0,21.86,27.78,0,1,0.11,None,1,0.3,0.0,0,25,40,0
2025-08-31,Egg Bhurji,Non_Veg_Mains,6,0,1,0,12.87,31.63,0,0,0.08,None,0,0.02,0.0,0,25,40,0
2025-09-01,Egg Bhurji,Non_Veg_Mains,0,0,0,0,31.96,29.61,0,0,0.05,None,0,0.15,0.0,0,25,40,119
2025-09-02,Egg Bhurji,Non_Veg_Mains,1,0,29,0,20.1,29.96,0,0,0.09,None,1,0.25,0.0,0,25,40,108
2025-09-03,Egg Bhurji,Non_Veg_Mains,2,0,28,0,18.87,32.24,0,0,0.1,None,0,0.05,0.0,0,25,40,0
2025-09-04,Egg Bhurji,Non_Veg_Mains,3,0,27,0,40.76,27.15,1,0,0.03,None,1,0.2,0.0,0,25,40,0
2025-09-05,Egg Bhurji,Non_Veg_Mains,4,0,26,0,11.03,30.21,0,0,0.1,None,0,0.05,0.0,0,25,40,100
2025-09-06,Egg Bhurji,Non_Veg_Mains,5,0,25,0,8.78,29.69,0,0,0.08,None,1,0.3,0.0,0,25,40,0
2025-09-07,Egg Bhurji,Non_Veg_Mains,6,0,24,0,21.97,32.55,0,1,0.14,None,0,0.02,0.0,0,25,40,0
2025-09-08,Egg Bhurji,Non_Veg_Mains,0,0,23,0,11.75,31.35,0,0,0.09,None,0,0.15,0.0,0,25,40,99
2025-09-09,Egg Bhurji,Non_Veg_Mains,1,0,22,0,12.87,22.78,0,0,0.15,None,1,0.25,0.0,0,25,40,84
2025-09-10,Egg Bhurji,Non_Veg_Mains,2,0,21,0,19.57,29.0,0,0,0.03,None,0,0.05,0.0,0,25,40,0
2025-09-11,Egg Bhurji,Non_Veg_Mains,3,0,20,0,21.86,28.85,0,0,0.08,None,1,0.2,0.0,0,25,40,0
2025-09-12,Egg Bhurji,Non_Veg_Mains,4,0,19,0,4.57,31.71,0,0,0.14,None,0,0.05,0.0,0,25,40,98
2025-09-13,Egg Bhurji,Non_Veg_Mains,5,0,18,0,24.27,30.32,0,0,0.14,None,1,0.3,0.0,0,25,40,0
2025-09-14,Egg Bhurji,Non_Veg_Mains,6,0,17,0,10.29,28.15,0,0,0.09,None,0,0.02,0.0,0,25,40,0
2025-09-15,Egg Bhurji,Non_Veg_Mains,0,0,16,0,9.3,31.37,0,1,0.07,None,0,0.15,0.0,0,25,40,126
2025-09-16,Egg Bhurji,Non_Veg_Mains,1,0,15,0,53.8,29.21,1,0,0.03,None,1,0.25,0.0,0,25,40,108
2025-09-17,Egg Bhurji,Non_Veg_Mains,2,1,14,0,22.05,32.09,0,0,0.13,None,0,0.05,0.0,1,25,40,0
2025-09-18,Egg Bhurji,Non_Veg_Mains,3,0,13,0,43.07,22.69,1,0,0.03,None,1,0.2,0.0,0,25,40,0
2025-09-19,Egg Bhurji,Non_Veg_Mains,4,0,12,0,20.38,28.21,0,0,0.02,None,0,0.05,0.0,0,25,40,126
2025-09-20,Egg Bhurji,Non_Veg_Mains,5,0,11,0,15.17,26.69,0,0,0.11,None,1,0.3,0.0,0,25,40,0
2025-09-21,Egg Bhurji,Non_Veg_Mains,6,0,10,0,4.05,35.6,0,0,0.13,None,0,0.02,0.0,0,25,40,0
2025-09-22,Egg Bhurji,Non_Veg_Mains,0,0,9,0,11.3,25.86,0,0,0.07,Navratri,0,0.45,0.05,0,25,40,68
2025-09-23,Egg Bhurji,Non_Veg_Mains,1,0,8,0,4.47,29.46,0,0,0.14,Navratri,1,0.45,0.05,0,25,40,58
2025-09-24,Egg Bhurji,Non_Veg_Mains,2,0,7,0,4.55,33.68,0,0,0.05,Navratri,0,0.45,0.05,0,25,40,0
2025-09-25,Egg Bhurji,Non_Veg_Mains,3,0,6,0,3.94,35.02,0,0,0.08,Navratri,1,0.45,0.05,0,25,40,0
2025-09-26,Egg Bhurji,Non_Veg_Mains,4,0,5,0,23.19,33.02,0,0,0.13,Navratri,0,0.45,0.05,0,25,40,62
2025-09-27,Egg Bhurji,Non_Veg_Mains,5,0,4,0,14.78,33.18,0,0,0.08,Navratri,1,0.45,0.05,0,25,40,0
2025-09-28,Egg Bhurji,Non_Veg_Mains,6,0,3,0,23.49,25.04,0,0,0.13,Navratri,0,0.45,0.05,0,25,40,0
2025-09-29,Egg Bhurji,Non_Veg_Mains,0,0,2,0,26.44,30.25,0,0,0.1,Navratri,0,0.45,0.05,0,25,40,74
2025-09-30,Egg Bhurji,Non_Veg_Mains,1,0,1,0,9.36,38.68,0,0,0.07,Navratri,1,0.45,0.05,0,25,40,71
2025-10-01,Egg Bhurji,Non_Veg_Mains,2,0,1,0,0.27,27.83,0,0,0.05,Navratri,0,0.45,0.05,0,25,40,0
2025-10-02,Egg Bhurji,Non_Veg_Mains,3,0,0,0,0.64,18.13,0,0,0.1,Navratri,1,0.45,0.05,0,25,40,0
2025-10-03,Egg Bhurji,Non_Veg_Mains,4,0,29,0,3.25,33.83,0,0,0.04,None,0,0.05,0.0,0,25,40,112
2025-10-04,Egg Bhurji,Non_Veg_Mains,5,0,28,0,0.36,28.18,0,0,0.09,None,1,0.3,0.0,0,25,40,0
2025-10-05,Egg Bhurji,Non_Veg_Mains,6,0,27,0,7.45,20.19,0,0,0.11,None,0,0.02,0.0,0,25,40,0
2025-10-06,Egg Bhurji,Non_Veg_Mains,0,0,26,0,0.64,31.98,0,1,0.11,None,0,0.15,0.0,0,25,40,118
2025-10-07,Egg Bhurji,Non_Veg_Mains,1,0,25,0,0.62,27.56,0,0,0.06,None,1,0.25,0.0,0,25,40,90
2025-10-08,Egg Bhurji,Non_Veg_Mains,2,0,24,0,1.16,29.4,0,0,0.04,None,0,0.05,0.0,0,25,40,0
2025-10-09,Egg Bhurji,Non_Veg_Mains,3,0,23,0,6.94,24.7,0,0,0.06,None,1,0.2,0.0,0,25,40,0
2025-10-10,Egg Bhurji,Non_Veg_Mains,4,0,22,0,1.79,25.61,0,0,0.08,None,0,0.05,0.0,0,25,40,115
2025-10-11,Egg Bhurji,Non_Veg_Mains,5,0,21,0,1.16,22.14,0,0,0.03,None,1,0.3,0.0,0,25,40,0
2025-10-12,Egg Bhurji,Non_Veg_Mains,6,0,20,0,1.94,23.58,0,0,0.12,None,0,0.02,0.0,0,25,40,0
2025-10-13,Egg Bhurji,Non_Veg_Mains,0,0,19,0,6.14,29.74,0,0,0.13,None,0,0.15,0.0,0,25,40,100
2025-10-14,Egg Bhurji,Non_Veg_Mains,1,1,18,0,0.23,34.28,0,0,0.03,None,1,0.25,0.0,1,25,40,9
2025-10-15,Egg Bhurji,Non_Veg_Mains,2,0,17,0,0.23,20.63,0,1,0.05,None,0,0.05,0.0,0,25,40,0
2025-10-16,Egg Bhurji,Non_Veg_Mains,3,0,16,0,17.13,30.21,0,0,0.1,None,1,0.2,0.0,0,25,40,0
2025-10-17,Egg Bhurji,Non_Veg_Mains,4,0,15,0,2.31,19.81,0,0,0.03,None,0,0.05,0.0,0,25,40,110
2025-10-18,Egg Bhurji,Non_Veg_Mains,5,0,14,0,0.02,26.21,0,0,0.14,None,1,0.3,0.0,0,25,40,0
2025-10-19,Egg Bhurji,Non_Veg_Mains,6,0,13,0,3.28,25.91,0,0,0.1,None,0,0.02,0.0,0,25,40,0
2025-10-20,Egg Bhurji,Non_Veg_Mains,0,0,12,0,1.08,26.42,0,0,0.04,None,0,0.15,0.0,0,25,40,104
2025-10-21,Egg Bhurji,Non_Veg_Mains,1,0,11,0,6.67,28.53,0,0,0.1,None,1,0.25,0.0,0,25,40,95
2025-10-22,Egg Bhurji,Non_Veg_Mains,2,0,10,0,1.0,21.71,0,0,0.09,None,0,0.05,0.0,0,25,40,0
2025-10-23,Egg Bhurji,Non_Veg_Mains,3,0,9,0,1.25,25.11,0,0,0.08,None,1,0.2,0.0,0,25,40,0
2025-10-24,Egg Bhurji,Non_Veg_Mains,4,0,8,0,1.68,33.84,0,0,0.11,None,0,0.05,0.0,0,25,40,99
2025-10-25,Egg Bhurji,Non_Veg_Mains,5,0,7,0,3.81,23.24,0,0,0.05,None,1,0.3,0.0,0,25,40,0
2025-10-26,Egg Bhurji,Non_Veg_Mains,6,0,6,0,7.09,17.24,0,0,0.07,None,0,0.02,0.0,0,25,40,0
2025-10-27,Egg Bhurji,Non_Veg_Mains,0,0,5,0,0.67,19.63,0,1,0.04,None,0,0.15,0.0,0,25,40,140
2025-10-28,Egg Bhurji,Non_Veg_Mains,1,0,4,0,2.52,22.09,0,0,0.13,None,1,0.25,0.0,0,25,40,82
2025-10-29,Egg Bhurji,Non_Veg_Mains,2,0,3,0,1.08,24.93,0,0,0.12,None,0,0.05,0.0,0,25,40,0
2025-10-30,Egg Bhurji,Non_Veg_Mains,3,0,2,0,0.17,23.49,0,0,0.02,None,1,0.2,0.0,0,25,40,0
2025-10-31,Egg Bhurji,Non_Veg_Mains,4,0,1,0,5.48,25.35,0,0,0.1,None,0,0.05,0.0,0,25,40,113
2025-11-01,Egg Bhurji,Non_Veg_Mains,5,0,0,0,0.33,17.55,0,1,0.05,None,1,0.3,0.0,0,25,40,0
2025-11-02,Egg Bhurji,Non_Veg_Mains,6,0,29,0,2.02,25.07,0,1,0.11,None,0,0.02,0.0,0,25,40,0
2025-11-03,Egg Bhurji,Non_Veg_Mains,0,0,28,0,0.14,21.5,0,1,0.04,None,0,0.15,0.0,0,25,40,137
2025-11-04,Egg Bhurji,Non_Veg_Mains,1,0,27,0,0.01,15.53,0,0,0.11,None,1,0.25,0.0,0,25,40,91
2025-11-05,Egg Bhurji,Non_Veg_Mains,2,0,26,0,8.46,27.64,0,1,0.12,None,0,0.05,0.0,0,25,40,0
2025-11-06,Egg Bhurji,Non_Veg_Mains,3,0,25,0,0.91,25.11,0,0,0.07,None,1,0.2,0.0,0,25,40,0
2025-11-07,Egg Bhurji,Non_Veg_Mains,4,0,24,0,1.44,26.07,0,0,0.1,None,0,0.05,0.0,0,25,40,99
2025-11-08,Egg Bhurji,Non_Veg_Mains,5,0,23,0,6.73,33.14,0,1,0.04,None,1,0.3,0.0,0,25,40,0
2025-11-09,Egg Bhurji,Non_Veg_Mains,6,0,22,0,0.96,24.69,0,1,0.15,None,0,0.02,0.0,0,25,40,0
2025-11-10,Egg Bhurji,Non_Veg_Mains,0,0,21,0,7.64,28.24,0,0,0.05,None,0,0.15,0.0,0,25,40,100
2025-11-11,Egg Bhurji,Non_Veg_Mains,1,0,20,0,4.6,30.72,0,1,0.11,None,1,0.25,0.0,0,25,40,103
2025-11-12,Egg Bhurji,Non_Veg_Mains,2,0,19,0,0.71,23.6,0,0,0.14,None,0,0.05,0.0,0,25,40,0
2025-11-13,Egg Bhurji,Non_Veg_Mains,3,0,18,0,4.24,28.11,0,0,0.11,None,1,0.2,0.0,0,25,40,0
2025-11-14,Egg Bhurji,Non_Veg_Mains,4,0,17,0,1.92,21.73,0,1,0.08,None,0,0.05,0.0,0,25,40,116
2025-11-15,Egg Bhurji,Non_Veg_Mains,5,0,16,0,5.25,23.11,0,0,0.09,None,1,0.3,0.0,0,25,40,0
2025-11-16,Egg Bhurji,Non_Veg_Mains,6,0,15,0,0.95,24.06,0,1,0.07,None,0,0.02,0.0,0,25,40,0
2025-11-17,Egg Bhurji,Non_Veg_Mains,0,0,14,0,1.23,27.5,0,0,0.08,None,0,0.15,0.0,0,25,40,100
2025-11-18,Egg Bhurji,Non_Veg_Mains,1,0,13,0,1.72,17.14,0,0,0.12,None,1,0.25,0.0,0,25,40,82
2025-11-19,Egg Bhurji,Non_Veg_Mains,2,0,12,0,1.38,17.08,0,0,0.05,None,0,0.05,0.0,0,25,40,0
2025-11-20,Egg Bhurji,Non_Veg_Mains,3,0,11,0,0.16,33.39,0,1,0.09,None,1,0.2,0.0,0,25,40,0
2025-11-21,Egg Bhurji,Non_Veg_Mains,4,1,10,1,1.48,26.35,0,0,0.27,None,0,0.05,0.0,1,25,40,8
2025-11-22,Egg Bhurji,Non_Veg_Mains,5,0,9,0,2.08,21.12,0,0,0.12,None,1,0.3,0.0,0,25,40,0
2025-11-23,Egg Bhurji,Non_Veg_Mains,6,0,8,0,0.38,19.84,0,0,0.04,None,0,0.02,0.0,0,25,40,0
2025-11-24,Egg Bhurji,Non_Veg_Mains,0,0,7,0,3.43,24.39,0,1,0.09,None,0,0.15,0.0,0,25,40,132
2025-11-25,Egg Bhurji,Non_Veg_Mains,1,0,6,0,9.04,24.07,0,0,0.09,None,1,0.25,0.0,0,25,40,84
2025-11-26,Egg Bhurji,Non_Veg_Mains,2,0,5,0,9.87,18.33,0,0,0.07,None,0,0.05,0.0,0,25,40,0
2025-11-27,Egg Bhurji,Non_Veg_Mains,3,0,4,0,5.08,32.32,0,1,0.08,None,1,0.2,0.0,0,25,40,0
2025-11-28,Egg Bhurji,Non_Veg_Mains,4,0,3,0,0.12,23.24,0,1,0.09,None,0,0.05,0.0,0,25,40,114
2025-11-29,Egg Bhurji,Non_Veg_Mains,5,0,2,0,1.42,20.84,0,0,0.11,None,1,0.3,0.0,0,25,40,0
2025-11-30,Egg Bhurji,Non_Veg_Mains,6,0,1,0,0.41,20.47,0,0,0.06,None,0,0.02,0.0,0,25,40,0
2025-12-01,Egg Bhurji,Non_Veg_Mains,0,0,1,0,1.05,26.19,0,0,0.13,None,0,0.15,0.0,0,25,40,99
2025-12-02,Egg Bhurji,Non_Veg_Mains,1,0,0,0,0.68,21.02,0,0,0.12,None,1,0.25,0.0,0,25,40,89
2025-12-03,Egg Bhurji,Non_Veg_Mains,2,0,29,0,2.98,26.89,0,0,0.02,None,0,0.05,0.0,0,25,40,0
2025-12-04,Egg Bhurji,Non_Veg_Mains,3,0,28,0,7.33,19.93,0,1,0.05,None,1,0.2,0.0,0,25,40,0
2025-12-05,Egg Bhurji,Non_Veg_Mains,4,0,27,0,5.09,22.22,0,0,0.11,None,0,0.05,0.0,0,25,40,108
2025-12-06,Egg Bhurji,Non_Veg_Mains,5,0,26,0,0.22,27.36,0,0,0.09,None,1,0.3,0.0,0,25,40,0
2025-12-07,Egg Bhurji,Non_Veg_Mains,6,0,25,0,1.75,27.0,0,0,0.03,None,0,0.02,0.0,0,25,40,0
2025-12-08,Egg Bhurji,Non_Veg_Mains,0,0,24,0,0.09,26.94,0,0,0.11,None,0,0.15,0.0,0,25,40,91
2025-12-09,Egg Bhurji,Non_Veg_Mains,1,0,23,0,1.94,18.78,0,0,0.13,None,1,0.25,0.0,0,25,40,81
2025-12-10,Egg Bhurji,Non_Veg_Mains,2,0,22,0,0.69,24.94,0,0,0.03,None,0,0.05,0.0,0,25,40,0
2025-12-11,Egg Bhurji,Non_Veg_Mains,3,0,21,0,4.62,26.92,0,0,0.14,None,1,0.2,0.0,0,25,40,0
2025-12-12,Egg Bhurji,Non_Veg_Mains,4,0,20,0,0.59,27.01,0,0,0.13,None,0,0.05,0.0,0,25,40,104
2025-12-13,Egg Bhurji,Non_Veg_Mains,5,0,19,0,5.74,26.85,0,0,0.05,None,1,0.3,0.0,0,25,40,0
2025-12-14,Egg Bhurji,Non_Veg_Mains,6,0,18,0,0.8,23.36,0,0,0.09,None,0,0.02,0.0,0,25,40,0
2025-12-15,Egg Bhurji,Non_Veg_Mains,0,0,17,0,2.61,20.03,0,0,0.04,None,0,0.15,0.0,0,25,40,111
2025-12-16,Egg Bhurji,Non_Veg_Mains,1,0,16,0,0.89,21.02,0,0,0.15,None,1,0.25,0.0,0,25,40,81
2025-12-17,Egg Bhurji,Non_Veg_Mains,2,0,15,0,9.6,28.67,0,0,0.1,None,0,0.05,0.0,0,25,40,0
2025-12-18,Egg Bhurji,Non_Veg_Mains,3,0,14,0,2.63,16.08,0,0,0.02,None,1,0.2,0.0,0,25,40,0
2025-12-19,Egg Bhurji,Non_Veg_Mains,4,1,13,1,1.29,16.48,0,0,0.17,None,0,0.05,0.0,1,25,40,8
2025-12-20,Egg Bhurji,Non_Veg_Mains,5,0,12,0,0.78,22.18,0,1,0.06,None,1,0.3,0.0,0,25,40,0
2025-12-21,Egg Bhurji,Non_Veg_Mains,6,0,11,0,9.77,23.74,0,0,0.1,None,0,0.02,0.0,0,25,40,0
2025-12-22,Egg Bhurji,Non_Veg_Mains,0,0,10,0,0.59,27.49,0,1,0.04,None,0,0.15,0.0,0,25,40,126
2025-12-23,Egg Bhurji,Non_Veg_Mains,1,0,9,0,8.7,26.51,0,0,0.14,None,1,0.25,0.0,0,25,40,84
2025-12-24,Egg Bhurji,Non_Veg_Mains,2,0,8,0,16.28,26.94,0,0,0.08,None,0,0.05,0.0,0,25,40,0
2025-12-25,Egg Bhurji,Non_Veg_Mains,3,0,7,0,0.27,24.62,0,0,0.1,None,1,0.2,0.0,0,25,40,0
2025-12-26,Egg Bhurji,Non_Veg_Mains,4,0,6,0,0.29,18.71,0,0,0.13,None,0,0.05,0.0,0,25,40,93
2025-12-27,Egg Bhurji,Non_Veg_Mains,5,0,5,0,1.66,25.84,0,0,0.06,None,1,0.3,0.0,0,25,40,0
2025-12-28,Egg Bhurji,Non_Veg_Mains,6,0,4,0,1.15,28.74,0,0,0.14,None,0,0.02,0.0,0,25,40,0
2025-12-29,Egg Bhurji,Non_Veg_Mains,0,0,3,0,2.31,23.98,0,0,0.08,None,0,0.15,0.0,0,25,40,104
2025-12-30,Egg Bhurji,Non_Veg_Mains,1,0,2,0,2.34,23.63,0,0,0.04,None,1,0.25,0.0,0,25,40,100
2025-12-31,Egg Bhurji,Non_Veg_Mains,2,0,1,0,4.89,20.74,0,0,0.12,None,0,0.05,0.0,0,25,40,0
2026-01-01,Egg Bhurji,Non_Veg_Mains,3,0,1,0,1.56,23.12,0,0,0.12,None,1,0.2,0.0,0,25,40,0
2026-01-02,Egg Bhurji,Non_Veg_Mains,4,0,0,0,1.99,27.96,0,0,0.14,None,0,0.05,0.0,0,25,40,90
2026-01-03,Egg Bhurji,Non_Veg_Mains,5,0,29,0,1.01,27.64,0,0,0.11,None,1,0.3,0.0,0,25,40,0
2026-01-04,Egg Bhurji,Non_Veg_Mains,6,0,28,0,6.49,24.21,0,0,0.13,None,0,0.02,0.0,0,25,40,0
2026-01-05,Egg Bhurji,Non_Veg_Mains,0,0,27,0,1.55,25.96,0,0,0.09,None,0,0.15,0.0,0,25,40,112
2026-01-06,Egg Bhurji,Non_Veg_Mains,1,0,26,0,5.92,24.33,0,0,0.11,None,1,0.25,0.0,0,25,40,88
2026-01-07,Egg Bhurji,Non_Veg_Mains,2,0,25,0,14.96,28.97,0,0,0.05,None,0,0.05,0.0,0,25,40,0
2026-01-08,Egg Bhurji,Non_Veg_Mains,3,0,24,0,3.36,27.83,0,0,0.02,None,1,0.2,0.0,0,25,40,0
2026-01-09,Egg Bhurji,Non_Veg_Mains,4,0,23,0,2.8,29.67,0,0,0.06,None,0,0.05,0.0,0,25,40,96
2026-01-10,Egg Bhurji,Non_Veg_Mains,5,0,22,0,3.8,17.96,0,0,0.05,None,1,0.3,0.0,0,25,40,0
2026-01-11,Egg Bhurji,Non_Veg_Mains,6,0,21,0,0.51,15.7,0,1,0.08,None,0,0.02,0.0,0,25,40,0
2026-01-12,Egg Bhurji,Non_Veg_Mains,0,0,20,0,0.87,27.01,0,1,0.14,None,0,0.15,0.0,0,25,40,118
2026-01-13,Egg Bhurji,Non_Veg_Mains,1,0,19,0,0.03,32.3,0,1,0.04,None,1,0.25,0.0,0,25,40,119
2026-01-14,Egg Bhurji,Non_Veg_Mains,2,0,18,0,0.76,23.8,0,0,0.05,None,0,0.05,0.0,0,25,40,0
2026-01-15,Egg Bhurji,Non_Veg_Mains,3,0,17,0,1.91,27.96,0,1,0.06,None,1,0.2,0.0,0,25,40,0
2026-01-16,Egg Bhurji,Non_Veg_Mains,4,0,16,0,0.21,25.12,0,0,0.12,None,0,0.05,0.0,0,25,40,98
2026-01-17,Egg Bhurji,Non_Veg_Mains,5,0,15,0,2.24,27.81,0,0,0.06,None,1,0.3,0.0,0,25,40,0
2026-01-18,Egg Bhurji,Non_Veg_Mains,6,0,14,0,1.55,22.59,0,0,0.04,None,0,0.02,0.0,0,25,40,0
2026-01-19,Egg Bhurji,Non_Veg_Mains,0,1,13,1,1.49,31.77,0,0,0.21,None,0,0.15,0.0,1,25,40,8
2026-01-20,Egg Bhurji,Non_Veg_Mains,1,0,12,0,0.4,25.92,0,0,0.05,None,1,0.25,0.0,0,25,40,89
2026-01-21,Egg Bhurji,Non_Veg_Mains,2,0,11,0,0.06,22.44,0,0,0.09,None,0,0.05,0.0,0,25,40,0
2026-01-22,Egg Bhurji,Non_Veg_Mains,3,0,10,0,2.44,22.16,0,0,0.14,None,1,0.2,0.0,0,25,40,0
2026-01-23,Egg Bhurji,Non_Veg_Mains,4,0,9,0,1.11,28.19,0,0,0.08,None,0,0.05,0.0,0,25,40,108
2026-01-24,Egg Bhurji,Non_Veg_Mains,5,0,8,0,0.45,26.21,0,0,0.08,None,1,0.3,0.0,0,25,40,0
2026-01-25,Egg Bhurji,Non_Veg_Mains,6,0,7,0,1.97,24.44,0,1,0.11,None,0,0.02,0.0,0,25,40,0
2026-01-26,Egg Bhurji,Non_Veg_Mains,0,0,6,0,3.19,23.75,0,0,0.1,None,0,0.15,0.0,0,25,40,107
2026-01-27,Egg Bhurji,Non_Veg_Mains,1,0,5,0,1.49,19.67,0,0,0.06,None,1,0.25,0.0,0,25,40,93
2026-01-28,Egg Bhurji,Non_Veg_Mains,2,0,4,0,2.1,28.08,0,0,0.09,None,0,0.05,0.0,0,25,40,0
2026-01-29,Egg Bhurji,Non_Veg_Mains,3,0,3,0,1.73,23.08,0,0,0.08,None,1,0.2,0.0,0,25,40,0
2026-01-30,Egg Bhurji,Non_Veg_Mains,4,0,2,0,2.11,22.23,0,1,0.13,None,0,0.05,0.0,0,25,40,123
2026-01-31,Egg Bhurji,Non_Veg_Mains,5,0,1,0,7.47,26.57,0,0,0.14,None,1,0.3,0.0,0,25,40,0
2026-02-01,Egg Bhurji,Non_Veg_Mains,6,0,28,0,0.1,28.98,0,0,0.11,None,0,0.02,0.0,0,25,40,0
2026-02-02,Egg Bhurji,Non_Veg_Mains,0,0,27,0,11.81,23.88,0,0,0.06,None,0,0.15,0.0,0,25,40,109
2026-02-03,Egg Bhurji,Non_Veg_Mains,1,0,26,0,4.55,27.37,0,0,0.1,None,1,0.25,0.0,0,25,40,91
2026-02-04,Egg Bhurji,Non_Veg_Mains,2,0,25,0,0.26,26.3,0,0,0.09,None,0,0.05,0.0,0,25,40,0
2026-02-05,Egg Bhurji,Non_Veg_Mains,3,0,24,0,0.51,23.28,0,0,0.1,None,1,0.2,0.0,0,25,40,0
2026-02-06,Egg Bhurji,Non_Veg_Mains,4,0,23,0,2.82,22.21,0,1,0.07,None,0,0.05,0.0,0,25,40,133
2026-02-07,Egg Bhurji,Non_Veg_Mains,5,0,22,0,1.08,23.79,0,1,0.12,None,1,0.3,0.0,0,25,40,0
2026-02-08,Egg Bhurji,Non_Veg_Mains,6,0,21,0,2.82,19.53,0,1,0.05,None,0,0.02,0.0,0,25,40,0
2026-02-09,Egg Bhurji,Non_Veg_Mains,0,0,20,0,2.54,31.92,0,0,0.04,None,0,0.15,0.0,0,25,40,98
2026-02-10,Egg Bhurji,Non_Veg_Mains,1,0,19,0,3.1,27.45,0,0,0.12,None,1,0.25,0.0,0,25,40,88
2026-02-11,Egg Bhurji,Non_Veg_Mains,2,0,18,0,1.42,18.95,0,0,0.06,None,0,0.05,0.0,0,25,40,0
2026-02-12,Egg Bhurji,Non_Veg_Mains,3,1,17,0,0.34,32.08,0,0,0.1,None,1,0.2,0.0,1,25,40,0
2026-02-13,Egg Bhurji,Non_Veg_Mains,4,0,16,0,1.01,35.89,0,0,0.03,None,0,0.05,0.0,0,25,40,116
2026-02-14,Egg Bhurji,Non_Veg_Mains,5,0,15,0,2.19,29.39,0,0,0.15,None,1,0.3,0.0,0,25,40,0
2026-02-15,Egg Bhurji,Non_Veg_Mains,6,0,14,0,1.82,22.73,0,1,0.12,None,0,0.02,0.0,0,25,40,0
2026-02-16,Egg Bhurji,Non_Veg_Mains,0,0,13,0,1.52,27.32,0,0,0.13,None,0,0.15,0.0,0,25,40,90
2026-02-17,Egg Bhurji,Non_Veg_Mains,1,1,12,0,5.88,22.14,0,0,0.14,Ramadan,1,0.25,0.15,1,25,40,7
2026-02-18,Egg Bhurji,Non_Veg_Mains,2,0,11,0,0.88,15.09,0,0,0.02,Ramadan,0,0.05,0.15,0,25,40,0
2026-02-19,Egg Bhurji,Non_Veg_Mains,3,0,10,0,3.85,27.81,0,0,0.06,Ramadan,1,0.2,0.15,0,25,40,0
2026-02-20,Egg Bhurji,Non_Veg_Mains,4,0,9,0,1.53,20.25,0,0,0.08,Ramadan,0,0.05,0.15,0,25,40,87
2026-02-21,Egg Bhurji,Non_Veg_Mains,5,0,8,0,8.27,27.75,0,0,0.09,Ramadan,1,0.3,0.15,0,25,40,0
2026-02-22,Egg Bhurji,Non_Veg_Mains,6,0,7,0,0.76,23.22,0,0,0.14,Ramadan,0,0.02,0.15,0,25,40,0
2026-02-23,Egg Bhurji,Non_Veg_Mains,0,1,6,1,8.33,22.7,0,1,0.28,Ramadan,0,0.15,0.15,1,25,40,8
2026-02-24,Egg Bhurji,Non_Veg_Mains,1,0,5,0,3.71,26.98,0,1,0.05,Ramadan,1,0.25,0.15,0,25,40,93
2026-02-25,Egg Bhurji,Non_Veg_Mains,2,0,4,0,3.25,24.15,0,0,0.07,Ramadan,0,0.05,0.15,0,25,40,0
2026-02-26,Egg Bhurji,Non_Veg_Mains,3,0,3,0,1.58,33.11,0,0,0.04,Ramadan,1,0.2,0.15,0,25,40,0
2026-02-27,Egg Bhurji,Non_Veg_Mains,4,0,2,0,7.19,29.31,0,0,0.12,Ramadan,0,0.05,0.15,0,25,40,86
2026-02-28,Egg Bhurji,Non_Veg_Mains,5,0,1,0,0.95,21.01,0,1,0.02,Ramadan,1,0.3,0.15,0,25,40,0
2026-03-01,Egg Bhurji,Non_Veg_Mains,6,0,1,0,2.48,24.96,0,0,0.03,Ramadan,0,0.02,0.15,0,25,40,0
2026-03-02,Egg Bhurji,Non_Veg_Mains,0,0,0,0,9.23,26.75,0,0,0.12,Ramadan,0,0.15,0.15,0,25,40,85
2026-03-03,Egg Bhurji,Non_Veg_Mains,1,0,29,0,2.74,28.02,0,0,0.09,Ramadan,1,0.25,0.15,0,25,40,81
2026-03-04,Egg Bhurji,Non_Veg_Mains,2,0,28,0,0.2,25.68,0,0,0.02,Ramadan,0,0.05,0.15,0,25,40,0
2026-03-05,Egg Bhurji,Non_Veg_Mains,3,0,27,0,1.55,23.88,0,1,0.07,Ramadan,1,0.2,0.15,0,25,40,0
2026-03-06,Egg Bhurji,Non_Veg_Mains,4,0,26,0,0.06,24.96,0,0,0.06,Ramadan,0,0.05,0.15,0,25,40,90
2026-03-07,Egg Bhurji,Non_Veg_Mains,5,0,25,0,2.02,32.57,0,0,0.05,Ramadan,1,0.3,0.15,0,25,40,0
2026-03-08,Egg Bhurji,Non_Veg_Mains,6,0,24,0,0.83,22.02,0,0,0.12,Ramadan,0,0.02,0.15,0,25,40,0
2026-03-09,Egg Bhurji,Non_Veg_Mains,0,0,23,0,1.05,26.97,0,0,0.04,Ramadan,0,0.15,0.15,0,25,40,99
2026-03-10,Egg Bhurji,Non_Veg_Mains,1,0,22,0,1.03,21.82,0,0,0.02,Ramadan,1,0.25,0.15,0,25,40,83
2026-03-11,Egg Bhurji,Non_Veg_Mains,2,0,21,0,5.62,27.81,0,1,0.07,Ramadan,0,0.05,0.15,0,25,40,0
2026-03-12,Egg Bhurji,Non_Veg_Mains,3,0,20,0,8.91,23.91,0,0,0.13,Ramadan,1,0.2,0.15,0,25,40,0
2026-03-13,Egg Bhurji,Non_Veg_Mains,4,0,19,0,0.54,22.59,0,0,0.05,Ramadan,0,0.05,0.15,0,25,40,82
2026-03-14,Egg Bhurji,Non_Veg_Mains,5,0,18,0,4.9,30.8,0,0,0.05,Ramadan,1,0.3,0.15,0,25,40,0
2026-03-15,Egg Bhurji,Non_Veg_Mains,6,0,17,0,4.22,22.53,0,1,0.11,Ramadan,0,0.02,0.15,0,25,40,0
2026-03-16,Egg Bhurji,Non_Veg_Mains,0,0,16,0,3.0,32.93,0,0,0.13,Ramadan,0,0.15,0.15,0,25,40,82
2026-03-17,Egg Bhurji,Non_Veg_Mains,1,0,15,0,0.24,27.13,0,0,0.13,Ramadan,1,0.25,0.15,0,25,40,72
2026-03-18,Egg Bhurji,Non_Veg_Mains,2,0,14,0,1.01,29.83,0,0,0.09,Ramadan,0,0.05,0.15,0,25,40,0
2026-03-19,Egg Bhurji,Non_Veg_Mains,3,0,13,0,6.27,20.77,0,0,0.02,Ramadan,1,0.2,0.15,0,25,40,0
2026-03-20,Egg Bhurji,Non_Veg_Mains,4,0,12,0,7.31,23.9,0,0,0.14,None,0,0.05,0.0,0,25,40,93
2026-03-21,Egg Bhurji,Non_Veg_Mains,5,0,11,0,3.48,12.88,0,0,0.09,None,1,0.3,0.0,0,25,40,0
2026-03-22,Egg Bhurji,Non_Veg_Mains,6,0,10,0,0.51,25.65,0,0,0.12,None,0,0.02,0.0,0,25,40,0
2026-03-23,Egg Bhurji,Non_Veg_Mains,0,0,9,0,7.75,18.14,0,0,0.1,None,0,0.15,0.0,0,25,40,101
2026-03-24,Egg Bhurji,Non_Veg_Mains,1,0,8,0,5.19,29.67,0,0,0.11,None,1,0.25,0.0,0,25,40,84
2026-03-25,Egg Bhurji,Non_Veg_Mains,2,0,7,0,0.0,21.72,0,0,0.05,None,0,0.05,0.0,0,25,40,0
2026-03-26,Egg Bhurji,Non_Veg_Mains,3,0,6,0,1.79,20.97,0,0,0.13,None,1,0.2,0.0,0,25,40,0
2026-03-27,Egg Bhurji,Non_Veg_Mains,4,0,5,0,3.45,28.35,0,0,0.12,None,0,0.05,0.0,0,25,40,105
2026-03-28,Egg Bhurji,Non_Veg_Mains,5,0,4,0,1.88,27.82,0,0,0.14,None,1,0.3,0.0,0,25,40,0
2026-03-29,Egg Bhurji,Non_Veg_Mains,6,0,3,0,6.89,25.09,0,0,0.07,None,0,0.02,0.0,0,25,40,0
2026-03-30,Egg Bhurji,Non_Veg_Mains,0,0,2,0,9.37,25.35,0,0,0.09,None,0,0.15,0.0,0,25,40,102
2026-03-31,Egg Bhurji,Non_Veg_Mains,1,0,1,0,1.02,25.64,0,0,0.03,None,1,0.25,0.0,0,25,40,96
2026-04-01,Egg Bhurji,Non_Veg_Mains,2,0,0,0,0.56,37.27,0,0,0.1,None,0,0.05,0.0,0,25,40,0
2026-04-02,Egg Bhurji,Non_Veg_Mains,3,0,29,0,0.39,39.19,0,0,0.02,None,1,0.2,0.0,0,25,40,0
2026-04-03,Egg Bhurji,Non_Veg_Mains,4,0,28,0,0.22,41.22,0,0,0.14,None,0,0.05,0.0,0,25,40,102
2026-04-04,Egg Bhurji,Non_Veg_Mains,5,0,27,0,0.51,40.94,0,0,0.13,None,1,0.3,0.0,0,25,40,0
2026-04-05,Egg Bhurji,Non_Veg_Mains,6,0,26,0,0.49,36.95,0,0,0.03,None,0,0.02,0.0,0,25,40,0
2026-04-06,Egg Bhurji,Non_Veg_Mains,0,0,25,0,0.04,36.56,0,1,0.04,None,0,0.15,0.0,0,25,40,132
2026-04-07,Egg Bhurji,Non_Veg_Mains,1,0,24,0,0.14,38.82,0,0,0.06,None,1,0.25,0.0,0,25,40,96
2026-04-08,Egg Bhurji,Non_Veg_Mains,2,0,23,0,1.35,40.74,0,0,0.15,None,0,0.05,0.0,0,25,40,0
2026-04-09,Egg Bhurji,Non_Veg_Mains,3,0,22,0,0.3,36.85,0,0,0.13,None,1,0.2,0.0,0,25,40,0
2026-04-10,Egg Bhurji,Non_Veg_Mains,4,0,21,0,0.98,38.3,0,0,0.14,None,0,0.05,0.0,0,25,40,95
2026-04-11,Egg Bhurji,Non_Veg_Mains,5,0,20,0,0.21,43.01,0,0,0.09,None,1,0.3,0.0,0,25,40,0
2026-04-12,Egg Bhurji,Non_Veg_Mains,6,0,19,0,0.1,41.29,0,0,0.1,None,0,0.02,0.0,0,25,40,0
2026-04-13,Egg Bhurji,Non_Veg_Mains,0,0,18,0,0.19,41.93,0,0,0.11,None,0,0.15,0.0,0,25,40,91
2026-04-14,Egg Bhurji,Non_Veg_Mains,1,0,17,0,0.01,40.2,0,0,0.06,None,1,0.25,0.0,0,25,40,85
2026-04-15,Egg Bhurji,Non_Veg_Mains,2,0,16,0,0.29,39.19,0,1,0.08,None,0,0.05,0.0,0,25,40,0
2026-04-16,Egg Bhurji,Non_Veg_Mains,3,0,15,0,1.93,38.32,0,0,0.11,None,1,0.2,0.0,0,25,40,0
2026-04-17,Egg Bhurji,Non_Veg_Mains,4,0,14,0,0.07,38.32,0,0,0.08,None,0,0.05,0.0,0,25,40,107
2026-04-18,Egg Bhurji,Non_Veg_Mains,5,0,13,0,0.43,38.39,0,0,0.04,None,1,0.3,0.0,0,25,40,0
2026-04-19,Egg Bhurji,Non_Veg_Mains,6,0,12,0,0.19,41.62,0,0,0.02,None,0,0.02,0.0,0,25,40,0
2026-04-20,Egg Bhurji,Non_Veg_Mains,0,0,11,0,4.52,41.99,0,0,0.08,None,0,0.15,0.0,0,25,40,107
2026-04-21,Egg Bhurji,Non_Veg_Mains,1,0,10,0,7.38,40.27,0,1,0.05,None,1,0.25,0.0,0,25,40,120
2026-04-22,Egg Bhurji,Non_Veg_Mains,2,0,9,0,0.36,44.4,0,1,0.07,None,0,0.05,0.0,0,25,40,0
2026-04-23,Egg Bhurji,Non_Veg_Mains,3,0,8,0,0.59,39.19,0,0,0.09,None,1,0.2,0.0,0,25,40,0
2026-04-24,Egg Bhurji,Non_Veg_Mains,4,0,7,0,4.41,41.23,0,0,0.04,None,0,0.05,0.0,0,25,40,114
2026-04-25,Egg Bhurji,Non_Veg_Mains,5,0,6,0,0.03,41.62,0,1,0.11,None,1,0.3,0.0,0,25,40,0
2026-04-26,Egg Bhurji,Non_Veg_Mains,6,0,5,0,1.44,39.94,0,0,0.08,None,0,0.02,0.0,0,25,40,0
2026-04-27,Egg Bhurji,Non_Veg_Mains,0,0,4,0,0.05,39.42,0,0,0.13,None,0,0.15,0.0,0,25,40,94
2026-04-28,Egg Bhurji,Non_Veg_Mains,1,0,3,0,0.27,44.44,0,1,0.03,None,1,0.25,0.0,0,25,40,111
2026-04-29,Egg Bhurji,Non_Veg_Mains,2,0,2,0,0.22,39.93,0,1,0.09,None,0,0.05,0.0,0,25,40,0
2026-04-30,Egg Bhurji,Non_Veg_Mains,3,0,1,0,0.02,38.64,0,0,0.11,None,1,0.2,0.0,0,25,40,0
2026-05-01,Egg Bhurji,Non_Veg_Mains,4,0,1,0,0.01,40.24,0,0,0.06,None,0,0.05,0.0,0,25,40,110
2026-05-02,Egg Bhurji,Non_Veg_Mains,5,0,0,0,0.02,41.71,0,0,0.13,None,1,0.3,0.0,0,25,40,0
2026-05-03,Egg Bhurji,Non_Veg_Mains,6,0,29,0,0.06,39.32,0,0,0.14,None,0,0.02,0.0,0,25,40,0
2026-05-04,Egg Bhurji,Non_Veg_Mains,0,0,28,0,0.38,39.28,0,1,0.1,None,0,0.15,0.0,0,25,40,121
2026-05-05,Egg Bhurji,Non_Veg_Mains,1,0,27,0,0.18,39.36,0,0,0.11,None,1,0.25,0.0,0,25,40,85
2026-05-06,Egg Bhurji,Non_Veg_Mains,2,0,26,0,0.15,41.18,0,0,0.07,None,0,0.05,0.0,0,25,40,0
2026-05-07,Egg Bhurji,Non_Veg_Mains,3,0,25,0,0.99,43.05,0,0,0.09,None,1,0.2,0.0,0,25,40,0
2026-05-08,Egg Bhurji,Non_Veg_Mains,4,0,24,0,0.04,40.65,0,1,0.14,None,0,0.05,0.0,0,25,40,109
2026-05-09,Egg Bhurji,Non_Veg_Mains,5,0,23,0,5.49,42.34,0,0,0.14,None,1,0.3,0.0,0,25,40,0
2026-05-10,Egg Bhurji,Non_Veg_Mains,6,0,22,0,2.0,39.34,0,1,0.04,None,0,0.02,0.0,0,25,40,0
2026-05-11,Egg Bhurji,Non_Veg_Mains,0,0,21,0,0.06,42.23,0,0,0.1,None,0,0.15,0.0,0,25,40,104
2026-05-12,Egg Bhurji,Non_Veg_Mains,1,0,20,0,0.22,39.26,0,0,0.04,None,1,0.25,0.0,0,25,40,97
2026-05-13,Egg Bhurji,Non_Veg_Mains,2,0,19,0,3.25,41.48,0,0,0.03,None,0,0.05,0.0,0,25,40,0
2026-05-14,Egg Bhurji,Non_Veg_Mains,3,0,18,0,0.34,42.72,0,0,0.08,None,1,0.2,0.0,0,25,40,0
2026-05-15,Egg Bhurji,Non_Veg_Mains,4,0,17,0,0.7,40.82,0,0,0.12,None,0,0.05,0.0,0,25,40,93
2026-05-16,Egg Bhurji,Non_Veg_Mains,5,1,16,0,0.15,41.96,0,0,0.03,None,1,0.3,0.0,1,25,40,0
2026-05-17,Egg Bhurji,Non_Veg_Mains,6,0,15,0,1.23,39.99,0,0,0.05,None,0,0.02,0.0,0,25,40,0
2026-05-18,Egg Bhurji,Non_Veg_Mains,0,0,14,0,1.25,42.27,0,0,0.15,None,0,0.15,0.0,0,25,40,93
2026-05-19,Egg Bhurji,Non_Veg_Mains,1,0,13,0,0.2,38.31,0,0,0.02,None,1,0.25,0.0,0,25,40,93
2026-05-20,Egg Bhurji,Non_Veg_Mains,2,0,12,0,0.12,39.28,0,1,0.08,None,0,0.05,0.0,0,25,40,0
2026-05-21,Egg Bhurji,Non_Veg_Mains,3,0,11,0,0.0,40.65,0,0,0.09,None,1,0.2,0.0,0,25,40,0
2026-05-22,Egg Bhurji,Non_Veg_Mains,4,0,10,0,1.66,41.43,0,0,0.13,None,0,0.05,0.0,0,25,40,94
2026-05-23,Egg Bhurji,Non_Veg_Mains,5,0,9,0,1.79,38.53,0,1,0.13,None,1,0.3,0.0,0,25,40,0
2026-05-24,Egg Bhurji,Non_Veg_Mains,6,0,8,0,0.03,39.95,0,0,0.09,None,0,0.02,0.0,0,25,40,0
2026-05-25,Egg Bhurji,Non_Veg_Mains,0,0,7,0,1.52,42.82,0,0,0.08,None,0,0.15,0.0,0,25,40,115
2026-05-26,Egg Bhurji,Non_Veg_Mains,1,0,6,0,2.84,40.69,0,0,0.02,None,1,0.25,0.0,0,25,40,98
2026-05-27,Egg Bhurji,Non_Veg_Mains,2,0,5,0,0.08,40.7,0,0,0.04,None,0,0.05,0.0,0,25,40,0
2026-05-28,Egg Bhurji,Non_Veg_Mains,3,0,4,0,0.84,40.93,0,0,0.04,None,1,0.2,0.0,0,25,40,0
2026-05-29,Egg Bhurji,Non_Veg_Mains,4,0,3,0,1.04,40.07,0,0,0.12,None,0,0.05,0.0,0,25,40,89
2026-05-30,Egg Bhurji,Non_Veg_Mains,5,0,2,0,0.45,40.31,0,0,0.12,None,1,0.3,0.0,0,25,40,0
2026-05-31,Egg Bhurji,Non_Veg_Mains,6,0,1,0,0.14,37.03,0,0,0.12,None,0,0.02,0.0,0,25,40,0
2026-06-01,Egg Bhurji,Non_Veg_Mains,0,0,0,0,79.14,33.46,1,0,0.14,None,0,0.15,0.0,0,25,40,101
2026-06-02,Egg Bhurji,Non_Veg_Mains,1,0,29,0,21.71,29.85,0,1,0.08,None,1,0.25,0.0,0,25,40,114
2026-06-03,Egg Bhurji,Non_Veg_Mains,2,0,28,0,26.79,29.41,0,0,0.03,None,0,0.05,0.0,0,25,40,0
2026-06-04,Egg Bhurji,Non_Veg_Mains,3,0,27,0,16.8,31.26,0,1,0.07,None,1,0.2,0.0,0,25,40,0
2026-06-05,Egg Bhurji,Non_Veg_Mains,4,0,26,0,20.57,30.84,0,0,0.05,None,0,0.05,0.0,0,25,40,114
2026-06-06,Egg Bhurji,Non_Veg_Mains,5,1,25,0,21.55,28.11,0,0,0.05,None,1,0.3,0.0,1,25,40,0
2026-06-07,Egg Bhurji,Non_Veg_Mains,6,0,24,0,7.69,31.54,0,0,0.07,None,0,0.02,0.0,0,25,40,0
2026-06-08,Egg Bhurji,Non_Veg_Mains,0,0,23,0,8.64,32.37,0,0,0.08,None,0,0.15,0.0,0,25,40,103
2026-06-09,Egg Bhurji,Non_Veg_Mains,1,0,22,0,8.26,29.25,0,1,0.14,None,1,0.25,0.0,0,25,40,111
2026-06-10,Egg Bhurji,Non_Veg_Mains,2,0,21,0,16.76,32.76,0,1,0.08,None,0,0.05,0.0,0,25,40,0
2026-06-11,Egg Bhurji,Non_Veg_Mains,3,0,20,0,32.12,29.79,0,0,0.15,None,1,0.2,0.0,0,25,40,0
2026-06-12,Egg Bhurji,Non_Veg_Mains,4,0,19,0,60.44,36.62,1,0,0.08,None,0,0.05,0.0,0,25,40,117
2026-06-13,Egg Bhurji,Non_Veg_Mains,5,1,18,0,11.54,31.84,0,0,0.04,None,1,0.3,0.0,1,25,40,0
2026-06-14,Egg Bhurji,Non_Veg_Mains,6,0,17,0,24.68,32.67,0,0,0.09,None,0,0.02,0.0,0,25,40,0
2026-06-15,Egg Bhurji,Non_Veg_Mains,0,0,16,0,23.17,28.7,0,1,0.07,None,0,0.15,0.0,0,25,40,141
2026-06-16,Egg Bhurji,Non_Veg_Mains,1,0,15,0,25.43,31.29,0,0,0.11,None,1,0.25,0.0,0,25,40,101
2026-06-17,Egg Bhurji,Non_Veg_Mains,2,0,14,0,3.21,29.19,0,0,0.09,None,0,0.05,0.0,0,25,40,0
2026-06-18,Egg Bhurji,Non_Veg_Mains,3,0,13,0,6.63,33.37,0,1,0.04,None,1,0.2,0.0,0,25,40,0
2026-06-19,Egg Bhurji,Non_Veg_Mains,4,0,12,0,15.58,32.51,0,0,0.05,None,0,0.05,0.0,0,25,40,105
2026-06-20,Egg Bhurji,Non_Veg_Mains,5,0,11,0,12.14,37.38,0,0,0.02,None,1,0.3,0.0,0,25,40,0
2026-06-21,Egg Bhurji,Non_Veg_Mains,6,0,10,0,53.55,30.33,1,0,0.09,None,0,0.02,0.0,0,25,40,0
2026-06-22,Egg Bhurji,Non_Veg_Mains,0,0,9,0,63.95,35.92,1,1,0.08,None,0,0.15,0.0,0,25,40,145
2026-06-23,Egg Bhurji,Non_Veg_Mains,1,0,8,0,18.38,28.23,0,0,0.03,None,1,0.25,0.0,0,25,40,92
2026-06-24,Egg Bhurji,Non_Veg_Mains,2,0,7,0,20.64,30.57,0,1,0.13,None,0,0.05,0.0,0,25,40,0
2026-06-25,Egg Bhurji,Non_Veg_Mains,3,0,6,0,48.11,29.52,1,0,0.11,None,1,0.2,0.0,0,25,40,0
2026-06-26,Egg Bhurji,Non_Veg_Mains,4,0,5,0,27.66,27.09,0,1,0.14,None,0,0.05,0.0,0,25,40,136
2026-06-27,Egg Bhurji,Non_Veg_Mains,5,0,4,0,16.46,24.03,0,0,0.14,None,1,0.3,0.0,0,25,40,0
2026-06-28,Egg Bhurji,Non_Veg_Mains,6,0,3,0,25.88,28.74,0,0,0.1,None,0,0.02,0.0,0,25,40,0
2026-06-29,Egg Bhurji,Non_Veg_Mains,0,0,2,0,20.21,32.63,0,0,0.13,None,0,0.15,0.0,0,25,40,107
2026-06-30,Egg Bhurji,Non_Veg_Mains,1,0,1,0,28.92,30.06,0,0,0.04,None,1,0.25,0.0,0,25,40,111
2026-07-01,Egg Bhurji,Non_Veg_Mains,2,1,1,0,33.05,31.35,0,0,0.09,None,0,0.05,0.0,1,25,40,0
2026-07-02,Egg Bhurji,Non_Veg_Mains,3,0,0,0,15.2,27.49,0,0,0.14,None,1,0.2,0.0,0,25,40,0
2026-07-03,Egg Bhurji,Non_Veg_Mains,4,0,29,0,36.68,34.06,0,0,0.09,None,0,0.05,0.0,0,25,40,117
2026-07-04,Egg Bhurji,Non_Veg_Mains,5,0,28,0,33.33,28.27,0,1,0.05,None,1,0.3,0.0,0,25,40,0
2026-07-05,Egg Bhurji,Non_Veg_Mains,6,0,27,0,14.17,24.54,0,0,0.12,None,0,0.02,0.0,0,25,40,0
2026-07-06,Egg Bhurji,Non_Veg_Mains,0,0,26,0,28.18,30.47,0,1,0.08,None,0,0.15,0.0,0,25,40,134
2026-07-07,Egg Bhurji,Non_Veg_Mains,1,0,25,0,51.55,33.75,1,0,0.04,None,1,0.25,0.0,0,25,40,107
2026-07-08,Egg Bhurji,Non_Veg_Mains,2,0,24,0,28.87,26.63,0,0,0.14,None,0,0.05,0.0,0,25,40,0
2026-07-09,Egg Bhurji,Non_Veg_Mains,3,0,23,0,6.09,31.81,0,0,0.05,None,1,0.2,0.0,0,25,40,0
2026-07-10,Egg Bhurji,Non_Veg_Mains,4,0,22,0,10.11,30.46,0,0,0.1,None,0,0.05,0.0,0,25,40,112
2026-07-11,Egg Bhurji,Non_Veg_Mains,5,0,21,0,4.75,31.25,0,0,0.12,None,1,0.3,0.0,0,25,40,0
2026-07-12,Egg Bhurji,Non_Veg_Mains,6,0,20,0,27.16,28.1,0,0,0.07,None,0,0.02,0.0,0,25,40,0
2026-07-13,Egg Bhurji,Non_Veg_Mains,0,0,19,0,13.02,33.14,0,0,0.05,None,0,0.15,0.0,0,25,40,110
2026-07-14,Egg Bhurji,Non_Veg_Mains,1,0,18,0,36.34,28.13,0,1,0.04,None,1,0.25,0.0,0,25,40,125
2026-07-15,Egg Bhurji,Non_Veg_Mains,2,0,17,0,13.42,27.81,0,0,0.14,None,0,0.05,0.0,0,25,40,0
2026-07-16,Egg Bhurji,Non_Veg_Mains,3,0,16,0,27.61,31.92,0,1,0.11,None,1,0.2,0.0,0,25,40,0
2026-07-17,Egg Bhurji,Non_Veg_Mains,4,1,15,1,16.55,30.18,0,0,0.29,None,0,0.05,0.0,1,25,40,7
2026-07-18,Egg Bhurji,Non_Veg_Mains,5,0,14,0,12.96,31.58,0,0,0.14,None,1,0.3,0.0,0,25,40,0
2026-07-19,Egg Bhurji,Non_Veg_Mains,6,0,13,0,9.17,28.82,0,0,0.14,None,0,0.02,0.0,0,25,40,0
2026-07-20,Egg Bhurji,Non_Veg_Mains,0,0,12,0,2.85,31.23,0,1,0.06,None,0,0.15,0.0,0,25,40,130
2026-07-21,Egg Bhurji,Non_Veg_Mains,1,0,11,0,38.78,35.42,0,1,0.06,None,1,0.25,0.0,0,25,40,128
2026-07-22,Egg Bhurji,Non_Veg_Mains,2,0,10,0,21.47,37.52,0,0,0.06,None,0,0.05,0.0,0,25,40,0
2026-07-23,Egg Bhurji,Non_Veg_Mains,3,0,9,0,8.64,31.84,0,0,0.07,None,1,0.2,0.0,0,25,40,0
2026-07-24,Egg Bhurji,Non_Veg_Mains,4,0,8,0,25.36,30.66,0,1,0.03,None,0,0.05,0.0,0,25,40,141
2026-07-25,Egg Bhurji,Non_Veg_Mains,5,0,7,0,27.92,27.63,0,1,0.07,None,1,0.3,0.0,0,25,40,0
2026-07-26,Egg Bhurji,Non_Veg_Mains,6,0,6,0,12.48,34.4,0,1,0.05,None,0,0.02,0.0,0,25,40,0
2026-07-27,Egg Bhurji,Non_Veg_Mains,0,0,5,0,5.88,31.53,0,0,0.03,None,0,0.15,0.0,0,25,40,110
2026-07-28,Egg Bhurji,Non_Veg_Mains,1,0,4,0,2.6,38.67,0,1,0.04,None,1,0.25,0.0,0,25,40,118
2026-07-29,Egg Bhurji,Non_Veg_Mains,2,0,3,0,37.37,32.52,0,1,0.12,None,0,0.05,0.0,0,25,40,0
2026-07-30,Egg Bhurji,Non_Veg_Mains,3,0,2,0,30.41,31.15,0,0,0.1,None,1,0.2,0.0,0,25,40,0
2026-07-31,Egg Bhurji,Non_Veg_Mains,4,0,1,0,31.24,31.27,0,0,0.04,None,0,0.05,0.0,0,25,40,131
2026-08-01,Egg Bhurji,Non_Veg_Mains,5,0,1,0,21.26,36.11,0,1,0.05,Shravan,1,0.4,0.02,0,25,40,0
2026-08-02,Egg Bhurji,Non_Veg_Mains,6,0,0,0,5.83,33.81,0,0,0.06,Shravan,0,0.4,0.02,0,25,40,0
2026-08-03,Egg Bhurji,Non_Veg_Mains,0,0,29,0,50.85,31.99,1,0,0.07,Shravan,0,0.4,0.02,0,25,40,88
2026-08-04,Egg Bhurji,Non_Veg_Mains,1,0,28,0,3.01,32.89,0,0,0.13,Shravan,1,0.4,0.02,0,25,40,62
2026-08-05,Egg Bhurji,Non_Veg_Mains,2,0,27,0,19.96,29.8,0,0,0.07,Shravan,0,0.4,0.02,0,25,40,0
2026-08-06,Egg Bhurji,Non_Veg_Mains,3,0,26,0,8.73,34.56,0,0,0.08,Shravan,1,0.4,0.02,0,25,40,0
2026-08-07,Egg Bhurji,Non_Veg_Mains,4,0,25,0,30.82,31.62,0,1,0.06,Shravan,0,0.4,0.02,0,25,40,88
2026-08-08,Egg Bhurji,Non_Veg_Mains,5,0,24,0,18.87,34.39,0,0,0.1,Shravan,1,0.4,0.02,0,25,40,0
2026-08-09,Egg Bhurji,Non_Veg_Mains,6,0,23,0,12.07,32.33,0,0,0.08,Shravan,0,0.4,0.02,0,25,40,0
2026-08-10,Egg Bhurji,Non_Veg_Mains,0,0,22,0,5.45,30.68,0,1,0.11,Shravan,0,0.4,0.02,0,25,40,77
2026-08-11,Egg Bhurji,Non_Veg_Mains,1,0,21,0,40.16,31.05,1,0,0.11,Shravan,1,0.4,0.02,0,25,40,84
2026-08-12,Egg Bhurji,Non_Veg_Mains,2,0,20,0,11.1,27.85,0,0,0.08,Shravan,0,0.4,0.02,0,25,40,0
2026-08-13,Egg Bhurji,Non_Veg_Mains,3,0,19,0,21.04,30.2,0,0,0.11,Shravan,1,0.4,0.02,0,25,40,0
2026-08-14,Egg Bhurji,Non_Veg_Mains,4,0,18,0,6.24,31.01,0,0,0.04,Shravan,0,0.4,0.02,0,25,40,60
2026-08-15,Egg Bhurji,Non_Veg_Mains,5,0,17,0,10.57,25.95,0,0,0.14,Shravan,1,0.4,0.02,0,25,40,0
2026-08-16,Egg Bhurji,Non_Veg_Mains,6,0,16,0,38.92,28.74,0,0,0.08,Shravan,0,0.4,0.02,0,25,40,0
2026-08-17,Egg Bhurji,Non_Veg_Mains,0,0,15,0,3.35,24.56,0,1,0.05,Shravan,0,0.4,0.02,0,25,40,83
2026-08-18,Egg Bhurji,Non_Veg_Mains,1,0,14,0,23.53,29.69,0,0,0.05,Shravan,1,0.4,0.02,0,25,40,80
2026-08-19,Egg Bhurji,Non_Veg_Mains,2,0,13,0,13.01,26.12,0,1,0.09,Shravan,0,0.4,0.02,0,25,40,0
2026-08-20,Egg Bhurji,Non_Veg_Mains,3,1,12,0,15.8,29.21,0,0,0.06,Shravan,1,0.4,0.02,1,25,40,0
2026-08-21,Egg Bhurji,Non_Veg_Mains,4,0,11,0,6.4,31.87,0,0,0.04,Shravan,0,0.4,0.02,0,25,40,64
2026-08-22,Egg Bhurji,Non_Veg_Mains,5,0,10,0,25.07,32.05,0,0,0.15,Shravan,1,0.4,0.02,0,25,40,0
2026-08-23,Egg Bhurji,Non_Veg_Mains,6,0,9,0,2.25,29.93,0,0,0.11,Shravan,0,0.4,0.02,0,25,40,0
2026-08-24,Egg Bhurji,Non_Veg_Mains,0,0,8,0,12.37,30.53,0,0,0.08,Shravan,0,0.4,0.02,0,25,40,72
2026-08-25,Egg Bhurji,Non_Veg_Mains,1,0,7,0,25.19,28.28,0,0,0.13,Shravan,1,0.4,0.02,0,25,40,71
2026-08-26,Egg Bhurji,Non_Veg_Mains,2,0,6,0,26.32,25.09,0,0,0.07,Shravan,0,0.4,0.02,0,25,40,0
2026-08-27,Egg Bhurji,Non_Veg_Mains,3,0,5,0,26.85,25.36,0,0,0.03,Shravan,1,0.4,0.02,0,25,40,0
2026-08-28,Egg Bhurji,Non_Veg_Mains,4,0,4,0,9.52,33.99,0,0,0.07,Shravan,0,0.4,0.02,0,25,40,64
2026-08-29,Egg Bhurji,Non_Veg_Mains,5,0,3,0,13.92,35.0,0,0,0.08,Shravan,1,0.4,0.02,0,25,40,0
2026-08-30,Egg Bhurji,Non_Veg_Mains,6,0,2,0,16.35,29.61,0,0,0.1,Shravan,0,0.4,0.02,0,25,40,0
2026-08-31,Egg Bhurji,Non_Veg_Mains,0,0,1,0,23.97,24.17,0,0,0.13,Shravan,0,0.4,0.02,0,25,40,78
2026-09-01,Egg Bhurji,Non_Veg_Mains,1,0,0,0,81.02,27.81,1,0,0.07,None,1,0.25,0.0,0,25,40,113
2026-09-02,Egg Bhurji,Non_Veg_Mains,2,0,29,0,9.62,33.81,0,0,0.03,None,0,0.05,0.0,0,25,40,0
2026-09-03,Egg Bhurji,Non_Veg_Mains,3,0,28,0,17.1,34.04,0,1,0.14,None,1,0.2,0.0,0,25,40,0
2026-09-04,Egg Bhurji,Non_Veg_Mains,4,0,27,0,39.22,29.82,0,0,0.02,None,0,0.05,0.0,0,25,40,128
2026-09-05,Egg Bhurji,Non_Veg_Mains,5,0,26,0,2.77,27.93,0,1,0.05,None,1,0.3,0.0,0,25,40,0
2026-09-06,Egg Bhurji,Non_Veg_Mains,6,0,25,0,26.87,35.25,0,0,0.1,None,0,0.02,0.0,0,25,40,0
2026-09-07,Egg Bhurji,Non_Veg_Mains,0,0,24,0,59.75,34.63,1,0,0.06,None,0,0.15,0.0,0,25,40,117
2026-09-08,Egg Bhurji,Non_Veg_Mains,1,0,23,0,3.09,28.05,0,0,0.06,None,1,0.25,0.0,0,25,40,97
2026-09-09,Egg Bhurji,Non_Veg_Mains,2,0,22,0,11.44,27.1,0,0,0.1,None,0,0.05,0.0,0,25,40,0
2026-09-10,Egg Bhurji,Non_Veg_Mains,3,0,21,0,12.62,34.6,0,0,0.13,None,1,0.2,0.0,0,25,40,0
2026-09-11,Egg Bhurji,Non_Veg_Mains,4,0,20,0,12.83,34.84,0,1,0.04,None,0,0.05,0.0,0,25,40,117
2026-09-12,Egg Bhurji,Non_Veg_Mains,5,0,19,0,4.22,31.82,0,0,0.11,None,1,0.3,0.0,0,25,40,0
2026-09-13,Egg Bhurji,Non_Veg_Mains,6,0,18,0,14.99,30.34,0,0,0.05,None,0,0.02,0.0,0,25,40,0
2026-09-14,Egg Bhurji,Non_Veg_Mains,0,0,17,0,14.48,28.71,0,0,0.06,None,0,0.15,0.0,0,25,40,108
2026-09-15,Egg Bhurji,Non_Veg_Mains,1,0,16,0,16.13,30.1,0,1,0.11,None,1,0.25,0.0,0,25,40,105
2026-09-16,Egg Bhurji,Non_Veg_Mains,2,0,15,0,13.05,35.98,0,0,0.06,None,0,0.05,0.0,0,25,40,0
2026-09-17,Egg Bhurji,Non_Veg_Mains,3,0,14,0,5.78,33.77,0,0,0.04,None,1,0.2,0.0,0,25,40,0
2026-09-18,Egg Bhurji,Non_Veg_Mains,4,0,13,0,21.36,29.49,0,1,0.04,None,0,0.05,0.0,0,25,40,150
2026-09-19,Egg Bhurji,Non_Veg_Mains,5,0,12,0,47.3,31.85,1,0,0.07,None,1,0.3,0.0,0,25,40,0
2026-09-20,Egg Bhurji,Non_Veg_Mains,6,1,11,0,13.55,33.82,0,0,0.03,None,0,0.02,0.0,1,25,40,0
2026-09-21,Egg Bhurji,Non_Veg_Mains,0,1,10,1,4.07,27.23,0,1,0.24,None,0,0.15,0.0,1,25,40,10
2026-09-22,Egg Bhurji,Non_Veg_Mains,1,0,9,0,31.22,28.77,0,1,0.02,None,1,0.25,0.0,0,25,40,139
2026-09-23,Egg Bhurji,Non_Veg_Mains,2,0,8,0,66.89,30.05,1,0,0.14,None,0,0.05,0.0,0,25,40,0
2026-09-24,Egg Bhurji,Non_Veg_Mains,3,0,7,0,24.59,24.99,0,1,0.05,None,1,0.2,0.0,0,25,40,0
2026-09-25,Egg Bhurji,Non_Veg_Mains,4,0,6,0,22.12,27.03,0,1,0.07,None,0,0.05,0.0,0,25,40,141
2026-09-26,Egg Bhurji,Non_Veg_Mains,5,0,5,0,11.66,26.06,0,0,0.05,None,1,0.3,0.0,0,25,40,0
2026-09-27,Egg Bhurji,Non_Veg_Mains,6,0,4,0,53.14,28.31,1,0,0.11,None,0,0.02,0.0,0,25,40,0
2026-09-28,Egg Bhurji,Non_Veg_Mains,0,0,3,0,44.39,33.84,1,0,0.06,None,0,0.15,0.0,0,25,40,124
2026-09-29,Egg Bhurji,Non_Veg_Mains,1,0,2,0,26.58,34.14,0,1,0.14,None,1,0.25,0.0,0,25,40,119
2026-09-30,Egg Bhurji,Non_Veg_Mains,2,0,1,0,7.06,25.97,0,0,0.02,None,0,0.05,0.0,0,25,40,0
2026-10-01,Egg Bhurji,Non_Veg_Mains,3,0,1,0,5.85,20.28,0,0,0.11,None,1,0.2,0.0,0,25,40,0
2026-10-02,Egg Bhurji,Non_Veg_Mains,4,0,0,0,5.11,32.46,0,0,0.15,None,0,0.05,0.0,0,25,40,99
2026-10-03,Egg Bhurji,Non_Veg_Mains,5,0,29,0,0.43,20.27,0,0,0.07,None,1,0.3,0.0,0,25,40,0
2026-10-04,Egg Bhurji,Non_Veg_Mains,6,0,28,0,2.53,27.86,0,0,0.14,None,0,0.02,0.0,0,25,40,0
2026-10-05,Egg Bhurji,Non_Veg_Mains,0,0,27,0,1.25,24.77,0,1,0.12,None,0,0.15,0.0,0,25,40,114
2026-10-06,Egg Bhurji,Non_Veg_Mains,1,0,26,0,0.29,28.72,0,0,0.15,None,1,0.25,0.0,0,25,40,86
2026-10-07,Egg Bhurji,Non_Veg_Mains,2,0,25,0,2.28,31.18,0,0,0.12,None,0,0.05,0.0,0,25,40,0
2026-10-08,Egg Bhurji,Non_Veg_Mains,3,0,24,0,5.24,20.99,0,1,0.12,None,1,0.2,0.0,0,25,40,0
2026-10-09,Egg Bhurji,Non_Veg_Mains,4,0,23,0,0.56,23.83,0,0,0.09,None,0,0.05,0.0,0,25,40,92
2026-10-10,Egg Bhurji,Non_Veg_Mains,5,0,22,0,0.21,24.96,0,1,0.11,Navratri,1,0.45,0.05,0,25,40,0
2026-10-11,Egg Bhurji,Non_Veg_Mains,6,0,21,0,7.83,21.67,0,0,0.05,Navratri,0,0.45,0.05,0,25,40,0
2026-10-12,Egg Bhurji,Non_Veg_Mains,0,0,20,0,3.51,23.4,0,0,0.03,Navratri,0,0.45,0.05,0,25,40,64
2026-10-13,Egg Bhurji,Non_Veg_Mains,1,0,19,0,0.29,24.3,0,0,0.05,Navratri,1,0.45,0.05,0,25,40,60
2026-10-14,Egg Bhurji,Non_Veg_Mains,2,0,18,0,15.05,28.53,0,1,0.11,Navratri,0,0.45,0.05,0,25,40,0
2026-10-15,Egg Bhurji,Non_Veg_Mains,3,0,17,0,2.38,29.15,0,0,0.05,Navratri,1,0.45,0.05,0,25,40,0
2026-10-16,Egg Bhurji,Non_Veg_Mains,4,0,16,0,0.52,18.73,0,1,0.08,Navratri,0,0.45,0.05,0,25,40,67
2026-10-17,Egg Bhurji,Non_Veg_Mains,5,0,15,0,2.28,24.04,0,0,0.06,Navratri,1,0.45,0.05,0,25,40,0
2026-10-18,Egg Bhurji,Non_Veg_Mains,6,0,14,0,3.19,24.49,0,0,0.09,Navratri,0,0.45,0.05,0,25,40,0
2026-10-19,Egg Bhurji,Non_Veg_Mains,0,1,13,1,9.64,28.01,0,1,0.18,Navratri,0,0.45,0.05,1,25,40,6
2026-10-20,Egg Bhurji,Non_Veg_Mains,1,0,12,0,1.53,29.42,0,1,0.08,None,1,0.25,0.0,0,25,40,110
2026-10-21,Egg Bhurji,Non_Veg_Mains,2,0,11,0,4.24,17.15,0,0,0.13,None,0,0.05,0.0,0,25,40,0
2026-10-22,Egg Bhurji,Non_Veg_Mains,3,0,10,0,5.58,20.04,0,0,0.11,None,1,0.2,0.0,0,25,40,0
2026-10-23,Egg Bhurji,Non_Veg_Mains,4,0,9,0,3.15,28.22,0,0,0.13,None,0,0.05,0.0,0,25,40,102
2026-10-24,Egg Bhurji,Non_Veg_Mains,5,0,8,0,2.59,25.34,0,0,0.14,None,1,0.3,0.0,0,25,40,0
2026-10-25,Egg Bhurji,Non_Veg_Mains,6,1,7,0,1.55,23.93,0,1,0.04,None,0,0.02,0.0,1,25,40,0
2026-10-26,Egg Bhurji,Non_Veg_Mains,0,0,6,0,0.23,25.58,0,0,0.1,None,0,0.15,0.0,0,25,40,98
2026-10-27,Egg Bhurji,Non_Veg_Mains,1,0,5,0,2.88,23.41,0,0,0.04,None,1,0.25,0.0,0,25,40,103
2026-10-28,Egg Bhurji,Non_Veg_Mains,2,0,4,0,11.65,22.43,0,1,0.12,None,0,0.05,0.0,0,25,40,0
2026-10-29,Egg Bhurji,Non_Veg_Mains,3,0,3,0,0.93,24.79,0,1,0.12,None,1,0.2,0.0,0,25,40,0
2026-10-30,Egg Bhurji,Non_Veg_Mains,4,1,2,1,1.19,20.64,0,1,0.19,None,0,0.05,0.0,1,25,40,10
2026-10-31,Egg Bhurji,Non_Veg_Mains,5,0,1,0,0.36,29.89,0,0,0.03,None,1,0.3,0.0,0,25,40,0
2026-11-01,Egg Bhurji,Non_Veg_Mains,6,0,0,0,1.93,24.2,0,0,0.04,None,0,0.02,0.0,0,25,40,0
2026-11-02,Egg Bhurji,Non_Veg_Mains,0,0,29,0,2.72,24.26,0,0,0.07,None,0,0.15,0.0,0,25,40,99
2026-11-03,Egg Bhurji,Non_Veg_Mains,1,0,28,0,5.92,26.34,0,0,0.07,None,1,0.25,0.0,0,25,40,91
2026-11-04,Egg Bhurji,Non_Veg_Mains,2,0,27,0,0.98,34.84,0,1,0.09,None,0,0.05,0.0,0,25,40,0
2026-11-05,Egg Bhurji,Non_Veg_Mains,3,0,26,0,2.7,34.67,0,0,0.14,None,1,0.2,0.0,0,25,40,0
2026-11-06,Egg Bhurji,Non_Veg_Mains,4,0,25,0,1.04,20.33,0,0,0.04,None,0,0.05,0.0,0,25,40,113
2026-11-07,Egg Bhurji,Non_Veg_Mains,5,0,24,0,14.34,19.62,0,1,0.1,None,1,0.3,0.0,0,25,40,0
2026-11-08,Egg Bhurji,Non_Veg_Mains,6,0,23,0,0.65,24.11,0,0,0.12,None,0,0.02,0.0,0,25,40,0
2026-11-09,Egg Bhurji,Non_Veg_Mains,0,1,22,1,0.35,19.15,0,0,0.22,None,0,0.15,0.0,1,25,40,8
2026-11-10,Egg Bhurji,Non_Veg_Mains,1,0,21,0,4.49,25.31,0,0,0.12,None,1,0.25,0.0,0,25,40,98
2026-11-11,Egg Bhurji,Non_Veg_Mains,2,0,20,0,12.01,30.81,0,0,0.12,None,0,0.05,0.0,0,25,40,0
2026-11-12,Egg Bhurji,Non_Veg_Mains,3,0,19,0,7.73,20.99,0,0,0.12,None,1,0.2,0.0,0,25,40,0
2026-11-13,Egg Bhurji,Non_Veg_Mains,4,1,18,1,0.72,15.26,0,0,0.19,None,0,0.05,0.0,1,25,40,9
2026-11-14,Egg Bhurji,Non_Veg_Mains,5,0,17,0,1.67,25.65,0,0,0.05,None,1,0.3,0.0,0,25,40,0
2026-11-15,Egg Bhurji,Non_Veg_Mains,6,0,16,0,8.66,17.98,0,0,0.14,None,0,0.02,0.0,0,25,40,0
2026-11-16,Egg Bhurji,Non_Veg_Mains,0,0,15,0,1.3,29.53,0,0,0.07,None,0,0.15,0.0,0,25,40,106
2026-11-17,Egg Bhurji,Non_Veg_Mains,1,0,14,0,4.59,26.82,0,1,0.13,None,1,0.25,0.0,0,25,40,111
2026-11-18,Egg Bhurji,Non_Veg_Mains,2,0,13,0,3.23,25.01,0,0,0.06,None,0,0.05,0.0,0,25,40,0
2026-11-19,Egg Bhurji,Non_Veg_Mains,3,0,12,0,0.87,20.63,0,0,0.09,None,1,0.2,0.0,0,25,40,0
2026-11-20,Egg Bhurji,Non_Veg_Mains,4,0,11,0,4.47,29.72,0,0,0.1,None,0,0.05,0.0,0,25,40,95
2026-11-21,Egg Bhurji,Non_Veg_Mains,5,0,10,0,0.15,21.45,0,0,0.07,None,1,0.3,0.0,0,25,40,0
2026-11-22,Egg Bhurji,Non_Veg_Mains,6,0,9,0,2.08,27.54,0,0,0.08,None,0,0.02,0.0,0,25,40,0
2026-11-23,Egg Bhurji,Non_Veg_Mains,0,0,8,0,3.27,20.47,0,1,0.13,None,0,0.15,0.0,0,25,40,123
2026-11-24,Egg Bhurji,Non_Veg_Mains,1,0,7,0,1.59,21.65,0,0,0.15,None,1,0.25,0.0,0,25,40,86
2026-11-25,Egg Bhurji,Non_Veg_Mains,2,0,6,0,11.44,20.41,0,0,0.11,None,0,0.05,0.0,0,25,40,0
2026-11-26,Egg Bhurji,Non_Veg_Mains,3,0,5,0,12.8,18.64,0,1,0.08,None,1,0.2,0.0,0,25,40,0
2026-11-27,Egg Bhurji,Non_Veg_Mains,4,0,4,0,7.33,22.96,0,0,0.04,None,0,0.05,0.0,0,25,40,107
2026-11-28,Egg Bhurji,Non_Veg_Mains,5,0,3,0,0.05,22.71,0,0,0.05,None,1,0.3,0.0,0,25,40,0
2026-11-29,Egg Bhurji,Non_Veg_Mains,6,0,2,0,13.85,22.11,0,0,0.05,None,0,0.02,0.0,0,25,40,0
2026-11-30,Egg Bhurji,Non_Veg_Mains,0,0,1,0,1.04,29.89,0,0,0.05,None,0,0.15,0.0,0,25,40,110
2026-12-01,Egg Bhurji,Non_Veg_Mains,1,0,1,0,4.03,23.07,0,0,0.05,None,1,0.25,0.0,0,25,40,92
2026-12-02,Egg Bhurji,Non_Veg_Mains,2,0,0,0,0.23,20.6,0,1,0.11,None,0,0.05,0.0,0,25,40,0
2026-12-03,Egg Bhurji,Non_Veg_Mains,3,1,29,0,3.28,31.0,0,1,0.05,None,1,0.2,0.0,1,25,40,0
2026-12-04,Egg Bhurji,Non_Veg_Mains,4,0,28,0,1.89,24.85,0,0,0.03,None,0,0.05,0.0,0,25,40,109
2026-12-05,Egg Bhurji,Non_Veg_Mains,5,0,27,0,0.04,24.82,0,0,0.1,None,1,0.3,0.0,0,25,40,0
2026-12-06,Egg Bhurji,Non_Veg_Mains,6,0,26,0,3.25,23.2,0,0,0.05,None,0,0.02,0.0,0,25,40,0
2026-12-07,Egg Bhurji,Non_Veg_Mains,0,0,25,0,3.09,21.62,0,1,0.08,None,0,0.15,0.0,0,25,40,136
2026-12-08,Egg Bhurji,Non_Veg_Mains,1,0,24,0,6.39,26.33,0,0,0.12,None,1,0.25,0.0,0,25,40,91
2026-12-09,Egg Bhurji,Non_Veg_Mains,2,0,23,0,3.87,25.48,0,0,0.15,None,0,0.05,0.0,0,25,40,0
2026-12-10,Egg Bhurji,Non_Veg_Mains,3,0,22,0,0.11,16.03,0,0,0.12,None,1,0.2,0.0,0,25,40,0
2026-12-11,Egg Bhurji,Non_Veg_Mains,4,0,21,0,0.7,27.35,0,0,0.14,None,0,0.05,0.0,0,25,40,105
2026-12-12,Egg Bhurji,Non_Veg_Mains,5,0,20,0,0.23,31.99,0,0,0.06,None,1,0.3,0.0,0,25,40,0
2026-12-13,Egg Bhurji,Non_Veg_Mains,6,0,19,0,2.78,23.73,0,0,0.05,None,0,0.02,0.0,0,25,40,0
2026-12-14,Egg Bhurji,Non_Veg_Mains,0,0,18,0,0.51,30.51,0,1,0.14,None,0,0.15,0.0,0,25,40,109
2026-12-15,Egg Bhurji,Non_Veg_Mains,1,0,17,0,2.57,24.71,0,0,0.03,None,1,0.25,0.0,0,25,40,100
2026-12-16,Egg Bhurji,Non_Veg_Mains,2,0,16,0,1.59,21.4,0,0,0.07,None,0,0.05,0.0,0,25,40,0
2026-12-17,Egg Bhurji,Non_Veg_Mains,3,0,15,0,1.51,21.06,0,0,0.06,None,1,0.2,0.0,0,25,40,0
2026-12-18,Egg Bhurji,Non_Veg_Mains,4,0,14,0,2.32,22.33,0,0,0.11,None,0,0.05,0.0,0,25,40,106
2026-12-19,Egg Bhurji,Non_Veg_Mains,5,0,13,0,1.16,23.17,0,0,0.03,None,1,0.3,0.0,0,25,40,0
2026-12-20,Egg Bhurji,Non_Veg_Mains,6,0,12,0,4.1,29.06,0,0,0.11,None,0,0.02,0.0,0,25,40,0
2026-12-21,Egg Bhurji,Non_Veg_Mains,0,0,11,0,3.44,27.62,0,0,0.1,None,0,0.15,0.0,0,25,40,96
2026-12-22,Egg Bhurji,Non_Veg_Mains,1,0,10,0,8.24,26.39,0,0,0.08,None,1,0.25,0.0,0,25,40,93
2026-12-23,Egg Bhurji,Non_Veg_Mains,2,0,9,0,0.6,24.18,0,0,0.04,None,0,0.05,0.0,0,25,40,0
2026-12-24,Egg Bhurji,Non_Veg_Mains,3,0,8,0,0.23,28.47,0,0,0.09,None,1,0.2,0.0,0,25,40,0
2026-12-25,Egg Bhurji,Non_Veg_Mains,4,0,7,0,0.74,29.94,0,0,0.1,None,0,0.05,0.0,0,25,40,101
2026-12-26,Egg Bhurji,Non_Veg_Mains,5,0,6,0,7.7,28.2,0,0,0.08,None,1,0.3,0.0,0,25,40,0
2026-12-27,Egg Bhurji,Non_Veg_Mains,6,0,5,0,0.09,24.18,0,0,0.11,None,0,0.02,0.0,0,25,40,0
2026-12-28,Egg Bhurji,Non_Veg_Mains,0,0,4,0,0.49,20.07,0,0,0.12,None,0,0.15,0.0,0,25,40,101
2026-12-29,Egg Bhurji,Non_Veg_Mains,1,0,3,0,3.79,20.31,0,0,0.08,None,1,0.25,0.0,0,25,40,92
2026-12-30,Egg Bhurji,Non_Veg_Mains,2,0,2,0,3.42,25.31,0,1,0.04,None,0,0.05,0.0,0,25,40,0
2024-01-01,Masala Fish Fry,Non_Veg_Mains,0,0,1,0,9.03,27.59,0,0,0.04,None,0,0.15,0.0,0,60,90,0
2024-01-02,Masala Fish Fry,Non_Veg_Mains,1,0,0,0,0.61,25.97,0,0,0.06,None,1,0.25,0.0,0,60,90,0
2024-01-03,Masala Fish Fry,Non_Veg_Mains,2,0,29,0,4.61,19.35,0,0,0.09,None,0,0.05,0.0,0,60,90,0
2024-01-04,Masala Fish Fry,Non_Veg_Mains,3,0,28,0,1.74,23.83,0,0,0.08,None,1,0.2,0.0,0,60,90,88
2024-01-05,Masala Fish Fry,Non_Veg_Mains,4,0,27,0,0.61,27.95,0,0,0.05,None,0,0.05,0.0,0,60,90,0
2024-01-06,Masala Fish Fry,Non_Veg_Mains,5,0,26,0,1.32,22.12,0,0,0.09,None,1,0.3,0.0,0,60,90,89
2024-01-07,Masala Fish Fry,Non_Veg_Mains,6,0,25,0,0.23,28.73,0,0,0.04,None,0,0.02,0.0,0,60,90,0
2024-01-08,Masala Fish Fry,Non_Veg_Mains,0,0,24,0,3.04,20.22,0,1,0.08,None,0,0.15,0.0,0,60,90,0
2024-01-09,Masala Fish Fry,Non_Veg_Mains,1,0,23,0,1.67,31.26,0,0,0.03,None,1,0.25,0.0,0,60,90,0
2024-01-10,Masala Fish Fry,Non_Veg_Mains,2,0,22,0,0.86,30.91,0,0,0.03,None,0,0.05,0.0,0,60,90,0
2024-01-11,Masala Fish Fry,Non_Veg_Mains,3,0,21,0,0.62,25.39,0,1,0.14,None,1,0.2,0.0,0,60,90,108
2024-01-12,Masala Fish Fry,Non_Veg_Mains,4,0,20,0,5.91,19.15,0,0,0.09,None,0,0.05,0.0,0,60,90,0
2024-01-13,Masala Fish Fry,Non_Veg_Mains,5,0,19,0,1.17,32.54,0,0,0.15,None,1,0.3,0.0,0,60,90,89
2024-01-14,Masala Fish Fry,Non_Veg_Mains,6,0,18,0,0.98,24.23,0,0,0.08,None,0,0.02,0.0,0,60,90,0
2024-01-15,Masala Fish Fry,Non_Veg_Mains,0,0,17,0,3.0,27.35,0,0,0.13,None,0,0.15,0.0,0,60,90,0
2024-01-16,Masala Fish Fry,Non_Veg_Mains,1,0,16,0,0.05,18.8,0,0,0.04,None,1,0.25,0.0,0,60,90,0
2024-01-17,Masala Fish Fry,Non_Veg_Mains,2,0,15,0,6.3,23.71,0,0,0.11,None,0,0.05,0.0,0,60,90,0
2024-01-18,Masala Fish Fry,Non_Veg_Mains,3,0,14,0,1.29,28.13,0,0,0.14,None,1,0.2,0.0,0,60,90,93
2024-01-19,Masala Fish Fry,Non_Veg_Mains,4,0,13,0,6.86,26.17,0,0,0.04,None,0,0.05,0.0,0,60,90,0
2024-01-20,Masala Fish Fry,Non_Veg_Mains,5,0,12,0,0.81,27.63,0,0,0.12,None,1,0.3,0.0,0,60,90,81
2024-01-21,Masala Fish Fry,Non_Veg_Mains,6,0,11,0,0.84,21.99,0,1,0.07,None,0,0.02,0.0,0,60,90,0
2024-01-22,Masala Fish Fry,Non_Veg_Mains,0,0,10,0,3.85,35.88,0,0,0.02,None,0,0.15,0.0,0,60,90,0
2024-01-23,Masala Fish Fry,Non_Veg_Mains,1,1,9,0,5.75,24.71,0,0,0.07,None,1,0.25,0.0,1,60,90,0
2024-01-24,Masala Fish Fry,Non_Veg_Mains,2,0,8,0,3.57,21.46,0,0,0.15,None,0,0.05,0.0,0,60,90,0
2024-01-25,Masala Fish Fry,Non_Veg_Mains,3,0,7,0,3.64,19.49,0,1,0.13,None,1,0.2,0.0,0,60,90,115
2024-01-26,Masala Fish Fry,Non_Veg_Mains,4,0,6,0,4.77,29.54,0,1,0.06,None,0,0.05,0.0,0,60,90,0
2024-01-27,Masala Fish Fry,Non_Veg_Mains,5,0,5,0,2.35,27.75,0,0,0.02,None,1,0.3,0.0,0,60,90,86
2024-01-28,Masala Fish Fry,Non_Veg_Mains,6,0,4,0,0.73,22.08,0,0,0.09,None,0,0.02,0.0,0,60,90,0
2024-01-29,Masala Fish Fry,Non_Veg_Mains,0,0,3,0,0.95,21.83,0,0,0.15,None,0,0.15,0.0,0,60,90,0
2024-01-30,Masala Fish Fry,Non_Veg_Mains,1,0,2,0,0.86,32.06,0,0,0.06,None,1,0.25,0.0,0,60,90,0
2024-01-31,Masala Fish Fry,Non_Veg_Mains,2,0,1,0,4.25,23.06,0,0,0.04,None,0,0.05,0.0,0,60,90,0
2024-02-01,Masala Fish Fry,Non_Veg_Mains,3,0,29,0,1.71,20.9,0,0,0.1,None,1,0.2,0.0,0,60,90,89
2024-02-02,Masala Fish Fry,Non_Veg_Mains,4,0,28,0,5.82,21.07,0,0,0.1,None,0,0.05,0.0,0,60,90,0
2024-02-03,Masala Fish Fry,Non_Veg_Mains,5,0,27,0,3.09,27.65,0,0,0.09,None,1,0.3,0.0,0,60,90,83
2024-02-04,Masala Fish Fry,Non_Veg_Mains,6,0,26,0,0.07,23.03,0,1,0.06,None,0,0.02,0.0,0,60,90,0
2024-02-05,Masala Fish Fry,Non_Veg_Mains,0,0,25,0,0.59,27.52,0,0,0.12,None,0,0.15,0.0,0,60,90,0
2024-02-06,Masala Fish Fry,Non_Veg_Mains,1,0,24,0,1.68,24.19,0,0,0.12,None,1,0.25,0.0,0,60,90,0
2024-02-07,Masala Fish Fry,Non_Veg_Mains,2,0,23,0,0.03,26.3,0,1,0.09,None,0,0.05,0.0,0,60,90,0
2024-02-08,Masala Fish Fry,Non_Veg_Mains,3,0,22,0,4.19,27.5,0,0,0.08,None,1,0.2,0.0,0,60,90,102
2024-02-09,Masala Fish Fry,Non_Veg_Mains,4,0,21,0,0.37,24.41,0,0,0.12,None,0,0.05,0.0,0,60,90,0
2024-02-10,Masala Fish Fry,Non_Veg_Mains,5,0,20,0,5.18,23.12,0,0,0.15,None,1,0.3,0.0,0,60,90,78
2024-02-11,Masala Fish Fry,Non_Veg_Mains,6,0,19,0,2.45,28.43,0,0,0.08,None,0,0.02,0.0,0,60,90,0
2024-02-12,Masala Fish Fry,Non_Veg_Mains,0,0,18,0,2.63,24.56,0,0,0.13,None,0,0.15,0.0,0,60,90,0
2024-02-13,Masala Fish Fry,Non_Veg_Mains,1,1,17,0,2.22,30.8,0,0,0.1,None,1,0.25,0.0,1,60,90,0
2024-02-14,Masala Fish Fry,Non_Veg_Mains,2,0,16,0,0.63,21.77,0,0,0.07,None,0,0.05,0.0,0,60,90,0
2024-02-15,Masala Fish Fry,Non_Veg_Mains,3,0,15,0,0.53,22.69,0,1,0.13,None,1,0.2,0.0,0,60,90,109
2024-02-16,Masala Fish Fry,Non_Veg_Mains,4,1,14,1,0.49,18.15,0,1,0.28,None,0,0.05,0.0,1,60,90,0
2024-02-17,Masala Fish Fry,Non_Veg_Mains,5,0,13,0,6.0,22.6,0,1,0.15,None,1,0.3,0.0,0,60,90,90
2024-02-18,Masala Fish Fry,Non_Veg_Mains,6,1,12,0,2.8,24.43,0,0,0.11,None,0,0.02,0.0,1,60,90,0
2024-02-19,Masala Fish Fry,Non_Veg_Mains,0,0,11,0,5.74,25.46,0,0,0.09,None,0,0.15,0.0,0,60,90,0
2024-02-20,Masala Fish Fry,Non_Veg_Mains,1,0,10,0,0.04,27.74,0,0,0.1,None,1,0.25,0.0,0,60,90,0
2024-02-21,Masala Fish Fry,Non_Veg_Mains,2,0,9,0,4.59,31.51,0,1,0.14,None,0,0.05,0.0,0,60,90,0
2024-02-22,Masala Fish Fry,Non_Veg_Mains,3,0,8,0,1.2,19.78,0,0,0.04,None,1,0.2,0.0,0,60,90,100
2024-02-23,Masala Fish Fry,Non_Veg_Mains,4,0,7,0,1.93,20.76,0,0,0.04,None,0,0.05,0.0,0,60,90,0
2024-02-24,Masala Fish Fry,Non_Veg_Mains,5,0,6,0,1.36,32.86,0,0,0.12,None,1,0.3,0.0,0,60,90,80
2024-02-25,Masala Fish Fry,Non_Veg_Mains,6,0,5,0,4.14,22.88,0,0,0.08,None,0,0.02,0.0,0,60,90,0
2024-02-26,Masala Fish Fry,Non_Veg_Mains,0,0,4,0,0.87,27.31,0,0,0.09,None,0,0.15,0.0,0,60,90,0
2024-02-27,Masala Fish Fry,Non_Veg_Mains,1,0,3,0,1.42,22.41,0,0,0.14,None,1,0.25,0.0,0,60,90,0
2024-02-28,Masala Fish Fry,Non_Veg_Mains,2,0,2,0,2.31,30.92,0,0,0.12,None,0,0.05,0.0,0,60,90,0
2024-02-29,Masala Fish Fry,Non_Veg_Mains,3,0,1,0,12.92,32.64,0,0,0.05,None,1,0.2,0.0,0,60,90,96
2024-03-01,Masala Fish Fry,Non_Veg_Mains,4,0,1,0,6.81,25.19,0,0,0.15,None,0,0.05,0.0,0,60,90,0
2024-03-02,Masala Fish Fry,Non_Veg_Mains,5,0,0,0,3.31,28.02,0,1,0.09,None,1,0.3,0.0,0,60,90,97
2024-03-03,Masala Fish Fry,Non_Veg_Mains,6,0,29,0,0.83,17.78,0,0,0.1,None,0,0.02,0.0,0,60,90,0
2024-03-04,Masala Fish Fry,Non_Veg_Mains,0,0,28,0,0.43,25.19,0,0,0.15,None,0,0.15,0.0,0,60,90,0
2024-03-05,Masala Fish Fry,Non_Veg_Mains,1,0,27,0,1.59,30.77,0,0,0.14,None,1,0.25,0.0,0,60,90,0
2024-03-06,Masala Fish Fry,Non_Veg_Mains,2,0,26,0,5.53,26.35,0,0,0.04,None,0,0.05,0.0,0,60,90,0
2024-03-07,Masala Fish Fry,Non_Veg_Mains,3,0,25,0,6.29,29.8,0,0,0.07,None,1,0.2,0.0,0,60,90,99
2024-03-08,Masala Fish Fry,Non_Veg_Mains,4,0,24,0,6.9,31.71,0,0,0.09,None,0,0.05,0.0,0,60,90,0
2024-03-09,Masala Fish Fry,Non_Veg_Mains,5,0,23,0,4.74,27.53,0,1,0.12,None,1,0.3,0.0,0,60,90,94
2024-03-10,Masala Fish Fry,Non_Veg_Mains,6,0,22,0,2.53,26.92,0,0,0.13,Ramadan,0,0.02,0.15,0,60,90,0
2024-03-11,Masala Fish Fry,Non_Veg_Mains,0,0,21,0,3.84,28.48,0,0,0.09,Ramadan,0,0.15,0.15,0,60,90,0
2024-03-12,Masala Fish Fry,Non_Veg_Mains,1,0,20,0,8.83,26.12,0,0,0.1,Ramadan,1,0.25,0.15,0,60,90,0
2024-03-13,Masala Fish Fry,Non_Veg_Mains,2,0,19,0,0.5,25.9,0,0,0.1,Ramadan,0,0.05,0.15,0,60,90,0
2024-03-14,Masala Fish Fry,Non_Veg_Mains,3,0,18,0,1.53,29.38,0,0,0.06,Ramadan,1,0.2,0.15,0,60,90,85
2024-03-15,Masala Fish Fry,Non_Veg_Mains,4,0,17,0,1.28,23.66,0,0,0.08,Ramadan,0,0.05,0.15,0,60,90,0
2024-03-16,Masala Fish Fry,Non_Veg_Mains,5,0,16,0,1.35,24.78,0,0,0.1,Ramadan,1,0.3,0.15,0,60,90,71
2024-03-17,Masala Fish Fry,Non_Veg_Mains,6,0,15,0,6.85,24.9,0,0,0.04,Ramadan,0,0.02,0.15,0,60,90,0
2024-03-18,Masala Fish Fry,Non_Veg_Mains,0,0,14,0,1.74,31.02,0,0,0.09,Ramadan,0,0.15,0.15,0,60,90,0
2024-03-19,Masala Fish Fry,Non_Veg_Mains,1,0,13,0,0.51,32.01,0,0,0.11,Ramadan,1,0.25,0.15,0,60,90,0
2024-03-20,Masala Fish Fry,Non_Veg_Mains,2,0,12,0,0.82,24.04,0,0,0.13,Ramadan,0,0.05,0.15,0,60,90,0
2024-03-21,Masala Fish Fry,Non_Veg_Mains,3,0,11,0,6.8,26.3,0,0,0.14,Ramadan,1,0.2,0.15,0,60,90,75
2024-03-22,Masala Fish Fry,Non_Veg_Mains,4,0,10,0,0.94,19.37,0,0,0.07,Ramadan,0,0.05,0.15,0,60,90,0
2024-03-23,Masala Fish Fry,Non_Veg_Mains,5,0,9,0,0.45,24.85,0,1,0.12,Ramadan,1,0.3,0.15,0,60,90,76
2024-03-24,Masala Fish Fry,Non_Veg_Mains,6,0,8,0,0.89,25.68,0,1,0.09,Ramadan,0,0.02,0.15,0,60,90,0
2024-03-25,Masala Fish Fry,Non_Veg_Mains,0,0,7,0,2.42,29.12,0,0,0.02,Ramadan,0,0.15,0.15,0,60,90,0
2024-03-26,Masala Fish Fry,Non_Veg_Mains,1,0,6,0,7.37,17.64,0,0,0.03,Ramadan,1,0.25,0.15,0,60,90,0
2024-03-27,Masala Fish Fry,Non_Veg_Mains,2,0,5,0,1.48,21.98,0,0,0.07,Ramadan,0,0.05,0.15,0,60,90,0
2024-03-28,Masala Fish Fry,Non_Veg_Mains,3,0,4,0,0.73,25.74,0,0,0.05,Ramadan,1,0.2,0.15,0,60,90,85
2024-03-29,Masala Fish Fry,Non_Veg_Mains,4,0,3,0,4.42,24.86,0,0,0.08,Ramadan,0,0.05,0.15,0,60,90,0
2024-03-30,Masala Fish Fry,Non_Veg_Mains,5,0,2,0,2.68,28.89,0,0,0.03,Ramadan,1,0.3,0.15,0,60,90,78
2024-03-31,Masala Fish Fry,Non_Veg_Mains,6,0,1,0,3.23,27.44,0,0,0.13,Ramadan,0,0.02,0.15,0,60,90,0
2024-04-01,Masala Fish Fry,Non_Veg_Mains,0,0,0,0,0.0,37.45,0,0,0.14,Ramadan,0,0.15,0.15,0,60,90,0
2024-04-02,Masala Fish Fry,Non_Veg_Mains,1,0,29,0,0.01,41.0,0,0,0.11,Ramadan,1,0.25,0.15,0,60,90,0
2024-04-03,Masala Fish Fry,Non_Veg_Mains,2,0,28,0,0.83,37.3,0,0,0.13,Ramadan,0,0.05,0.15,0,60,90,0
2024-04-04,Masala Fish Fry,Non_Veg_Mains,3,0,27,0,0.46,39.11,0,0,0.12,Ramadan,1,0.2,0.15,0,60,90,74
2024-04-05,Masala Fish Fry,Non_Veg_Mains,4,0,26,0,0.0,38.16,0,0,0.07,Ramadan,0,0.05,0.15,0,60,90,0
2024-04-06,Masala Fish Fry,Non_Veg_Mains,5,0,25,0,5.13,37.75,0,1,0.05,Ramadan,1,0.3,0.15,0,60,90,101
2024-04-07,Masala Fish Fry,Non_Veg_Mains,6,0,24,0,0.06,41.11,0,0,0.03,Ramadan,0,0.02,0.15,0,60,90,0
2024-04-08,Masala Fish Fry,Non_Veg_Mains,0,0,23,0,2.0,40.41,0,0,0.1,Ramadan,0,0.15,0.15,0,60,90,0
2024-04-09,Masala Fish Fry,Non_Veg_Mains,1,0,22,0,0.33,41.77,0,0,0.03,Ramadan,1,0.25,0.15,0,60,90,0
2024-04-10,Masala Fish Fry,Non_Veg_Mains,2,0,21,0,2.1,38.26,0,0,0.09,None,0,0.05,0.0,0,60,90,0
2024-04-11,Masala Fish Fry,Non_Veg_Mains,3,0,20,0,1.05,41.01,0,0,0.04,None,1,0.2,0.0,0,60,90,104
2024-04-12,Masala Fish Fry,Non_Veg_Mains,4,0,19,0,2.19,40.38,0,0,0.05,None,0,0.05,0.0,0,60,90,0
2024-04-13,Masala Fish Fry,Non_Veg_Mains,5,0,18,0,0.59,40.44,0,0,0.1,None,1,0.3,0.0,0,60,90,82
2024-04-14,Masala Fish Fry,Non_Veg_Mains,6,0,17,0,0.24,40.35,0,0,0.13,None,0,0.02,0.0,0,60,90,0
2024-04-15,Masala Fish Fry,Non_Veg_Mains,0,0,16,0,1.79,43.76,0,0,0.03,None,0,0.15,0.0,0,60,90,0
2024-04-16,Masala Fish Fry,Non_Veg_Mains,1,0,15,0,0.32,41.27,0,1,0.07,None,1,0.25,0.0,0,60,90,0
2024-04-17,Masala Fish Fry,Non_Veg_Mains,2,0,14,0,0.45,40.54,0,0,0.12,None,0,0.05,0.0,0,60,90,0
2024-04-18,Masala Fish Fry,Non_Veg_Mains,3,0,13,0,4.04,39.82,0,0,0.04,None,1,0.2,0.0,0,60,90,102
2024-04-19,Masala Fish Fry,Non_Veg_Mains,4,0,12,0,0.7,37.14,0,0,0.06,None,0,0.05,0.0,0,60,90,0
2024-04-20,Masala Fish Fry,Non_Veg_Mains,5,0,11,0,0.75,41.57,0,0,0.03,None,1,0.3,0.0,0,60,90,85
2024-04-21,Masala Fish Fry,Non_Veg_Mains,6,0,10,0,1.15,38.25,0,0,0.02,None,0,0.02,0.0,0,60,90,0
2024-04-22,Masala Fish Fry,Non_Veg_Mains,0,0,9,0,1.84,42.8,0,0,0.14,None,0,0.15,0.0,0,60,90,0
2024-04-23,Masala Fish Fry,Non_Veg_Mains,1,0,8,0,1.85,40.23,0,1,0.08,None,1,0.25,0.0,0,60,90,0
2024-04-24,Masala Fish Fry,Non_Veg_Mains,2,0,7,0,0.12,40.41,0,1,0.05,None,0,0.05,0.0,0,60,90,0
2024-04-25,Masala Fish Fry,Non_Veg_Mains,3,0,6,0,0.92,40.87,0,0,0.03,None,1,0.2,0.0,0,60,90,108
2024-04-26,Masala Fish Fry,Non_Veg_Mains,4,0,5,0,0.24,40.45,0,0,0.11,None,0,0.05,0.0,0,60,90,0
2024-04-27,Masala Fish Fry,Non_Veg_Mains,5,0,4,0,0.73,41.77,0,0,0.1,None,1,0.3,0.0,0,60,90,85
2024-04-28,Masala Fish Fry,Non_Veg_Mains,6,0,3,0,0.12,39.42,0,0,0.09,None,0,0.02,0.0,0,60,90,0
2024-04-29,Masala Fish Fry,Non_Veg_Mains,0,0,2,0,0.03,42.32,0,0,0.05,None,0,0.15,0.0,0,60,90,0
2024-04-30,Masala Fish Fry,Non_Veg_Mains,1,0,1,0,0.06,37.22,0,0,0.12,None,1,0.25,0.0,0,60,90,0
2024-05-01,Masala Fish Fry,Non_Veg_Mains,2,0,1,0,2.72,39.35,0,0,0.09,None,0,0.05,0.0,0,60,90,0
2024-05-02,Masala Fish Fry,Non_Veg_Mains,3,0,0,0,0.0,41.83,0,0,0.09,None,1,0.2,0.0,0,60,90,102
2024-05-03,Masala Fish Fry,Non_Veg_Mains,4,0,29,0,1.02,37.92,0,0,0.11,None,0,0.05,0.0,0,60,90,0
2024-05-04,Masala Fish Fry,Non_Veg_Mains,5,0,28,0,5.12,44.81,0,1,0.09,None,1,0.3,0.0,0,60,90,95
2024-05-05,Masala Fish Fry,Non_Veg_Mains,6,0,27,0,0.93,42.01,0,0,0.09,None,0,0.02,0.0,0,60,90,0
2024-05-06,Masala Fish Fry,Non_Veg_Mains,0,0,26,0,1.91,39.4,0,1,0.04,None,0,0.15,0.0,0,60,90,0
2024-05-07,Masala Fish Fry,Non_Veg_Mains,1,0,25,0,1.12,36.89,0,0,0.05,None,1,0.25,0.0,0,60,90,0
2024-05-08,Masala Fish Fry,Non_Veg_Mains,2,0,24,0,0.29,43.07,0,0,0.08,None,0,0.05,0.0,0,60,90,0
2024-05-09,Masala Fish Fry,Non_Veg_Mains,3,0,23,0,1.24,41.13,0,0,0.05,None,1,0.2,0.0,0,60,90,104
2024-05-10,Masala Fish Fry,Non_Veg_Mains,4,0,22,0,0.47,38.02,0,1,0.09,None,0,0.05,0.0,0,60,90,0
2024-05-11,Masala Fish Fry,Non_Veg_Mains,5,0,21,0,0.03,41.88,0,0,0.04,None,1,0.3,0.0,0,60,90,95
2024-05-12,Masala Fish Fry,Non_Veg_Mains,6,0,20,0,0.0,39.85,0,1,0.1,None,0,0.02,0.0,0,60,90,0
2024-05-13,Masala Fish Fry,Non_Veg_Mains,0,0,19,0,3.41,43.5,0,0,0.12,None,0,0.15,0.0,0,60,90,0
2024-05-14,Masala Fish Fry,Non_Veg_Mains,1,0,18,0,0.71,38.44,0,0,0.13,None,1,0.25,0.0,0,60,90,0
2024-05-15,Masala Fish Fry,Non_Veg_Mains,2,0,17,0,0.6,42.92,0,0,0.15,None,0,0.05,0.0,0,60,90,0
2024-05-16,Masala Fish Fry,Non_Veg_Mains,3,0,16,0,1.1,41.14,0,0,0.03,None,1,0.2,0.0,0,60,90,100
2024-05-17,Masala Fish Fry,Non_Veg_Mains,4,0,15,0,1.84,37.55,0,0,0.13,None,0,0.05,0.0,0,60,90,0
2024-05-18,Masala Fish Fry,Non_Veg_Mains,5,0,14,0,0.63,38.59,0,0,0.14,None,1,0.3,0.0,0,60,90,74
2024-05-19,Masala Fish Fry,Non_Veg_Mains,6,0,13,0,0.41,42.63,0,0,0.14,None,0,0.02,0.0,0,60,90,0
2024-05-20,Masala Fish Fry,Non_Veg_Mains,0,0,12,0,0.54,40.38,0,0,0.13,None,0,0.15,0.0,0,60,90,0
2024-05-21,Masala Fish Fry,Non_Veg_Mains,1,0,11,0,4.71,38.3,0,0,0.1,None,1,0.25,0.0,0,60,90,0
2024-05-22,Masala Fish Fry,Non_Veg_Mains,2,0,10,0,0.09,40.0,0,0,0.13,None,0,0.05,0.0,0,60,90,0
2024-05-23,Masala Fish Fry,Non_Veg_Mains,3,0,9,0,0.32,41.98,0,0,0.06,None,1,0.2,0.0,0,60,90,100
2024-05-24,Masala Fish Fry,Non_Veg_Mains,4,0,8,0,4.11,42.78,0,0,0.09,None,0,0.05,0.0,0,60,90,0
2024-05-25,Masala Fish Fry,Non_Veg_Mains,5,0,7,0,0.04,39.63,0,0,0.15,None,1,0.3,0.0,0,60,90,80
2024-05-26,Masala Fish Fry,Non_Veg_Mains,6,0,6,0,0.81,38.41,0,0,0.03,None,0,0.02,0.0,0,60,90,0
2024-05-27,Masala Fish Fry,Non_Veg_Mains,0,0,5,0,0.01,39.4,0,1,0.13,None,0,0.15,0.0,0,60,90,0
2024-05-28,Masala Fish Fry,Non_Veg_Mains,1,0,4,0,0.4,39.58,0,0,0.07,None,1,0.25,0.0,0,60,90,0
2024-05-29,Masala Fish Fry,Non_Veg_Mains,2,0,3,0,0.14,40.22,0,0,0.02,None,0,0.05,0.0,0,60,90,0
2024-05-30,Masala Fish Fry,Non_Veg_Mains,3,0,2,0,0.02,39.11,0,0,0.08,None,1,0.2,0.0,0,60,90,105
2024-05-31,Masala Fish Fry,Non_Veg_Mains,4,0,1,0,5.83,39.58,0,0,0.11,None,0,0.05,0.0,0,60,90,0
2024-06-01,Masala Fish Fry,Non_Veg_Mains,5,0,0,0,28.2,30.9,0,0,0.03,None,1,0.3,0.0,0,60,90,103
2024-06-02,Masala Fish Fry,Non_Veg_Mains,6,0,29,0,17.86,27.59,0,0,0.07,None,0,0.02,0.0,0,60,90,0
2024-06-03,Masala Fish Fry,Non_Veg_Mains,0,0,28,0,37.14,32.16,0,0,0.03,None,0,0.15,0.0,0,60,90,0
2024-06-04,Masala Fish Fry,Non_Veg_Mains,1,0,27,0,7.35,28.25,0,1,0.12,None,1,0.25,0.0,0,60,90,0
2024-06-05,Masala Fish Fry,Non_Veg_Mains,2,0,26,0,25.56,31.67,0,0,0.07,None,0,0.05,0.0,0,60,90,0
2024-06-06,Masala Fish Fry,Non_Veg_Mains,3,0,25,0,13.97,29.17,0,0,0.06,None,1,0.2,0.0,0,60,90,96
2024-06-07,Masala Fish Fry,Non_Veg_Mains,4,0,24,0,23.84,32.2,0,0,0.04,None,0,0.05,0.0,0,60,90,0
2024-06-08,Masala Fish Fry,Non_Veg_Mains,5,0,23,0,10.73,31.76,0,1,0.12,None,1,0.3,0.0,0,60,90,108
2024-06-09,Masala Fish Fry,Non_Veg_Mains,6,0,22,0,26.08,28.13,0,0,0.02,None,0,0.02,0.0,0,60,90,0
2024-06-10,Masala Fish Fry,Non_Veg_Mains,0,0,21,0,48.86,31.18,1,0,0.07,None,0,0.15,0.0,0,60,90,0
2024-06-11,Masala Fish Fry,Non_Veg_Mains,1,0,20,0,8.16,27.55,0,0,0.14,None,1,0.25,0.0,0,60,90,0
2024-06-12,Masala Fish Fry,Non_Veg_Mains,2,0,19,0,8.73,33.5,0,0,0.1,None,0,0.05,0.0,0,60,90,0
2024-06-13,Masala Fish Fry,Non_Veg_Mains,3,0,18,0,59.96,33.63,1,1,0.06,None,1,0.2,0.0,0,60,90,134
2024-06-14,Masala Fish Fry,Non_Veg_Mains,4,0,17,0,17.83,34.43,0,0,0.06,None,0,0.05,0.0,0,60,90,0
2024-06-15,Masala Fish Fry,Non_Veg_Mains,5,0,16,0,6.63,35.56,0,0,0.04,None,1,0.3,0.0,0,60,90,84
2024-06-16,Masala Fish Fry,Non_Veg_Mains,6,0,15,0,21.58,28.42,0,0,0.06,None,0,0.02,0.0,0,60,90,0
2024-06-17,Masala Fish Fry,Non_Veg_Mains,0,0,14,0,5.67,21.38,0,0,0.11,None,0,0.15,0.0,0,60,90,0
2024-06-18,Masala Fish Fry,Non_Veg_Mains,1,0,13,0,6.13,31.06,0,0,0.03,None,1,0.25,0.0,0,60,90,0
2024-06-19,Masala Fish Fry,Non_Veg_Mains,2,0,12,0,13.97,29.09,0,0,0.03,None,0,0.05,0.0,0,60,90,0
2024-06-20,Masala Fish Fry,Non_Veg_Mains,3,0,11,0,28.1,29.16,0,0,0.15,None,1,0.2,0.0,0,60,90,101
2024-06-21,Masala Fish Fry,Non_Veg_Mains,4,0,10,0,29.17,26.24,0,0,0.08,None,0,0.05,0.0,0,60,90,0
2024-06-22,Masala Fish Fry,Non_Veg_Mains,5,0,9,0,8.87,27.57,0,0,0.09,None,1,0.3,0.0,0,60,90,84
2024-06-23,Masala Fish Fry,Non_Veg_Mains,6,0,8,0,8.09,28.65,0,0,0.1,None,0,0.02,0.0,0,60,90,0
2024-06-24,Masala Fish Fry,Non_Veg_Mains,0,0,7,0,9.64,27.6,0,0,0.12,None,0,0.15,0.0,0,60,90,0
2024-06-25,Masala Fish Fry,Non_Veg_Mains,1,0,6,0,16.26,29.82,0,1,0.09,None,1,0.25,0.0,0,60,90,0
2024-06-26,Masala Fish Fry,Non_Veg_Mains,2,0,5,0,24.08,24.51,0,0,0.1,None,0,0.05,0.0,0,60,90,0
2024-06-27,Masala Fish Fry,Non_Veg_Mains,3,0,4,0,23.74,27.46,0,0,0.13,None,1,0.2,0.0,0,60,90,103
2024-06-28,Masala Fish Fry,Non_Veg_Mains,4,0,3,0,7.13,31.27,0,0,0.03,None,0,0.05,0.0,0,60,90,0
2024-06-29,Masala Fish Fry,Non_Veg_Mains,5,0,2,0,6.37,31.28,0,0,0.04,None,1,0.3,0.0,0,60,90,85
2024-06-30,Masala Fish Fry,Non_Veg_Mains,6,0,1,0,25.61,35.42,0,0,0.08,None,0,0.02,0.0,0,60,90,0
2024-07-01,Masala Fish Fry,Non_Veg_Mains,0,0,1,0,6.81,28.49,0,1,0.03,None,0,0.15,0.0,0,60,90,0
2024-07-02,Masala Fish Fry,Non_Veg_Mains,1,0,0,0,38.73,29.69,0,1,0.1,None,1,0.25,0.0,0,60,90,0
2024-07-03,Masala Fish Fry,Non_Veg_Mains,2,0,29,0,5.98,28.79,0,1,0.06,None,0,0.05,0.0,0,60,90,0
2024-07-04,Masala Fish Fry,Non_Veg_Mains,3,0,28,0,24.22,30.54,0,0,0.12,None,1,0.2,0.0,0,60,90,111
2024-07-05,Masala Fish Fry,Non_Veg_Mains,4,0,27,0,15.01,27.08,0,1,0.09,None,0,0.05,0.0,0,60,90,0
2024-07-06,Masala Fish Fry,Non_Veg_Mains,5,0,26,0,21.33,30.57,0,1,0.06,None,1,0.3,0.0,0,60,90,125
2024-07-07,Masala Fish Fry,Non_Veg_Mains,6,0,25,0,12.16,27.27,0,0,0.02,None,0,0.02,0.0,0,60,90,0
2024-07-08,Masala Fish Fry,Non_Veg_Mains,0,0,24,0,32.19,35.13,0,0,0.03,None,0,0.15,0.0,0,60,90,0
2024-07-09,Masala Fish Fry,Non_Veg_Mains,1,0,23,0,17.14,30.8,0,1,0.13,None,1,0.25,0.0,0,60,90,0
2024-07-10,Masala Fish Fry,Non_Veg_Mains,2,0,22,0,9.27,32.66,0,0,0.1,None,0,0.05,0.0,0,60,90,0
2024-07-11,Masala Fish Fry,Non_Veg_Mains,3,0,21,0,13.69,27.47,0,0,0.14,None,1,0.2,0.0,0,60,90,91
2024-07-12,Masala Fish Fry,Non_Veg_Mains,4,0,20,0,8.8,26.04,0,0,0.04,None,0,0.05,0.0,0,60,90,0
2024-07-13,Masala Fish Fry,Non_Veg_Mains,5,0,19,0,17.75,25.63,0,0,0.05,None,1,0.3,0.0,0,60,90,90
2024-07-14,Masala Fish Fry,Non_Veg_Mains,6,0,18,0,14.44,27.34,0,0,0.09,None,0,0.02,0.0,0,60,90,0
2024-07-15,Masala Fish Fry,Non_Veg_Mains,0,0,17,0,2.54,25.25,0,0,0.1,None,0,0.15,0.0,0,60,90,0
2024-07-16,Masala Fish Fry,Non_Veg_Mains,1,0,16,0,21.5,27.34,0,0,0.12,None,1,0.25,0.0,0,60,90,0
2024-07-17,Masala Fish Fry,Non_Veg_Mains,2,0,15,0,36.51,30.62,0,1,0.11,None,0,0.05,0.0,0,60,90,0
2024-07-18,Masala Fish Fry,Non_Veg_Mains,3,0,14,0,10.54,30.28,0,0,0.06,None,1,0.2,0.0,0,60,90,103
2024-07-19,Masala Fish Fry,Non_Veg_Mains,4,0,13,0,5.52,32.76,0,0,0.08,None,0,0.05,0.0,0,60,90,0
2024-07-20,Masala Fish Fry,Non_Veg_Mains,5,0,12,0,39.81,25.01,0,0,0.07,None,1,0.3,0.0,0,60,90,100
2024-07-21,Masala Fish Fry,Non_Veg_Mains,6,0,11,0,14.67,29.55,0,0,0.11,None,0,0.02,0.0,0,60,90,0
2024-07-22,Masala Fish Fry,Non_Veg_Mains,0,0,10,0,11.27,29.96,0,1,0.07,None,0,0.15,0.0,0,60,90,0
2024-07-23,Masala Fish Fry,Non_Veg_Mains,1,0,9,0,19.8,25.38,0,0,0.09,None,1,0.25,0.0,0,60,90,0
2024-07-24,Masala Fish Fry,Non_Veg_Mains,2,0,8,0,20.11,26.81,0,0,0.03,None,0,0.05,0.0,0,60,90,0
2024-07-25,Masala Fish Fry,Non_Veg_Mains,3,0,7,0,6.3,30.72,0,0,0.08,None,1,0.2,0.0,0,60,90,103
2024-07-26,Masala Fish Fry,Non_Veg_Mains,4,0,6,0,11.35,29.68,0,0,0.05,None,0,0.05,0.0,0,60,90,0
2024-07-27,Masala Fish Fry,Non_Veg_Mains,5,0,5,0,26.05,28.89,0,0,0.08,None,1,0.3,0.0,0,60,90,91
2024-07-28,Masala Fish Fry,Non_Veg_Mains,6,0,4,0,7.98,30.72,0,0,0.1,None,0,0.02,0.0,0,60,90,0
2024-07-29,Masala Fish Fry,Non_Veg_Mains,0,1,3,1,14.25,29.55,0,0,0.28,None,0,0.15,0.0,1,60,90,0
2024-07-30,Masala Fish Fry,Non_Veg_Mains,1,0,2,0,13.74,28.77,0,0,0.12,None,1,0.25,0.0,0,60,90,0
2024-07-31,Masala Fish Fry,Non_Veg_Mains,2,0,1,0,30.35,31.55,0,0,0.12,None,0,0.05,0.0,0,60,90,0
2024-08-01,Masala Fish Fry,Non_Veg_Mains,3,0,1,0,16.33,27.35,0,0,0.07,None,1,0.2,0.0,0,60,90,98
2024-08-02,Masala Fish Fry,Non_Veg_Mains,4,0,0,0,2.22,30.64,0,0,0.12,None,0,0.05,0.0,0,60,90,0
2024-08-03,Masala Fish Fry,Non_Veg_Mains,5,0,29,0,8.58,27.18,0,1,0.07,None,1,0.3,0.0,0,60,90,104
2024-08-04,Masala Fish Fry,Non_Veg_Mains,6,0,28,0,16.97,27.44,0,1,0.09,None,0,0.02,0.0,0,60,90,0
2024-08-05,Masala Fish Fry,Non_Veg_Mains,0,0,27,0,29.41,27.08,0,1,0.09,Shravan,0,0.4,0.02,0,60,90,0
2024-08-06,Masala Fish Fry,Non_Veg_Mains,1,0,26,0,16.31,28.12,0,0,0.11,Shravan,1,0.4,0.02,0,60,90,0
2024-08-07,Masala Fish Fry,Non_Veg_Mains,2,0,25,0,8.51,33.08,0,1,0.08,Shravan,0,0.4,0.02,0,60,90,0
2024-08-08,Masala Fish Fry,Non_Veg_Mains,3,0,24,0,42.61,32.78,1,0,0.11,Shravan,1,0.4,0.02,0,60,90,84
2024-08-09,Masala Fish Fry,Non_Veg_Mains,4,0,23,0,25.95,33.61,0,0,0.14,Shravan,0,0.4,0.02,0,60,90,0
2024-08-10,Masala Fish Fry,Non_Veg_Mains,5,0,22,0,10.93,29.56,0,0,0.13,Shravan,1,0.4,0.02,0,60,90,67
2024-08-11,Masala Fish Fry,Non_Veg_Mains,6,0,21,0,21.84,27.77,0,0,0.12,Shravan,0,0.4,0.02,0,60,90,0
2024-08-12,Masala Fish Fry,Non_Veg_Mains,0,0,20,0,12.77,31.81,0,0,0.03,Shravan,0,0.4,0.02,0,60,90,0
2024-08-13,Masala Fish Fry,Non_Veg_Mains,1,0,19,0,0.54,29.77,0,0,0.15,Shravan,1,0.4,0.02,0,60,90,0
2024-08-14,Masala Fish Fry,Non_Veg_Mains,2,0,18,0,8.96,29.29,0,0,0.02,Shravan,0,0.4,0.02,0,60,90,0
2024-08-15,Masala Fish Fry,Non_Veg_Mains,3,0,17,0,18.89,30.15,0,0,0.14,Shravan,1,0.4,0.02,0,60,90,64
2024-08-16,Masala Fish Fry,Non_Veg_Mains,4,0,16,0,15.37,25.07,0,0,0.03,Shravan,0,0.4,0.02,0,60,90,0
2024-08-17,Masala Fish Fry,Non_Veg_Mains,5,0,15,0,12.28,29.05,0,0,0.1,Shravan,1,0.4,0.02,0,60,90,66
2024-08-18,Masala Fish Fry,Non_Veg_Mains,6,0,14,0,30.2,29.21,0,1,0.11,Shravan,0,0.4,0.02,0,60,90,0
2024-08-19,Masala Fish Fry,Non_Veg_Mains,0,0,13,0,58.82,30.02,1,0,0.12,Shravan,0,0.4,0.02,0,60,90,0
2024-08-20,Masala Fish Fry,Non_Veg_Mains,1,0,12,0,5.28,31.34,0,0,0.14,Shravan,1,0.4,0.02,0,60,90,0
2024-08-21,Masala Fish Fry,Non_Veg_Mains,2,0,11,0,3.29,30.49,0,0,0.12,Shravan,0,0.4,0.02,0,60,90,0
2024-08-22,Masala Fish Fry,Non_Veg_Mains,3,0,10,0,27.79,26.12,0,0,0.09,Shravan,1,0.4,0.02,0,60,90,80
2024-08-23,Masala Fish Fry,Non_Veg_Mains,4,0,9,0,5.17,31.81,0,1,0.11,Shravan,0,0.4,0.02,0,60,90,0
2024-08-24,Masala Fish Fry,Non_Veg_Mains,5,0,8,0,12.46,28.06,0,1,0.15,Shravan,1,0.4,0.02,0,60,90,80
2024-08-25,Masala Fish Fry,Non_Veg_Mains,6,0,7,0,25.46,31.22,0,0,0.11,Shravan,0,0.4,0.02,0,60,90,0
2024-08-26,Masala Fish Fry,Non_Veg_Mains,0,0,6,0,11.94,32.06,0,0,0.08,Shravan,0,0.4,0.02,0,60,90,0
2024-08-27,Masala Fish Fry,Non_Veg_Mains,1,0,5,0,13.19,34.23,0,0,0.08,Shravan,1,0.4,0.02,0,60,90,0
2024-08-28,Masala Fish Fry,Non_Veg_Mains,2,0,4,0,6.62,30.03,0,0,0.13,Shravan,0,0.4,0.02,0,60,90,0
2024-08-29,Masala Fish Fry,Non_Veg_Mains,3,0,3,0,2.64,30.96,0,0,0.04,Shravan,1,0.4,0.02,0,60,90,71
2024-08-30,Masala Fish Fry,Non_Veg_Mains,4,0,2,0,27.07,26.55,0,1,0.07,Shravan,0,0.4,0.02,0,60,90,0
2024-08-31,Masala Fish Fry,Non_Veg_Mains,5,0,1,0,28.96,29.25,0,1,0.12,Shravan,1,0.4,0.02,0,60,90,104
2024-09-01,Masala Fish Fry,Non_Veg_Mains,6,0,0,0,22.12,31.71,0,0,0.05,Shravan,0,0.4,0.02,0,60,90,0
2024-09-02,Masala Fish Fry,Non_Veg_Mains,0,0,29,0,57.99,39.33,1,1,0.13,Shravan,0,0.4,0.02,0,60,90,0
2024-09-03,Masala Fish Fry,Non_Veg_Mains,1,0,28,0,31.67,28.39,0,0,0.06,Shravan,1,0.4,0.02,0,60,90,0
2024-09-04,Masala Fish Fry,Non_Veg_Mains,2,0,27,0,17.83,31.36,0,0,0.07,None,0,0.05,0.0,0,60,90,0
2024-09-05,Masala Fish Fry,Non_Veg_Mains,3,0,26,0,24.0,30.15,0,0,0.11,None,1,0.2,0.0,0,60,90,116
2024-09-06,Masala Fish Fry,Non_Veg_Mains,4,0,25,0,11.22,27.41,0,1,0.11,None,0,0.05,0.0,0,60,90,0
2024-09-07,Masala Fish Fry,Non_Veg_Mains,5,0,24,0,12.34,30.43,0,0,0.06,None,1,0.3,0.0,0,60,90,84
2024-09-08,Masala Fish Fry,Non_Veg_Mains,6,0,23,0,14.79,35.44,0,0,0.03,None,0,0.02,0.0,0,60,90,0
2024-09-09,Masala Fish Fry,Non_Veg_Mains,0,0,22,0,12.44,26.02,0,0,0.06,None,0,0.15,0.0,0,60,90,0
2024-09-10,Masala Fish Fry,Non_Veg_Mains,1,0,21,0,9.94,26.68,0,0,0.05,None,1,0.25,0.0,0,60,90,0
2024-09-11,Masala Fish Fry,Non_Veg_Mains,2,1,20,0,4.97,29.75,0,0,0.1,None,0,0.05,0.0,1,60,90,0
2024-09-12,Masala Fish Fry,Non_Veg_Mains,3,0,19,0,5.97,27.25,0,1,0.14,None,1,0.2,0.0,0,60,90,113
2024-09-13,Masala Fish Fry,Non_Veg_Mains,4,0,18,0,13.88,29.87,0,0,0.08,None,0,0.05,0.0,0,60,90,0
2024-09-14,Masala Fish Fry,Non_Veg_Mains,5,0,17,0,16.36,29.48,0,0,0.14,None,1,0.3,0.0,0,60,90,80
2024-09-15,Masala Fish Fry,Non_Veg_Mains,6,0,16,0,15.57,32.42,0,0,0.05,None,0,0.02,0.0,0,60,90,0
2024-09-16,Masala Fish Fry,Non_Veg_Mains,0,0,15,0,15.81,27.85,0,0,0.11,None,0,0.15,0.0,0,60,90,0
2024-09-17,Masala Fish Fry,Non_Veg_Mains,1,0,14,0,27.1,29.44,0,1,0.1,None,1,0.25,0.0,0,60,90,0
2024-09-18,Masala Fish Fry,Non_Veg_Mains,2,0,13,0,13.42,36.42,0,0,0.11,None,0,0.05,0.0,0,60,90,0
2024-09-19,Masala Fish Fry,Non_Veg_Mains,3,0,12,0,10.53,32.58,0,0,0.06,None,1,0.2,0.0,0,60,90,100
2024-09-20,Masala Fish Fry,Non_Veg_Mains,4,0,11,0,11.08,34.33,0,0,0.04,None,0,0.05,0.0,0,60,90,0
2024-09-21,Masala Fish Fry,Non_Veg_Mains,5,0,10,0,12.74,28.16,0,0,0.09,None,1,0.3,0.0,0,60,90,82
2024-09-22,Masala Fish Fry,Non_Veg_Mains,6,0,9,0,33.31,26.56,0,0,0.14,None,0,0.02,0.0,0,60,90,0
2024-09-23,Masala Fish Fry,Non_Veg_Mains,0,0,8,0,31.62,31.45,0,0,0.08,None,0,0.15,0.0,0,60,90,0
2024-09-24,Masala Fish Fry,Non_Veg_Mains,1,0,7,0,28.23,30.34,0,0,0.03,None,1,0.25,0.0,0,60,90,0
2024-09-25,Masala Fish Fry,Non_Veg_Mains,2,0,6,0,13.22,25.75,0,0,0.07,None,0,0.05,0.0,0,60,90,0
2024-09-26,Masala Fish Fry,Non_Veg_Mains,3,0,5,0,3.43,24.36,0,0,0.11,None,1,0.2,0.0,0,60,90,93
2024-09-27,Masala Fish Fry,Non_Veg_Mains,4,0,4,0,6.7,30.26,0,0,0.06,None,0,0.05,0.0,0,60,90,0
2024-09-28,Masala Fish Fry,Non_Veg_Mains,5,0,3,0,17.17,25.65,0,0,0.12,None,1,0.3,0.0,0,60,90,77
2024-09-29,Masala Fish Fry,Non_Veg_Mains,6,0,2,0,30.0,33.73,0,1,0.13,None,0,0.02,0.0,0,60,90,0
2024-09-30,Masala Fish Fry,Non_Veg_Mains,0,0,1,0,8.32,29.81,0,1,0.14,None,0,0.15,0.0,0,60,90,0
2024-10-01,Masala Fish Fry,Non_Veg_Mains,1,0,1,0,1.41,22.76,0,1,0.08,None,1,0.25,0.0,0,60,90,0
2024-10-02,Masala Fish Fry,Non_Veg_Mains,2,0,0,0,1.38,32.05,0,0,0.11,None,0,0.05,0.0,0,60,90,0
2024-10-03,Masala Fish Fry,Non_Veg_Mains,3,0,29,0,4.36,30.59,0,0,0.12,Navratri,1,0.45,0.05,0,60,90,64
2024-10-04,Masala Fish Fry,Non_Veg_Mains,4,0,28,0,0.56,31.1,0,0,0.14,Navratri,0,0.45,0.05,0,60,90,0
2024-10-05,Masala Fish Fry,Non_Veg_Mains,5,0,27,0,6.6,32.46,0,0,0.08,Navratri,1,0.45,0.05,0,60,90,60
2024-10-06,Masala Fish Fry,Non_Veg_Mains,6,0,26,0,0.73,28.4,0,0,0.04,Navratri,0,0.45,0.05,0,60,90,0
2024-10-07,Masala Fish Fry,Non_Veg_Mains,0,0,25,0,4.77,28.71,0,0,0.14,Navratri,0,0.45,0.05,0,60,90,0
2024-10-08,Masala Fish Fry,Non_Veg_Mains,1,0,24,0,0.74,18.9,0,0,0.13,Navratri,1,0.45,0.05,0,60,90,0
2024-10-09,Masala Fish Fry,Non_Veg_Mains,2,0,23,0,0.09,30.74,0,0,0.02,Navratri,0,0.45,0.05,0,60,90,0
2024-10-10,Masala Fish Fry,Non_Veg_Mains,3,0,22,0,6.57,29.66,0,0,0.14,Navratri,1,0.45,0.05,0,60,90,60
2024-10-11,Masala Fish Fry,Non_Veg_Mains,4,0,21,0,20.42,29.65,0,1,0.13,Navratri,0,0.45,0.05,0,60,90,0
2024-10-12,Masala Fish Fry,Non_Veg_Mains,5,0,20,0,1.13,22.61,0,0,0.05,Navratri,1,0.45,0.05,0,60,90,69
2024-10-13,Masala Fish Fry,Non_Veg_Mains,6,0,19,0,2.61,26.32,0,1,0.12,None,0,0.02,0.0,0,60,90,0
2024-10-14,Masala Fish Fry,Non_Veg_Mains,0,0,18,0,1.26,25.64,0,0,0.05,None,0,0.15,0.0,0,60,90,0
2024-10-15,Masala Fish Fry,Non_Veg_Mains,1,0,17,0,3.4,22.39,0,0,0.14,None,1,0.25,0.0,0,60,90,0
2024-10-16,Masala Fish Fry,Non_Veg_Mains,2,0,16,0,0.97,26.62,0,0,0.04,None,0,0.05,0.0,0,60,90,0
2024-10-17,Masala Fish Fry,Non_Veg_Mains,3,0,15,0,0.06,27.09,0,0,0.13,None,1,0.2,0.0,0,60,90,87
2024-10-18,Masala Fish Fry,Non_Veg_Mains,4,0,14,0,0.97,23.75,0,1,0.1,None,0,0.05,0.0,0,60,90,0
2024-10-19,Masala Fish Fry,Non_Veg_Mains,5,0,13,0,6.39,26.33,0,0,0.13,None,1,0.3,0.0,0,60,90,85
2024-10-20,Masala Fish Fry,Non_Veg_Mains,6,0,12,0,17.68,26.15,0,0,0.13,None,0,0.02,0.0,0,60,90,0
2024-10-21,Masala Fish Fry,Non_Veg_Mains,0,0,11,0,0.27,22.33,0,0,0.05,None,0,0.15,0.0,0,60,90,0
2024-10-22,Masala Fish Fry,Non_Veg_Mains,1,0,10,0,1.18,20.94,0,0,0.05,None,1,0.25,0.0,0,60,90,0
2024-10-23,Masala Fish Fry,Non_Veg_Mains,2,0,9,0,6.0,26.33,0,0,0.03,None,0,0.05,0.0,0,60,90,0
2024-10-24,Masala Fish Fry,Non_Veg_Mains,3,0,8,0,0.47,20.75,0,0,0.06,None,1,0.2,0.0,0,60,90,98
2024-10-25,Masala Fish Fry,Non_Veg_Mains,4,0,7,0,0.18,20.26,0,0,0.09,None,0,0.05,0.0,0,60,90,0
2024-10-26,Masala Fish Fry,Non_Veg_Mains,5,0,6,0,5.5,28.22,0,1,0.14,None,1,0.3,0.0,0,60,90,80
2024-10-27,Masala Fish Fry,Non_Veg_Mains,6,0,5,0,1.35,19.12,0,1,0.07,None,0,0.02,0.0,0,60,90,0
2024-10-28,Masala Fish Fry,Non_Veg_Mains,0,0,4,0,2.02,19.98,0,0,0.05,None,0,0.15,0.0,0,60,90,0
2024-10-29,Masala Fish Fry,Non_Veg_Mains,1,0,3,0,0.74,26.16,0,0,0.13,None,1,0.25,0.0,0,60,90,0
2024-10-30,Masala Fish Fry,Non_Veg_Mains,2,0,2,0,1.41,22.87,0,0,0.09,None,0,0.05,0.0,0,60,90,0
2024-10-31,Masala Fish Fry,Non_Veg_Mains,3,0,1,0,0.74,23.56,0,0,0.02,None,1,0.2,0.0,0,60,90,111
2024-11-01,Masala Fish Fry,Non_Veg_Mains,4,0,0,0,1.84,27.76,0,0,0.03,None,0,0.05,0.0,0,60,90,0
2024-11-02,Masala Fish Fry,Non_Veg_Mains,5,0,29,0,1.89,31.36,0,0,0.08,None,1,0.3,0.0,0,60,90,83
2024-11-03,Masala Fish Fry,Non_Veg_Mains,6,0,28,0,0.09,22.6,0,0,0.1,None,0,0.02,0.0,0,60,90,0
2024-11-04,Masala Fish Fry,Non_Veg_Mains,0,0,27,0,2.4,29.8,0,0,0.02,None,0,0.15,0.0,0,60,90,0
2024-11-05,Masala Fish Fry,Non_Veg_Mains,1,0,26,0,0.57,29.88,0,0,0.12,None,1,0.25,0.0,0,60,90,0
2024-11-06,Masala Fish Fry,Non_Veg_Mains,2,0,25,0,7.94,20.53,0,0,0.03,None,0,0.05,0.0,0,60,90,0
2024-11-07,Masala Fish Fry,Non_Veg_Mains,3,0,24,0,2.84,25.78,0,0,0.06,None,1,0.2,0.0,0,60,90,95
2024-11-08,Masala Fish Fry,Non_Veg_Mains,4,1,23,1,0.03,28.97,0,0,0.3,None,0,0.05,0.0,1,60,90,0
2024-11-09,Masala Fish Fry,Non_Veg_Mains,5,0,22,0,1.26,21.8,0,1,0.14,None,1,0.3,0.0,0,60,90,95
2024-11-10,Masala Fish Fry,Non_Veg_Mains,6,0,21,0,0.85,26.94,0,0,0.11,None,0,0.02,0.0,0,60,90,0
2024-11-11,Masala Fish Fry,Non_Veg_Mains,0,0,20,0,0.02,27.8,0,0,0.11,None,0,0.15,0.0,0,60,90,0
2024-11-12,Masala Fish Fry,Non_Veg_Mains,1,0,19,0,0.61,28.7,0,0,0.08,None,1,0.25,0.0,0,60,90,0
2024-11-13,Masala Fish Fry,Non_Veg_Mains,2,0,18,0,2.72,20.16,0,0,0.09,None,0,0.05,0.0,0,60,90,0
2024-11-14,Masala Fish Fry,Non_Veg_Mains,3,0,17,0,5.16,32.64,0,1,0.07,None,1,0.2,0.0,0,60,90,119
2024-11-15,Masala Fish Fry,Non_Veg_Mains,4,0,16,0,0.38,21.35,0,1,0.05,None,0,0.05,0.0,0,60,90,0
2024-11-16,Masala Fish Fry,Non_Veg_Mains,5,0,15,0,0.57,18.02,0,1,0.13,None,1,0.3,0.0,0,60,90,97
2024-11-17,Masala Fish Fry,Non_Veg_Mains,6,0,14,0,3.53,18.92,0,0,0.05,None,0,0.02,0.0,0,60,90,0
2024-11-18,Masala Fish Fry,Non_Veg_Mains,0,0,13,0,1.3,29.61,0,0,0.05,None,0,0.15,0.0,0,60,90,0
2024-11-19,Masala Fish Fry,Non_Veg_Mains,1,0,12,0,1.44,26.94,0,0,0.08,None,1,0.25,0.0,0,60,90,0
2024-11-20,Masala Fish Fry,Non_Veg_Mains,2,0,11,0,1.94,32.83,0,0,0.04,None,0,0.05,0.0,0,60,90,0
2024-11-21,Masala Fish Fry,Non_Veg_Mains,3,0,10,0,2.85,22.17,0,1,0.11,None,1,0.2,0.0,0,60,90,120
2024-11-22,Masala Fish Fry,Non_Veg_Mains,4,0,9,0,5.06,18.75,0,0,0.03,None,0,0.05,0.0,0,60,90,0
2024-11-23,Masala Fish Fry,Non_Veg_Mains,5,0,8,0,1.51,30.15,0,0,0.04,None,1,0.3,0.0,0,60,90,89
2024-11-24,Masala Fish Fry,Non_Veg_Mains,6,0,7,0,9.52,18.69,0,0,0.14,None,0,0.02,0.0,0,60,90,0
2024-11-25,Masala Fish Fry,Non_Veg_Mains,0,0,6,0,3.94,26.4,0,1,0.04,None,0,0.15,0.0,0,60,90,0
2024-11-26,Masala Fish Fry,Non_Veg_Mains,1,0,5,0,5.58,24.15,0,0,0.09,None,1,0.25,0.0,0,60,90,0
2024-11-27,Masala Fish Fry,Non_Veg_Mains,2,0,4,0,0.02,31.03,0,0,0.11,None,0,0.05,0.0,0,60,90,0
2024-11-28,Masala Fish Fry,Non_Veg_Mains,3,0,3,0,3.49,26.77,0,0,0.06,None,1,0.2,0.0,0,60,90,98
2024-11-29,Masala Fish Fry,Non_Veg_Mains,4,0,2,0,4.25,23.65,0,1,0.03,None,0,0.05,0.0,0,60,90,0
2024-11-30,Masala Fish Fry,Non_Veg_Mains,5,0,1,0,0.07,23.51,0,1,0.14,None,1,0.3,0.0,0,60,90,93
2024-12-01,Masala Fish Fry,Non_Veg_Mains,6,0,1,0,0.09,24.27,0,0,0.06,None,0,0.02,0.0,0,60,90,0
2024-12-02,Masala Fish Fry,Non_Veg_Mains,0,0,0,0,0.97,20.92,0,1,0.07,None,0,0.15,0.0,0,60,90,0
2024-12-03,Masala Fish Fry,Non_Veg_Mains,1,0,29,0,0.76,27.54,0,1,0.03,None,1,0.25,0.0,0,60,90,0
2024-12-04,Masala Fish Fry,Non_Veg_Mains,2,0,28,0,2.03,21.9,0,0,0.06,None,0,0.05,0.0,0,60,90,0
2024-12-05,Masala Fish Fry,Non_Veg_Mains,3,0,27,0,0.48,27.86,0,0,0.07,None,1,0.2,0.0,0,60,90,95
2024-12-06,Masala Fish Fry,Non_Veg_Mains,4,0,26,0,3.08,27.09,0,1,0.06,None,0,0.05,0.0,0,60,90,0
2024-12-07,Masala Fish Fry,Non_Veg_Mains,5,0,25,0,3.35,20.42,0,1,0.07,None,1,0.3,0.0,0,60,90,102
2024-12-08,Masala Fish Fry,Non_Veg_Mains,6,1,24,0,0.51,24.17,0,1,0.15,None,0,0.02,0.0,1,60,90,0
2024-12-09,Masala Fish Fry,Non_Veg_Mains,0,0,23,0,1.59,17.7,0,0,0.06,None,0,0.15,0.0,0,60,90,0
2024-12-10,Masala Fish Fry,Non_Veg_Mains,1,0,22,0,5.12,26.18,0,0,0.14,None,1,0.25,0.0,0,60,90,0
2024-12-11,Masala Fish Fry,Non_Veg_Mains,2,0,21,0,0.4,23.19,0,0,0.1,None,0,0.05,0.0,0,60,90,0
2024-12-12,Masala Fish Fry,Non_Veg_Mains,3,0,20,0,4.39,27.92,0,0,0.1,None,1,0.2,0.0,0,60,90,101
2024-12-13,Masala Fish Fry,Non_Veg_Mains,4,0,19,0,3.97,26.3,0,0,0.08,None,0,0.05,0.0,0,60,90,0
2024-12-14,Masala Fish Fry,Non_Veg_Mains,5,0,18,0,0.9,25.3,0,0,0.09,None,1,0.3,0.0,0,60,90,85
2024-12-15,Masala Fish Fry,Non_Veg_Mains,6,0,17,0,6.63,31.49,0,0,0.03,None,0,0.02,0.0,0,60,90,0
2024-12-16,Masala Fish Fry,Non_Veg_Mains,0,0,16,0,0.46,21.01,0,0,0.11,None,0,0.15,0.0,0,60,90,0
2024-12-17,Masala Fish Fry,Non_Veg_Mains,1,0,15,0,1.05,27.61,0,0,0.1,None,1,0.25,0.0,0,60,90,0
2024-12-18,Masala Fish Fry,Non_Veg_Mains,2,0,14,0,0.3,27.83,0,1,0.14,None,0,0.05,0.0,0,60,90,0
2024-12-19,Masala Fish Fry,Non_Veg_Mains,3,0,13,0,3.74,26.11,0,0,0.05,None,1,0.2,0.0,0,60,90,114
2024-12-20,Masala Fish Fry,Non_Veg_Mains,4,0,12,0,2.39,30.67,0,0,0.05,None,0,0.05,0.0,0,60,90,0
2024-12-21,Masala Fish Fry,Non_Veg_Mains,5,0,11,0,6.21,26.1,0,1,0.1,None,1,0.3,0.0,0,60,90,107
2024-12-22,Masala Fish Fry,Non_Veg_Mains,6,0,10,0,0.43,29.57,0,0,0.04,None,0,0.02,0.0,0,60,90,0
2024-12-23,Masala Fish Fry,Non_Veg_Mains,0,0,9,0,2.9,29.33,0,0,0.02,None,0,0.15,0.0,0,60,90,0
2024-12-24,Masala Fish Fry,Non_Veg_Mains,1,1,8,0,0.34,24.04,0,0,0.1,None,1,0.25,0.0,1,60,90,0
2024-12-25,Masala Fish Fry,Non_Veg_Mains,2,0,7,0,3.05,32.88,0,0,0.06,None,0,0.05,0.0,0,60,90,0
2024-12-26,Masala Fish Fry,Non_Veg_Mains,3,0,6,0,1.36,22.92,0,0,0.11,None,1,0.2,0.0,0,60,90,93
2024-12-27,Masala Fish Fry,Non_Veg_Mains,4,0,5,0,3.63,24.38,0,0,0.11,None,0,0.05,0.0,0,60,90,0
2024-12-28,Masala Fish Fry,Non_Veg_Mains,5,0,4,0,0.87,25.87,0,1,0.07,None,1,0.3,0.0,0,60,90,104
2024-12-29,Masala Fish Fry,Non_Veg_Mains,6,0,3,0,18.29,16.74,0,0,0.03,None,0,0.02,0.0,0,60,90,0
2024-12-30,Masala Fish Fry,Non_Veg_Mains,0,0,2,0,3.13,25.69,0,1,0.04,None,0,0.15,0.0,0,60,90,0
2024-12-31,Masala Fish Fry,Non_Veg_Mains,1,0,1,0,0.41,20.53,0,0,0.05,None,1,0.25,0.0,0,60,90,0
2025-01-01,Masala Fish Fry,Non_Veg_Mains,2,0,1,0,1.27,26.02,0,1,0.09,None,0,0.05,0.0,0,60,90,0
2025-01-02,Masala Fish Fry,Non_Veg_Mains,3,0,0,0,1.7,23.24,0,0,0.03,None,1,0.2,0.0,0,60,90,99
2025-01-03,Masala Fish Fry,Non_Veg_Mains,4,0,29,0,5.29,22.17,0,1,0.04,None,0,0.05,0.0,0,60,90,0
2025-01-04,Masala Fish Fry,Non_Veg_Mains,5,0,28,0,2.61,23.03,0,1,0.11,None,1,0.3,0.0,0,60,90,99
2025-01-05,Masala Fish Fry,Non_Veg_Mains,6,0,27,0,1.44,20.72,0,0,0.1,None,0,0.02,0.0,0,60,90,0
2025-01-06,Masala Fish Fry,Non_Veg_Mains,0,0,26,0,4.83,29.83,0,0,0.13,None,0,0.15,0.0,0,60,90,0
2025-01-07,Masala Fish Fry,Non_Veg_Mains,1,0,25,0,0.75,27.31,0,0,0.09,None,1,0.25,0.0,0,60,90,0
2025-01-08,Masala Fish Fry,Non_Veg_Mains,2,0,24,0,0.25,20.13,0,0,0.05,None,0,0.05,0.0,0,60,90,0
2025-01-09,Masala Fish Fry,Non_Veg_Mains,3,0,23,0,1.45,24.21,0,0,0.03,None,1,0.2,0.0,0,60,90,108
2025-01-10,Masala Fish Fry,Non_Veg_Mains,4,0,22,0,9.64,25.71,0,0,0.03,None,0,0.05,0.0,0,60,90,0
2025-01-11,Masala Fish Fry,Non_Veg_Mains,5,0,21,0,0.56,18.45,0,0,0.15,None,1,0.3,0.0,0,60,90,75
2025-01-12,Masala Fish Fry,Non_Veg_Mains,6,0,20,0,0.24,20.55,0,0,0.07,None,0,0.02,0.0,0,60,90,0
2025-01-13,Masala Fish Fry,Non_Veg_Mains,0,0,19,0,0.81,27.48,0,0,0.08,None,0,0.15,0.0,0,60,90,0
2025-01-14,Masala Fish Fry,Non_Veg_Mains,1,0,18,0,0.76,18.89,0,1,0.04,None,1,0.25,0.0,0,60,90,0
2025-01-15,Masala Fish Fry,Non_Veg_Mains,2,0,17,0,5.36,31.4,0,1,0.13,None,0,0.05,0.0,0,60,90,0
2025-01-16,Masala Fish Fry,Non_Veg_Mains,3,0,16,0,16.99,29.42,0,0,0.11,None,1,0.2,0.0,0,60,90,89
2025-01-17,Masala Fish Fry,Non_Veg_Mains,4,0,15,0,1.63,29.57,0,0,0.04,None,0,0.05,0.0,0,60,90,0
2025-01-18,Masala Fish Fry,Non_Veg_Mains,5,0,14,0,0.08,26.35,0,0,0.12,None,1,0.3,0.0,0,60,90,84
2025-01-19,Masala Fish Fry,Non_Veg_Mains,6,0,13,0,2.01,28.31,0,0,0.05,None,0,0.02,0.0,0,60,90,0
2025-01-20,Masala Fish Fry,Non_Veg_Mains,0,0,12,0,3.98,24.09,0,0,0.1,None,0,0.15,0.0,0,60,90,0
2025-01-21,Masala Fish Fry,Non_Veg_Mains,1,0,11,0,0.66,14.96,0,0,0.13,None,1,0.25,0.0,0,60,90,0
2025-01-22,Masala Fish Fry,Non_Veg_Mains,2,0,10,0,4.16,25.58,0,0,0.05,None,0,0.05,0.0,0,60,90,0
2025-01-23,Masala Fish Fry,Non_Veg_Mains,3,0,9,0,1.67,22.1,0,0,0.04,None,1,0.2,0.0,0,60,90,98
2025-01-24,Masala Fish Fry,Non_Veg_Mains,4,0,8,0,0.04,18.75,0,0,0.11,None,0,0.05,0.0,0,60,90,0
2025-01-25,Masala Fish Fry,Non_Veg_Mains,5,0,7,0,8.05,27.6,0,0,0.05,None,1,0.3,0.0,0,60,90,87
2025-01-26,Masala Fish Fry,Non_Veg_Mains,6,0,6,0,2.08,20.47,0,0,0.12,None,0,0.02,0.0,0,60,90,0
2025-01-27,Masala Fish Fry,Non_Veg_Mains,0,0,5,0,4.57,28.04,0,1,0.07,None,0,0.15,0.0,0,60,90,0
2025-01-28,Masala Fish Fry,Non_Veg_Mains,1,0,4,0,2.11,22.25,0,0,0.12,None,1,0.25,0.0,0,60,90,0
2025-01-29,Masala Fish Fry,Non_Veg_Mains,2,0,3,0,7.2,22.45,0,0,0.12,None,0,0.05,0.0,0,60,90,0
2025-01-30,Masala Fish Fry,Non_Veg_Mains,3,0,2,0,4.96,23.18,0,1,0.06,None,1,0.2,0.0,0,60,90,121
2025-01-31,Masala Fish Fry,Non_Veg_Mains,4,0,1,0,1.21,33.88,0,0,0.04,None,0,0.05,0.0,0,60,90,0
2025-02-01,Masala Fish Fry,Non_Veg_Mains,5,0,28,0,4.18,26.36,0,1,0.14,None,1,0.3,0.0,0,60,90,100
2025-02-02,Masala Fish Fry,Non_Veg_Mains,6,0,27,0,6.19,29.6,0,0,0.03,None,0,0.02,0.0,0,60,90,0
2025-02-03,Masala Fish Fry,Non_Veg_Mains,0,0,26,0,0.63,23.66,0,0,0.09,None,0,0.15,0.0,0,60,90,0
2025-02-04,Masala Fish Fry,Non_Veg_Mains,1,0,25,0,3.34,26.26,0,0,0.07,None,1,0.25,0.0,0,60,90,0
2025-02-05,Masala Fish Fry,Non_Veg_Mains,2,0,24,0,0.15,25.29,0,0,0.06,None,0,0.05,0.0,0,60,90,0
2025-02-06,Masala Fish Fry,Non_Veg_Mains,3,0,23,0,2.36,24.76,0,0,0.06,None,1,0.2,0.0,0,60,90,99
2025-02-07,Masala Fish Fry,Non_Veg_Mains,4,0,22,0,0.45,29.19,0,1,0.05,None,0,0.05,0.0,0,60,90,0
2025-02-08,Masala Fish Fry,Non_Veg_Mains,5,0,21,0,4.61,27.04,0,0,0.07,None,1,0.3,0.0,0,60,90,93
2025-02-09,Masala Fish Fry,Non_Veg_Mains,6,0,20,0,2.72,24.99,0,1,0.06,None,0,0.02,0.0,0,60,90,0
2025-02-10,Masala Fish Fry,Non_Veg_Mains,0,0,19,0,0.38,25.6,0,1,0.08,None,0,0.15,0.0,0,60,90,0
2025-02-11,Masala Fish Fry,Non_Veg_Mains,1,0,18,0,3.81,24.57,0,1,0.06,None,1,0.25,0.0,0,60,90,0
2025-02-12,Masala Fish Fry,Non_Veg_Mains,2,0,17,0,0.03,25.11,0,0,0.08,None,0,0.05,0.0,0,60,90,0
2025-02-13,Masala Fish Fry,Non_Veg_Mains,3,0,16,0,0.02,22.75,0,0,0.05,None,1,0.2,0.0,0,60,90,97
2025-02-14,Masala Fish Fry,Non_Veg_Mains,4,0,15,0,0.21,25.94,0,0,0.07,None,0,0.05,0.0,0,60,90,0
2025-02-15,Masala Fish Fry,Non_Veg_Mains,5,0,14,0,0.34,28.66,0,1,0.03,None,1,0.3,0.0,0,60,90,106
2025-02-16,Masala Fish Fry,Non_Veg_Mains,6,0,13,0,0.4,26.15,0,0,0.14,None,0,0.02,0.0,0,60,90,0
2025-02-17,Masala Fish Fry,Non_Veg_Mains,0,0,12,0,0.04,25.88,0,0,0.12,None,0,0.15,0.0,0,60,90,0
2025-02-18,Masala Fish Fry,Non_Veg_Mains,1,0,11,0,3.53,16.07,0,0,0.06,None,1,0.25,0.0,0,60,90,0
2025-02-19,Masala Fish Fry,Non_Veg_Mains,2,0,10,0,2.38,24.12,0,0,0.03,None,0,0.05,0.0,0,60,90,0
2025-02-20,Masala Fish Fry,Non_Veg_Mains,3,0,9,0,4.33,30.26,0,0,0.1,None,1,0.2,0.0,0,60,90,97
2025-02-21,Masala Fish Fry,Non_Veg_Mains,4,0,8,0,0.21,28.45,0,0,0.06,None,0,0.05,0.0,0,60,90,0
2025-02-22,Masala Fish Fry,Non_Veg_Mains,5,0,7,0,1.44,23.89,0,0,0.06,None,1,0.3,0.0,0,60,90,93
2025-02-23,Masala Fish Fry,Non_Veg_Mains,6,0,6,0,0.68,30.64,0,0,0.03,None,0,0.02,0.0,0,60,90,0
2025-02-24,Masala Fish Fry,Non_Veg_Mains,0,0,5,0,2.82,22.58,0,0,0.04,None,0,0.15,0.0,0,60,90,0
2025-02-25,Masala Fish Fry,Non_Veg_Mains,1,0,4,0,7.81,27.65,0,0,0.13,None,1,0.25,0.0,0,60,90,0
2025-02-26,Masala Fish Fry,Non_Veg_Mains,2,0,3,0,1.19,23.28,0,0,0.12,None,0,0.05,0.0,0,60,90,0
2025-02-27,Masala Fish Fry,Non_Veg_Mains,3,0,2,0,4.09,18.32,0,1,0.08,None,1,0.2,0.0,0,60,90,101
2025-02-28,Masala Fish Fry,Non_Veg_Mains,4,0,1,0,7.21,31.05,0,1,0.06,Ramadan,0,0.05,0.15,0,60,90,0
2025-03-01,Masala Fish Fry,Non_Veg_Mains,5,0,1,0,2.93,22.78,0,0,0.12,Ramadan,1,0.3,0.15,0,60,90,67
2025-03-02,Masala Fish Fry,Non_Veg_Mains,6,0,0,0,1.32,32.76,0,0,0.04,Ramadan,0,0.02,0.15,0,60,90,0
2025-03-03,Masala Fish Fry,Non_Veg_Mains,0,0,29,0,10.26,31.66,0,0,0.14,Ramadan,0,0.15,0.15,0,60,90,0
2025-03-04,Masala Fish Fry,Non_Veg_Mains,1,0,28,0,0.4,28.39,0,0,0.02,Ramadan,1,0.25,0.15,0,60,90,0
2025-03-05,Masala Fish Fry,Non_Veg_Mains,2,0,27,0,3.91,31.07,0,0,0.15,Ramadan,0,0.05,0.15,0,60,90,0
2025-03-06,Masala Fish Fry,Non_Veg_Mains,3,0,26,0,0.38,29.03,0,0,0.07,Ramadan,1,0.2,0.15,0,60,90,87
2025-03-07,Masala Fish Fry,Non_Veg_Mains,4,0,25,0,4.5,23.52,0,1,0.04,Ramadan,0,0.05,0.15,0,60,90,0
2025-03-08,Masala Fish Fry,Non_Veg_Mains,5,0,24,0,0.66,27.52,0,1,0.11,Ramadan,1,0.3,0.15,0,60,90,85
2025-03-09,Masala Fish Fry,Non_Veg_Mains,6,0,23,0,0.9,23.53,0,0,0.09,Ramadan,0,0.02,0.15,0,60,90,0
2025-03-10,Masala Fish Fry,Non_Veg_Mains,0,1,22,1,3.9,25.31,0,0,0.18,Ramadan,0,0.15,0.15,1,60,90,0
2025-03-11,Masala Fish Fry,Non_Veg_Mains,1,0,21,0,1.22,19.35,0,1,0.04,Ramadan,1,0.25,0.15,0,60,90,0
2025-03-12,Masala Fish Fry,Non_Veg_Mains,2,0,20,0,2.45,32.73,0,0,0.14,Ramadan,0,0.05,0.15,0,60,90,0
2025-03-13,Masala Fish Fry,Non_Veg_Mains,3,0,19,0,7.6,22.82,0,0,0.09,Ramadan,1,0.2,0.15,0,60,90,83
2025-03-14,Masala Fish Fry,Non_Veg_Mains,4,0,18,0,1.98,21.96,0,0,0.13,Ramadan,0,0.05,0.15,0,60,90,0
2025-03-15,Masala Fish Fry,Non_Veg_Mains,5,0,17,0,2.58,25.12,0,0,0.02,Ramadan,1,0.3,0.15,0,60,90,77
2025-03-16,Masala Fish Fry,Non_Veg_Mains,6,0,16,0,2.54,22.79,0,0,0.06,Ramadan,0,0.02,0.15,0,60,90,0
2025-03-17,Masala Fish Fry,Non_Veg_Mains,0,0,15,0,1.01,29.06,0,0,0.08,Ramadan,0,0.15,0.15,0,60,90,0
2025-03-18,Masala Fish Fry,Non_Veg_Mains,1,0,14,0,2.37,24.88,0,0,0.06,Ramadan,1,0.25,0.15,0,60,90,0
2025-03-19,Masala Fish Fry,Non_Veg_Mains,2,0,13,0,9.95,30.48,0,0,0.11,Ramadan,0,0.05,0.15,0,60,90,0
2025-03-20,Masala Fish Fry,Non_Veg_Mains,3,0,12,0,1.56,26.32,0,1,0.1,Ramadan,1,0.2,0.15,0,60,90,101
2025-03-21,Masala Fish Fry,Non_Veg_Mains,4,0,11,0,0.61,29.51,0,0,0.08,Ramadan,0,0.05,0.15,0,60,90,0
2025-03-22,Masala Fish Fry,Non_Veg_Mains,5,0,10,0,0.48,23.84,0,0,0.08,Ramadan,1,0.3,0.15,0,60,90,71
2025-03-23,Masala Fish Fry,Non_Veg_Mains,6,0,9,0,6.49,25.32,0,1,0.07,Ramadan,0,0.02,0.15,0,60,90,0
2025-03-24,Masala Fish Fry,Non_Veg_Mains,0,0,8,0,8.35,21.35,0,0,0.12,Ramadan,0,0.15,0.15,0,60,90,0
2025-03-25,Masala Fish Fry,Non_Veg_Mains,1,0,7,0,1.09,29.85,0,0,0.13,Ramadan,1,0.25,0.15,0,60,90,0
2025-03-26,Masala Fish Fry,Non_Veg_Mains,2,0,6,0,1.76,30.67,0,0,0.05,Ramadan,0,0.05,0.15,0,60,90,0
2025-03-27,Masala Fish Fry,Non_Veg_Mains,3,0,5,0,2.63,18.27,0,1,0.04,Ramadan,1,0.2,0.15,0,60,90,100
2025-03-28,Masala Fish Fry,Non_Veg_Mains,4,0,4,0,2.11,23.87,0,0,0.15,Ramadan,0,0.05,0.15,0,60,90,0
2025-03-29,Masala Fish Fry,Non_Veg_Mains,5,0,3,0,4.8,26.93,0,1,0.08,Ramadan,1,0.3,0.15,0,60,90,78
2025-03-30,Masala Fish Fry,Non_Veg_Mains,6,0,2,0,0.68,30.28,0,1,0.09,Ramadan,0,0.02,0.15,0,60,90,0
2025-03-31,Masala Fish Fry,Non_Veg_Mains,0,0,1,0,1.06,22.58,0,0,0.08,None,0,0.15,0.0,0,60,90,0
2025-04-01,Masala Fish Fry,Non_Veg_Mains,1,0,0,0,0.42,39.88,0,1,0.03,None,1,0.25,0.0,0,60,90,0
2025-04-02,Masala Fish Fry,Non_Veg_Mains,2,0,29,0,0.0,39.8,0,0,0.08,None,0,0.05,0.0,0,60,90,0
2025-04-03,Masala Fish Fry,Non_Veg_Mains,3,0,28,0,3.1,42.19,0,1,0.15,None,1,0.2,0.0,0,60,90,110
2025-04-04,Masala Fish Fry,Non_Veg_Mains,4,0,27,0,0.16,37.82,0,1,0.03,None,0,0.05,0.0,0,60,90,0
2025-04-05,Masala Fish Fry,Non_Veg_Mains,5,0,26,0,0.13,39.49,0,1,0.14,None,1,0.3,0.0,0,60,90,98
2025-04-06,Masala Fish Fry,Non_Veg_Mains,6,0,25,0,0.13,42.18,0,1,0.06,None,0,0.02,0.0,0,60,90,0
2025-04-07,Masala Fish Fry,Non_Veg_Mains,0,1,24,1,2.48,37.25,0,0,0.25,None,0,0.15,0.0,1,60,90,0
2025-04-08,Masala Fish Fry,Non_Veg_Mains,1,0,23,0,0.06,38.3,0,0,0.08,None,1,0.25,0.0,0,60,90,0
2025-04-09,Masala Fish Fry,Non_Veg_Mains,2,0,22,0,0.1,38.91,0,0,0.02,None,0,0.05,0.0,0,60,90,0
2025-04-10,Masala Fish Fry,Non_Veg_Mains,3,0,21,0,0.66,40.42,0,0,0.11,None,1,0.2,0.0,0,60,90,90
2025-04-11,Masala Fish Fry,Non_Veg_Mains,4,0,20,0,0.12,41.52,0,1,0.08,None,0,0.05,0.0,0,60,90,0
2025-04-12,Masala Fish Fry,Non_Veg_Mains,5,0,19,0,0.01,41.86,0,0,0.07,None,1,0.3,0.0,0,60,90,81
2025-04-13,Masala Fish Fry,Non_Veg_Mains,6,0,18,0,1.05,35.75,0,0,0.03,None,0,0.02,0.0,0,60,90,0
2025-04-14,Masala Fish Fry,Non_Veg_Mains,0,0,17,0,2.34,39.14,0,0,0.04,None,0,0.15,0.0,0,60,90,0
2025-04-15,Masala Fish Fry,Non_Veg_Mains,1,0,16,0,0.09,38.64,0,0,0.05,None,1,0.25,0.0,0,60,90,0
2025-04-16,Masala Fish Fry,Non_Veg_Mains,2,0,15,0,0.2,43.07,0,1,0.13,None,0,0.05,0.0,0,60,90,0
2025-04-17,Masala Fish Fry,Non_Veg_Mains,3,0,14,0,0.0,42.44,0,0,0.06,None,1,0.2,0.0,0,60,90,108
2025-04-18,Masala Fish Fry,Non_Veg_Mains,4,0,13,0,0.97,39.2,0,1,0.04,None,0,0.05,0.0,0,60,90,0
2025-04-19,Masala Fish Fry,Non_Veg_Mains,5,0,12,0,0.69,43.9,0,0,0.03,None,1,0.3,0.0,0,60,90,88
2025-04-20,Masala Fish Fry,Non_Veg_Mains,6,0,11,0,0.21,37.8,0,1,0.13,None,0,0.02,0.0,0,60,90,0
2025-04-21,Masala Fish Fry,Non_Veg_Mains,0,0,10,0,0.03,40.55,0,0,0.08,None,0,0.15,0.0,0,60,90,0
2025-04-22,Masala Fish Fry,Non_Veg_Mains,1,0,9,0,0.17,40.81,0,0,0.04,None,1,0.25,0.0,0,60,90,0
2025-04-23,Masala Fish Fry,Non_Veg_Mains,2,0,8,0,2.72,39.84,0,0,0.03,None,0,0.05,0.0,0,60,90,0
2025-04-24,Masala Fish Fry,Non_Veg_Mains,3,0,7,0,1.19,41.17,0,0,0.06,None,1,0.2,0.0,0,60,90,99
2025-04-25,Masala Fish Fry,Non_Veg_Mains,4,0,6,0,1.12,40.97,0,0,0.04,None,0,0.05,0.0,0,60,90,0
2025-04-26,Masala Fish Fry,Non_Veg_Mains,5,0,5,0,1.15,39.23,0,0,0.08,None,1,0.3,0.0,0,60,90,83
2025-04-27,Masala Fish Fry,Non_Veg_Mains,6,1,4,0,0.26,40.09,0,0,0.11,None,0,0.02,0.0,1,60,90,0
2025-04-28,Masala Fish Fry,Non_Veg_Mains,0,0,3,0,0.74,38.31,0,1,0.08,None,0,0.15,0.0,0,60,90,0
2025-04-29,Masala Fish Fry,Non_Veg_Mains,1,0,2,0,2.89,36.97,0,0,0.05,None,1,0.25,0.0,0,60,90,0
2025-04-30,Masala Fish Fry,Non_Veg_Mains,2,0,1,0,0.02,37.45,0,0,0.04,None,0,0.05,0.0,0,60,90,0
2025-05-01,Masala Fish Fry,Non_Veg_Mains,3,0,1,0,0.21,36.9,0,0,0.12,None,1,0.2,0.0,0,60,90,98
2025-05-02,Masala Fish Fry,Non_Veg_Mains,4,0,0,0,0.25,42.33,0,0,0.11,None,0,0.05,0.0,0,60,90,0
2025-05-03,Masala Fish Fry,Non_Veg_Mains,5,0,29,0,1.16,39.08,0,0,0.06,None,1,0.3,0.0,0,60,90,90
2025-05-04,Masala Fish Fry,Non_Veg_Mains,6,0,28,0,0.49,39.08,0,0,0.09,None,0,0.02,0.0,0,60,90,0
2025-05-05,Masala Fish Fry,Non_Veg_Mains,0,0,27,0,1.47,35.66,0,1,0.06,None,0,0.15,0.0,0,60,90,0
2025-05-06,Masala Fish Fry,Non_Veg_Mains,1,0,26,0,0.14,40.59,0,1,0.04,None,1,0.25,0.0,0,60,90,0
2025-05-07,Masala Fish Fry,Non_Veg_Mains,2,0,25,0,0.07,40.76,0,0,0.04,None,0,0.05,0.0,0,60,90,0
2025-05-08,Masala Fish Fry,Non_Veg_Mains,3,0,24,0,0.02,38.2,0,1,0.13,None,1,0.2,0.0,0,60,90,114
2025-05-09,Masala Fish Fry,Non_Veg_Mains,4,0,23,0,0.84,39.89,0,1,0.09,None,0,0.05,0.0,0,60,90,0
2025-05-10,Masala Fish Fry,Non_Veg_Mains,5,0,22,0,1.66,38.72,0,0,0.1,None,1,0.3,0.0,0,60,90,84
2025-05-11,Masala Fish Fry,Non_Veg_Mains,6,0,21,0,0.13,39.77,0,0,0.14,None,0,0.02,0.0,0,60,90,0
2025-05-12,Masala Fish Fry,Non_Veg_Mains,0,0,20,0,0.04,39.4,0,0,0.1,None,0,0.15,0.0,0,60,90,0
2025-05-13,Masala Fish Fry,Non_Veg_Mains,1,0,19,0,6.74,38.31,0,0,0.12,None,1,0.25,0.0,0,60,90,0
2025-05-14,Masala Fish Fry,Non_Veg_Mains,2,0,18,0,0.02,40.06,0,0,0.04,None,0,0.05,0.0,0,60,90,0
2025-05-15,Masala Fish Fry,Non_Veg_Mains,3,0,17,0,2.33,42.04,0,0,0.07,None,1,0.2,0.0,0,60,90,102
2025-05-16,Masala Fish Fry,Non_Veg_Mains,4,1,16,1,0.45,35.66,0,0,0.27,None,0,0.05,0.0,1,60,90,0
2025-05-17,Masala Fish Fry,Non_Veg_Mains,5,0,15,0,0.02,39.31,0,0,0.12,None,1,0.3,0.0,0,60,90,80
2025-05-18,Masala Fish Fry,Non_Veg_Mains,6,0,14,0,0.0,37.66,0,0,0.02,None,0,0.02,0.0,0,60,90,0
2025-05-19,Masala Fish Fry,Non_Veg_Mains,0,0,13,0,1.97,38.67,0,0,0.13,None,0,0.15,0.0,0,60,90,0
2025-05-20,Masala Fish Fry,Non_Veg_Mains,1,0,12,0,0.84,39.99,0,0,0.09,None,1,0.25,0.0,0,60,90,0
2025-05-21,Masala Fish Fry,Non_Veg_Mains,2,0,11,0,0.43,45.28,1,1,0.06,None,0,0.05,0.0,0,60,90,0
2025-05-22,Masala Fish Fry,Non_Veg_Mains,3,0,10,0,0.82,38.12,0,0,0.05,None,1,0.2,0.0,0,60,90,103
2025-05-23,Masala Fish Fry,Non_Veg_Mains,4,0,9,0,0.16,40.96,0,0,0.11,None,0,0.05,0.0,0,60,90,0
2025-05-24,Masala Fish Fry,Non_Veg_Mains,5,0,8,0,0.22,40.5,0,1,0.07,None,1,0.3,0.0,0,60,90,100
2025-05-25,Masala Fish Fry,Non_Veg_Mains,6,0,7,0,0.0,36.79,0,1,0.06,None,0,0.02,0.0,0,60,90,0
2025-05-26,Masala Fish Fry,Non_Veg_Mains,0,0,6,0,0.82,42.55,0,0,0.12,None,0,0.15,0.0,0,60,90,0
2025-05-27,Masala Fish Fry,Non_Veg_Mains,1,0,5,0,4.69,43.11,0,0,0.05,None,1,0.25,0.0,0,60,90,0
2025-05-28,Masala Fish Fry,Non_Veg_Mains,2,0,4,0,0.04,43.75,0,0,0.14,None,0,0.05,0.0,0,60,90,0
2025-05-29,Masala Fish Fry,Non_Veg_Mains,3,0,3,0,0.0,39.84,0,0,0.11,None,1,0.2,0.0,0,60,90,89
2025-05-30,Masala Fish Fry,Non_Veg_Mains,4,0,2,0,0.06,39.9,0,0,0.04,None,0,0.05,0.0,0,60,90,0
2025-05-31,Masala Fish Fry,Non_Veg_Mains,5,0,1,0,1.87,40.0,0,0,0.12,None,1,0.3,0.0,0,60,90,82
2025-06-01,Masala Fish Fry,Non_Veg_Mains,6,0,0,0,25.41,28.89,0,0,0.03,None,0,0.02,0.0,0,60,90,0
2025-06-02,Masala Fish Fry,Non_Veg_Mains,0,0,29,0,26.88,27.02,0,0,0.04,None,0,0.15,0.0,0,60,90,0
2025-06-03,Masala Fish Fry,Non_Veg_Mains,1,0,28,0,16.96,32.21,0,0,0.07,None,1,0.25,0.0,0,60,90,0
2025-06-04,Masala Fish Fry,Non_Veg_Mains,2,0,27,0,12.66,33.5,0,0,0.09,None,0,0.05,0.0,0,60,90,0
2025-06-05,Masala Fish Fry,Non_Veg_Mains,3,0,26,0,12.02,29.55,0,0,0.02,None,1,0.2,0.0,0,60,90,93
2025-06-06,Masala Fish Fry,Non_Veg_Mains,4,0,25,0,28.15,25.81,0,0,0.08,None,0,0.05,0.0,0,60,90,0
2025-06-07,Masala Fish Fry,Non_Veg_Mains,5,0,24,0,11.82,31.98,0,0,0.13,None,1,0.3,0.0,0,60,90,77
2025-06-08,Masala Fish Fry,Non_Veg_Mains,6,0,23,0,16.3,26.01,0,0,0.14,None,0,0.02,0.0,0,60,90,0
2025-06-09,Masala Fish Fry,Non_Veg_Mains,0,0,22,0,6.45,32.61,0,0,0.03,None,0,0.15,0.0,0,60,90,0
2025-06-10,Masala Fish Fry,Non_Veg_Mains,1,0,21,0,8.05,25.65,0,0,0.03,None,1,0.25,0.0,0,60,90,0
2025-06-11,Masala Fish Fry,Non_Veg_Mains,2,0,20,0,8.23,29.14,0,0,0.04,None,0,0.05,0.0,0,60,90,0
2025-06-12,Masala Fish Fry,Non_Veg_Mains,3,0,19,0,68.93,32.61,1,0,0.13,None,1,0.2,0.0,0,60,90,103
2025-06-13,Masala Fish Fry,Non_Veg_Mains,4,0,18,0,4.6,30.57,0,0,0.04,None,0,0.05,0.0,0,60,90,0
2025-06-14,Masala Fish Fry,Non_Veg_Mains,5,0,17,0,41.11,28.18,1,0,0.05,None,1,0.3,0.0,0,60,90,109
2025-06-15,Masala Fish Fry,Non_Veg_Mains,6,0,16,0,18.98,31.17,0,0,0.13,None,0,0.02,0.0,0,60,90,0
2025-06-16,Masala Fish Fry,Non_Veg_Mains,0,0,15,0,5.36,26.81,0,0,0.07,None,0,0.15,0.0,0,60,90,0
2025-06-17,Masala Fish Fry,Non_Veg_Mains,1,0,14,0,22.08,28.67,0,0,0.07,None,1,0.25,0.0,0,60,90,0
2025-06-18,Masala Fish Fry,Non_Veg_Mains,2,0,13,0,18.16,32.57,0,0,0.13,None,0,0.05,0.0,0,60,90,0
2025-06-19,Masala Fish Fry,Non_Veg_Mains,3,0,12,0,42.4,28.65,1,0,0.04,None,1,0.2,0.0,0,60,90,126
2025-06-20,Masala Fish Fry,Non_Veg_Mains,4,0,11,0,35.76,30.01,0,1,0.03,None,0,0.05,0.0,0,60,90,0
2025-06-21,Masala Fish Fry,Non_Veg_Mains,5,0,10,0,14.15,35.24,0,0,0.07,None,1,0.3,0.0,0,60,90,92
2025-06-22,Masala Fish Fry,Non_Veg_Mains,6,0,9,0,7.41,32.01,0,1,0.08,None,0,0.02,0.0,0,60,90,0
2025-06-23,Masala Fish Fry,Non_Veg_Mains,0,0,8,0,20.98,28.03,0,0,0.06,None,0,0.15,0.0,0,60,90,0
2025-06-24,Masala Fish Fry,Non_Veg_Mains,1,0,7,0,1.68,27.14,0,0,0.13,None,1,0.25,0.0,0,60,90,0
2025-06-25,Masala Fish Fry,Non_Veg_Mains,2,0,6,0,18.61,30.84,0,0,0.02,None,0,0.05,0.0,0,60,90,0
2025-06-26,Masala Fish Fry,Non_Veg_Mains,3,0,5,0,25.11,32.13,0,0,0.12,None,1,0.2,0.0,0,60,90,98
2025-06-27,Masala Fish Fry,Non_Veg_Mains,4,0,4,0,12.76,33.15,0,0,0.03,None,0,0.05,0.0,0,60,90,0
2025-06-28,Masala Fish Fry,Non_Veg_Mains,5,0,3,0,13.78,23.69,0,1,0.11,None,1,0.3,0.0,0,60,90,91
2025-06-29,Masala Fish Fry,Non_Veg_Mains,6,0,2,0,2.46,33.14,0,0,0.13,None,0,0.02,0.0,0,60,90,0
2025-06-30,Masala Fish Fry,Non_Veg_Mains,0,0,1,0,70.63,36.56,1,0,0.12,None,0,0.15,0.0,0,60,90,0
2025-07-01,Masala Fish Fry,Non_Veg_Mains,1,0,1,0,16.48,24.6,0,0,0.13,None,1,0.25,0.0,0,60,90,0
2025-07-02,Masala Fish Fry,Non_Veg_Mains,2,0,0,0,12.81,32.22,0,0,0.14,None,0,0.05,0.0,0,60,90,0
2025-07-03,Masala Fish Fry,Non_Veg_Mains,3,0,29,0,4.66,30.09,0,1,0.08,None,1,0.2,0.0,0,60,90,121
2025-07-04,Masala Fish Fry,Non_Veg_Mains,4,0,28,0,3.57,30.12,0,0,0.09,None,0,0.05,0.0,0,60,90,0
2025-07-05,Masala Fish Fry,Non_Veg_Mains,5,0,27,0,6.32,32.87,0,1,0.08,None,1,0.3,0.0,0,60,90,99
2025-07-06,Masala Fish Fry,Non_Veg_Mains,6,0,26,0,23.21,26.37,0,0,0.07,None,0,0.02,0.0,0,60,90,0
2025-07-07,Masala Fish Fry,Non_Veg_Mains,0,0,25,0,24.02,31.2,0,0,0.04,None,0,0.15,0.0,0,60,90,0
2025-07-08,Masala Fish Fry,Non_Veg_Mains,1,0,24,0,26.46,29.96,0,0,0.11,None,1,0.25,0.0,0,60,90,0
2025-07-09,Masala Fish Fry,Non_Veg_Mains,2,1,23,0,12.81,27.19,0,0,0.12,None,0,0.05,0.0,1,60,90,0
2025-07-10,Masala Fish Fry,Non_Veg_Mains,3,0,22,0,30.11,31.18,0,0,0.05,None,1,0.2,0.0,0,60,90,112
2025-07-11,Masala Fish Fry,Non_Veg_Mains,4,0,21,0,9.52,33.1,0,0,0.14,None,0,0.05,0.0,0,60,90,0
2025-07-12,Masala Fish Fry,Non_Veg_Mains,5,0,20,0,21.23,31.55,0,1,0.05,None,1,0.3,0.0,0,60,90,139
2025-07-13,Masala Fish Fry,Non_Veg_Mains,6,0,19,0,2.1,27.98,0,0,0.02,None,0,0.02,0.0,0,60,90,0
2025-07-14,Masala Fish Fry,Non_Veg_Mains,0,0,18,0,5.93,28.76,0,0,0.09,None,0,0.15,0.0,0,60,90,0
2025-07-15,Masala Fish Fry,Non_Veg_Mains,1,0,17,0,23.34,30.68,0,0,0.09,None,1,0.25,0.0,0,60,90,0
2025-07-16,Masala Fish Fry,Non_Veg_Mains,2,0,16,0,13.89,34.32,0,0,0.13,None,0,0.05,0.0,0,60,90,0
2025-07-17,Masala Fish Fry,Non_Veg_Mains,3,0,15,0,28.73,33.48,0,0,0.04,None,1,0.2,0.0,0,60,90,117
2025-07-18,Masala Fish Fry,Non_Veg_Mains,4,0,14,0,22.37,30.87,0,0,0.07,None,0,0.05,0.0,0,60,90,0
2025-07-19,Masala Fish Fry,Non_Veg_Mains,5,0,13,0,7.32,28.71,0,1,0.11,None,1,0.3,0.0,0,60,90,98
2025-07-20,Masala Fish Fry,Non_Veg_Mains,6,0,12,0,64.65,31.17,1,1,0.1,None,0,0.02,0.0,0,60,90,0
2025-07-21,Masala Fish Fry,Non_Veg_Mains,0,0,11,0,16.5,32.46,0,0,0.13,None,0,0.15,0.0,0,60,90,0
2025-07-22,Masala Fish Fry,Non_Veg_Mains,1,0,10,0,8.2,28.8,0,0,0.08,None,1,0.25,0.0,0,60,90,0
2025-07-23,Masala Fish Fry,Non_Veg_Mains,2,0,9,0,9.53,31.39,0,0,0.13,None,0,0.05,0.0,0,60,90,0
2025-07-24,Masala Fish Fry,Non_Veg_Mains,3,0,8,0,27.42,25.59,0,0,0.03,None,1,0.2,0.0,0,60,90,125
2025-07-25,Masala Fish Fry,Non_Veg_Mains,4,0,7,0,25.67,26.35,0,1,0.06,Shravan,0,0.4,0.02,0,60,90,0
2025-07-26,Masala Fish Fry,Non_Veg_Mains,5,0,6,0,7.4,30.24,0,0,0.14,Shravan,1,0.4,0.02,0,60,90,69
2025-07-27,Masala Fish Fry,Non_Veg_Mains,6,0,5,0,8.15,29.49,0,0,0.06,Shravan,0,0.4,0.02,0,60,90,0
2025-07-28,Masala Fish Fry,Non_Veg_Mains,0,1,4,1,13.53,25.47,0,1,0.2,Shravan,0,0.4,0.02,1,60,90,0
2025-07-29,Masala Fish Fry,Non_Veg_Mains,1,0,3,0,3.33,27.91,0,0,0.03,Shravan,1,0.4,0.02,0,60,90,0
2025-07-30,Masala Fish Fry,Non_Veg_Mains,2,0,2,0,31.43,27.99,0,1,0.05,Shravan,0,0.4,0.02,0,60,90,0
2025-07-31,Masala Fish Fry,Non_Veg_Mains,3,0,1,0,10.42,29.18,0,0,0.06,Shravan,1,0.4,0.02,0,60,90,74
2025-08-01,Masala Fish Fry,Non_Veg_Mains,4,0,1,0,36.62,25.1,0,0,0.06,Shravan,0,0.4,0.02,0,60,90,0
2025-08-02,Masala Fish Fry,Non_Veg_Mains,5,0,0,0,7.33,29.43,0,0,0.12,Shravan,1,0.4,0.02,0,60,90,64
2025-08-03,Masala Fish Fry,Non_Veg_Mains,6,0,29,0,15.27,34.33,0,0,0.14,Shravan,0,0.4,0.02,0,60,90,0
2025-08-04,Masala Fish Fry,Non_Veg_Mains,0,0,28,0,10.46,27.27,0,1,0.03,Shravan,0,0.4,0.02,0,60,90,0
2025-08-05,Masala Fish Fry,Non_Veg_Mains,1,0,27,0,12.49,26.1,0,0,0.03,Shravan,1,0.4,0.02,0,60,90,0
2025-08-06,Masala Fish Fry,Non_Veg_Mains,2,0,26,0,9.79,30.59,0,1,0.03,Shravan,0,0.4,0.02,0,60,90,0
2025-08-07,Masala Fish Fry,Non_Veg_Mains,3,0,25,0,17.87,25.41,0,1,0.08,Shravan,1,0.4,0.02,0,60,90,83
2025-08-08,Masala Fish Fry,Non_Veg_Mains,4,0,24,0,30.73,28.85,0,1,0.14,Shravan,0,0.4,0.02,0,60,90,0
2025-08-09,Masala Fish Fry,Non_Veg_Mains,5,0,23,0,5.54,29.47,0,0,0.14,Shravan,1,0.4,0.02,0,60,90,65
2025-08-10,Masala Fish Fry,Non_Veg_Mains,6,0,22,0,4.81,32.38,0,0,0.12,Shravan,0,0.4,0.02,0,60,90,0
2025-08-11,Masala Fish Fry,Non_Veg_Mains,0,0,21,0,9.76,32.27,0,0,0.07,Shravan,0,0.4,0.02,0,60,90,0
2025-08-12,Masala Fish Fry,Non_Veg_Mains,1,0,20,0,40.6,33.02,1,0,0.03,Shravan,1,0.4,0.02,0,60,90,0
2025-08-13,Masala Fish Fry,Non_Veg_Mains,2,0,19,0,16.51,34.76,0,1,0.13,Shravan,0,0.4,0.02,0,60,90,0
2025-08-14,Masala Fish Fry,Non_Veg_Mains,3,0,18,0,11.01,29.49,0,0,0.02,Shravan,1,0.4,0.02,0,60,90,84
2025-08-15,Masala Fish Fry,Non_Veg_Mains,4,0,17,0,23.19,22.85,0,1,0.1,Shravan,0,0.4,0.02,0,60,90,0
2025-08-16,Masala Fish Fry,Non_Veg_Mains,5,0,16,0,33.64,31.29,0,0,0.07,Shravan,1,0.4,0.02,0,60,90,85
2025-08-17,Masala Fish Fry,Non_Veg_Mains,6,0,15,0,28.08,30.19,0,1,0.06,Shravan,0,0.4,0.02,0,60,90,0
2025-08-18,Masala Fish Fry,Non_Veg_Mains,0,0,14,0,27.95,33.59,0,0,0.04,Shravan,0,0.4,0.02,0,60,90,0
2025-08-19,Masala Fish Fry,Non_Veg_Mains,1,0,13,0,9.44,27.66,0,0,0.04,Shravan,1,0.4,0.02,0,60,90,0
2025-08-20,Masala Fish Fry,Non_Veg_Mains,2,0,12,0,21.32,34.85,0,1,0.12,Shravan,0,0.4,0.02,0,60,90,0
2025-08-21,Masala Fish Fry,Non_Veg_Mains,3,0,11,0,32.23,33.67,0,0,0.08,Shravan,1,0.4,0.02,0,60,90,81
2025-08-22,Masala Fish Fry,Non_Veg_Mains,4,0,10,0,40.36,29.48,1,0,0.02,Shravan,0,0.4,0.02,0,60,90,0
2025-08-23,Masala Fish Fry,Non_Veg_Mains,5,0,9,0,34.21,26.86,0,1,0.05,Shravan,1,0.4,0.02,0,60,90,106
2025-08-24,Masala Fish Fry,Non_Veg_Mains,6,0,8,0,11.72,30.28,0,0,0.04,None,0,0.02,0.0,0,60,90,0
2025-08-25,Masala Fish Fry,Non_Veg_Mains,0,0,7,0,16.87,34.93,0,0,0.12,None,0,0.15,0.0,0,60,90,0
2025-08-26,Masala Fish Fry,Non_Veg_Mains,1,0,6,0,19.73,31.51,0,0,0.1,None,1,0.25,0.0,0,60,90,0
2025-08-27,Masala Fish Fry,Non_Veg_Mains,2,0,5,0,23.76,29.02,0,0,0.14,None,0,0.05,0.0,0,60,90,0
2025-08-28,Masala Fish Fry,Non_Veg_Mains,3,0,4,0,51.46,33.12,1,0,0.08,None,1,0.2,0.0,0,60,90,114
2025-08-29,Masala Fish Fry,Non_Veg_Mains,4,0,3,0,14.76,27.18,0,0,0.12,None,0,0.05,0.0,0,60,90,0
2025-08-30,Masala Fish Fry,Non_Veg_Mains,5,0,2,0,21.86,27.78,0,1,0.11,None,1,0.3,0.0,0,60,90,108
2025-08-31,Masala Fish Fry,Non_Veg_Mains,6,0,1,0,12.87,31.63,0,0,0.08,None,0,0.02,0.0,0,60,90,0
2025-09-01,Masala Fish Fry,Non_Veg_Mains,0,0,0,0,31.96,29.61,0,0,0.05,None,0,0.15,0.0,0,60,90,0
2025-09-02,Masala Fish Fry,Non_Veg_Mains,1,0,29,0,20.1,29.96,0,0,0.09,None,1,0.25,0.0,0,60,90,0
2025-09-03,Masala Fish Fry,Non_Veg_Mains,2,0,28,0,18.87,32.24,0,0,0.1,None,0,0.05,0.0,0,60,90,0
2025-09-04,Masala Fish Fry,Non_Veg_Mains,3,0,27,0,40.76,27.15,1,0,0.03,None,1,0.2,0.0,0,60,90,125
2025-09-05,Masala Fish Fry,Non_Veg_Mains,4,0,26,0,11.03,30.21,0,0,0.1,None,0,0.05,0.0,0,60,90,0
2025-09-06,Masala Fish Fry,Non_Veg_Mains,5,0,25,0,8.78,29.69,0,0,0.08,None,1,0.3,0.0,0,60,90,77
2025-09-07,Masala Fish Fry,Non_Veg_Mains,6,0,24,0,21.97,32.55,0,1,0.14,None,0,0.02,0.0,0,60,90,0
2025-09-08,Masala Fish Fry,Non_Veg_Mains,0,0,23,0,11.75,31.35,0,0,0.09,None,0,0.15,0.0,0,60,90,0
2025-09-09,Masala Fish Fry,Non_Veg_Mains,1,0,22,0,12.87,22.78,0,0,0.15,None,1,0.25,0.0,0,60,90,0
2025-09-10,Masala Fish Fry,Non_Veg_Mains,2,0,21,0,19.57,29.0,0,0,0.03,None,0,0.05,0.0,0,60,90,0
2025-09-11,Masala Fish Fry,Non_Veg_Mains,3,0,20,0,21.86,28.85,0,0,0.08,None,1,0.2,0.0,0,60,90,120
2025-09-12,Masala Fish Fry,Non_Veg_Mains,4,0,19,0,4.57,31.71,0,0,0.14,None,0,0.05,0.0,0,60,90,0
2025-09-13,Masala Fish Fry,Non_Veg_Mains,5,0,18,0,24.27,30.32,0,0,0.14,None,1,0.3,0.0,0,60,90,91
2025-09-14,Masala Fish Fry,Non_Veg_Mains,6,0,17,0,10.29,28.15,0,0,0.09,None,0,0.02,0.0,0,60,90,0
2025-09-15,Masala Fish Fry,Non_Veg_Mains,0,0,16,0,9.3,31.37,0,1,0.07,None,0,0.15,0.0,0,60,90,0
2025-09-16,Masala Fish Fry,Non_Veg_Mains,1,0,15,0,53.8,29.21,1,0,0.03,None,1,0.25,0.0,0,60,90,0
2025-09-17,Masala Fish Fry,Non_Veg_Mains,2,1,14,0,22.05,32.09,0,0,0.13,None,0,0.05,0.0,1,60,90,0
2025-09-18,Masala Fish Fry,Non_Veg_Mains,3,0,13,0,43.07,22.69,1,0,0.03,None,1,0.2,0.0,0,60,90,118
2025-09-19,Masala Fish Fry,Non_Veg_Mains,4,0,12,0,20.38,28.21,0,0,0.02,None,0,0.05,0.0,0,60,90,0
2025-09-20,Masala Fish Fry,Non_Veg_Mains,5,0,11,0,15.17,26.69,0,0,0.11,None,1,0.3,0.0,0,60,90,80
2025-09-21,Masala Fish Fry,Non_Veg_Mains,6,0,10,0,4.05,35.6,0,0,0.13,None,0,0.02,0.0,0,60,90,0
2025-09-22,Masala Fish Fry,Non_Veg_Mains,0,0,9,0,11.3,25.86,0,0,0.07,Navratri,0,0.45,0.05,0,60,90,0
2025-09-23,Masala Fish Fry,Non_Veg_Mains,1,0,8,0,4.47,29.46,0,0,0.14,Navratri,1,0.45,0.05,0,60,90,0
2025-09-24,Masala Fish Fry,Non_Veg_Mains,2,0,7,0,4.55,33.68,0,0,0.05,Navratri,0,0.45,0.05,0,60,90,0
2025-09-25,Masala Fish Fry,Non_Veg_Mains,3,0,6,0,3.94,35.02,0,0,0.08,Navratri,1,0.45,0.05,0,60,90,59
2025-09-26,Masala Fish Fry,Non_Veg_Mains,4,0,5,0,23.19,33.02,0,0,0.13,Navratri,0,0.45,0.05,0,60,90,0
2025-09-27,Masala Fish Fry,Non_Veg_Mains,5,0,4,0,14.78,33.18,0,0,0.08,Navratri,1,0.45,0.05,0,60,90,64
2025-09-28,Masala Fish Fry,Non_Veg_Mains,6,0,3,0,23.49,25.04,0,0,0.13,Navratri,0,0.45,0.05,0,60,90,0
2025-09-29,Masala Fish Fry,Non_Veg_Mains,0,0,2,0,26.44,30.25,0,0,0.1,Navratri,0,0.45,0.05,0,60,90,0
2025-09-30,Masala Fish Fry,Non_Veg_Mains,1,0,1,0,9.36,38.68,0,0,0.07,Navratri,1,0.45,0.05,0,60,90,0
2025-10-01,Masala Fish Fry,Non_Veg_Mains,2,0,1,0,0.27,27.83,0,0,0.05,Navratri,0,0.45,0.05,0,60,90,0
2025-10-02,Masala Fish Fry,Non_Veg_Mains,3,0,0,0,0.64,18.13,0,0,0.1,Navratri,1,0.45,0.05,0,60,90,63
2025-10-03,Masala Fish Fry,Non_Veg_Mains,4,0,29,0,3.25,33.83,0,0,0.04,None,0,0.05,0.0,0,60,90,0
2025-10-04,Masala Fish Fry,Non_Veg_Mains,5,0,28,0,0.36,28.18,0,0,0.09,None,1,0.3,0.0,0,60,90,86
2025-10-05,Masala Fish Fry,Non_Veg_Mains,6,0,27,0,7.45,20.19,0,0,0.11,None,0,0.02,0.0,0,60,90,0
2025-10-06,Masala Fish Fry,Non_Veg_Mains,0,0,26,0,0.64,31.98,0,1,0.11,None,0,0.15,0.0,0,60,90,0
2025-10-07,Masala Fish Fry,Non_Veg_Mains,1,0,25,0,0.62,27.56,0,0,0.06,None,1,0.25,0.0,0,60,90,0
2025-10-08,Masala Fish Fry,Non_Veg_Mains,2,0,24,0,1.16,29.4,0,0,0.04,None,0,0.05,0.0,0,60,90,0
2025-10-09,Masala Fish Fry,Non_Veg_Mains,3,0,23,0,6.94,24.7,0,0,0.06,None,1,0.2,0.0,0,60,90,97
2025-10-10,Masala Fish Fry,Non_Veg_Mains,4,0,22,0,1.79,25.61,0,0,0.08,None,0,0.05,0.0,0,60,90,0
2025-10-11,Masala Fish Fry,Non_Veg_Mains,5,0,21,0,1.16,22.14,0,0,0.03,None,1,0.3,0.0,0,60,90,94
2025-10-12,Masala Fish Fry,Non_Veg_Mains,6,0,20,0,1.94,23.58,0,0,0.12,None,0,0.02,0.0,0,60,90,0
2025-10-13,Masala Fish Fry,Non_Veg_Mains,0,0,19,0,6.14,29.74,0,0,0.13,None,0,0.15,0.0,0,60,90,0
2025-10-14,Masala Fish Fry,Non_Veg_Mains,1,1,18,0,0.23,34.28,0,0,0.03,None,1,0.25,0.0,1,60,90,0
2025-10-15,Masala Fish Fry,Non_Veg_Mains,2,0,17,0,0.23,20.63,0,1,0.05,None,0,0.05,0.0,0,60,90,0
2025-10-16,Masala Fish Fry,Non_Veg_Mains,3,0,16,0,17.13,30.21,0,0,0.1,None,1,0.2,0.0,0,60,90,93
2025-10-17,Masala Fish Fry,Non_Veg_Mains,4,0,15,0,2.31,19.81,0,0,0.03,None,0,0.05,0.0,0,60,90,0
2025-10-18,Masala Fish Fry,Non_Veg_Mains,5,0,14,0,0.02,26.21,0,0,0.14,None,1,0.3,0.0,0,60,90,83
2025-10-19,Masala Fish Fry,Non_Veg_Mains,6,0,13,0,3.28,25.91,0,0,0.1,None,0,0.02,0.0,0,60,90,0
2025-10-20,Masala Fish Fry,Non_Veg_Mains,0,0,12,0,1.08,26.42,0,0,0.04,None,0,0.15,0.0,0,60,90,0
2025-10-21,Masala Fish Fry,Non_Veg_Mains,1,0,11,0,6.67,28.53,0,0,0.1,None,1,0.25,0.0,0,60,90,0
2025-10-22,Masala Fish Fry,Non_Veg_Mains,2,0,10,0,1.0,21.71,0,0,0.09,None,0,0.05,0.0,0,60,90,0
2025-10-23,Masala Fish Fry,Non_Veg_Mains,3,0,9,0,1.25,25.11,0,0,0.08,None,1,0.2,0.0,0,60,90,104
2025-10-24,Masala Fish Fry,Non_Veg_Mains,4,0,8,0,1.68,33.84,0,0,0.11,None,0,0.05,0.0,0,60,90,0
2025-10-25,Masala Fish Fry,Non_Veg_Mains,5,0,7,0,3.81,23.24,0,0,0.05,None,1,0.3,0.0,0,60,90,89
2025-10-26,Masala Fish Fry,Non_Veg_Mains,6,0,6,0,7.09,17.24,0,0,0.07,None,0,0.02,0.0,0,60,90,0
2025-10-27,Masala Fish Fry,Non_Veg_Mains,0,0,5,0,0.67,19.63,0,1,0.04,None,0,0.15,0.0,0,60,90,0
2025-10-28,Masala Fish Fry,Non_Veg_Mains,1,0,4,0,2.52,22.09,0,0,0.13,None,1,0.25,0.0,0,60,90,0
2025-10-29,Masala Fish Fry,Non_Veg_Mains,2,0,3,0,1.08,24.93,0,0,0.12,None,0,0.05,0.0,0,60,90,0
2025-10-30,Masala Fish Fry,Non_Veg_Mains,3,0,2,0,0.17,23.49,0,0,0.02,None,1,0.2,0.0,0,60,90,97
2025-10-31,Masala Fish Fry,Non_Veg_Mains,4,0,1,0,5.48,25.35,0,0,0.1,None,0,0.05,0.0,0,60,90,0
2025-11-01,Masala Fish Fry,Non_Veg_Mains,5,0,0,0,0.33,17.55,0,1,0.05,None,1,0.3,0.0,0,60,90,114
2025-11-02,Masala Fish Fry,Non_Veg_Mains,6,0,29,0,2.02,25.07,0,1,0.11,None,0,0.02,0.0,0,60,90,0
2025-11-03,Masala Fish Fry,Non_Veg_Mains,0,0,28,0,0.14,21.5,0,1,0.04,None,0,0.15,0.0,0,60,90,0
2025-11-04,Masala Fish Fry,Non_Veg_Mains,1,0,27,0,0.01,15.53,0,0,0.11,None,1,0.25,0.0,0,60,90,0
2025-11-05,Masala Fish Fry,Non_Veg_Mains,2,0,26,0,8.46,27.64,0,1,0.12,None,0,0.05,0.0,0,60,90,0
2025-11-06,Masala Fish Fry,Non_Veg_Mains,3,0,25,0,0.91,25.11,0,0,0.07,None,1,0.2,0.0,0,60,90,103
2025-11-07,Masala Fish Fry,Non_Veg_Mains,4,0,24,0,1.44,26.07,0,0,0.1,None,0,0.05,0.0,0,60,90,0
2025-11-08,Masala Fish Fry,Non_Veg_Mains,5,0,23,0,6.73,33.14,0,1,0.04,None,1,0.3,0.0,0,60,90,103
2025-11-09,Masala Fish Fry,Non_Veg_Mains,6,0,22,0,0.96,24.69,0,1,0.15,None,0,0.02,0.0,0,60,90,0
2025-11-10,Masala Fish Fry,Non_Veg_Mains,0,0,21,0,7.64,28.24,0,0,0.05,None,0,0.15,0.0,0,60,90,0
2025-11-11,Masala Fish Fry,Non_Veg_Mains,1,0,20,0,4.6,30.72,0,1,0.11,None,1,0.25,0.0,0,60,90,0
2025-11-12,Masala Fish Fry,Non_Veg_Mains,2,0,19,0,0.71,23.6,0,0,0.14,None,0,0.05,0.0,0,60,90,0
2025-11-13,Masala Fish Fry,Non_Veg_Mains,3,0,18,0,4.24,28.11,0,0,0.11,None,1,0.2,0.0,0,60,90,89
2025-11-14,Masala Fish Fry,Non_Veg_Mains,4,0,17,0,1.92,21.73,0,1,0.08,None,0,0.05,0.0,0,60,90,0
2025-11-15,Masala Fish Fry,Non_Veg_Mains,5,0,16,0,5.25,23.11,0,0,0.09,None,1,0.3,0.0,0,60,90,85
2025-11-16,Masala Fish Fry,Non_Veg_Mains,6,0,15,0,0.95,24.06,0,1,0.07,None,0,0.02,0.0,0,60,90,0
2025-11-17,Masala Fish Fry,Non_Veg_Mains,0,0,14,0,1.23,27.5,0,0,0.08,None,0,0.15,0.0,0,60,90,0
2025-11-18,Masala Fish Fry,Non_Veg_Mains,1,0,13,0,1.72,17.14,0,0,0.12,None,1,0.25,0.0,0,60,90,0
2025-11-19,Masala Fish Fry,Non_Veg_Mains,2,0,12,0,1.38,17.08,0,0,0.05,None,0,0.05,0.0,0,60,90,0
2025-11-20,Masala Fish Fry,Non_Veg_Mains,3,0,11,0,0.16,33.39,0,1,0.09,None,1,0.2,0.0,0,60,90,123
2025-11-21,Masala Fish Fry,Non_Veg_Mains,4,1,10,1,1.48,26.35,0,0,0.27,None,0,0.05,0.0,1,60,90,0
2025-11-22,Masala Fish Fry,Non_Veg_Mains,5,0,9,0,2.08,21.12,0,0,0.12,None,1,0.3,0.0,0,60,90,83
2025-11-23,Masala Fish Fry,Non_Veg_Mains,6,0,8,0,0.38,19.84,0,0,0.04,None,0,0.02,0.0,0,60,90,0
2025-11-24,Masala Fish Fry,Non_Veg_Mains,0,0,7,0,3.43,24.39,0,1,0.09,None,0,0.15,0.0,0,60,90,0
2025-11-25,Masala Fish Fry,Non_Veg_Mains,1,0,6,0,9.04,24.07,0,0,0.09,None,1,0.25,0.0,0,60,90,0
2025-11-26,Masala Fish Fry,Non_Veg_Mains,2,0,5,0,9.87,18.33,0,0,0.07,None,0,0.05,0.0,0,60,90,0
2025-11-27,Masala Fish Fry,Non_Veg_Mains,3,0,4,0,5.08,32.32,0,1,0.08,None,1,0.2,0.0,0,60,90,112
2025-11-28,Masala Fish Fry,Non_Veg_Mains,4,0,3,0,0.12,23.24,0,1,0.09,None,0,0.05,0.0,0,60,90,0
2025-11-29,Masala Fish Fry,Non_Veg_Mains,5,0,2,0,1.42,20.84,0,0,0.11,None,1,0.3,0.0,0,60,90,89
2025-11-30,Masala Fish Fry,Non_Veg_Mains,6,0,1,0,0.41,20.47,0,0,0.06,None,0,0.02,0.0,0,60,90,0
2025-12-01,Masala Fish Fry,Non_Veg_Mains,0,0,1,0,1.05,26.19,0,0,0.13,None,0,0.15,0.0,0,60,90,0
2025-12-02,Masala Fish Fry,Non_Veg_Mains,1,0,0,0,0.68,21.02,0,0,0.12,None,1,0.25,0.0,0,60,90,0
2025-12-03,Masala Fish Fry,Non_Veg_Mains,2,0,29,0,2.98,26.89,0,0,0.02,None,0,0.05,0.0,0,60,90,0
2025-12-04,Masala Fish Fry,Non_Veg_Mains,3,0,28,0,7.33,19.93,0,1,0.05,None,1,0.2,0.0,0,60,90,124
2025-12-05,Masala Fish Fry,Non_Veg_Mains,4,0,27,0,5.09,22.22,0,0,0.11,None,0,0.05,0.0,0,60,90,0
2025-12-06,Masala Fish Fry,Non_Veg_Mains,5,0,26,0,0.22,27.36,0,0,0.09,None,1,0.3,0.0,0,60,90,77
2025-12-07,Masala Fish Fry,Non_Veg_Mains,6,0,25,0,1.75,27.0,0,0,0.03,None,0,0.02,0.0,0,60,90,0
2025-12-08,Masala Fish Fry,Non_Veg_Mains,0,0,24,0,0.09,26.94,0,0,0.11,None,0,0.15,0.0,0,60,90,0
2025-12-09,Masala Fish Fry,Non_Veg_Mains,1,0,23,0,1.94,18.78,0,0,0.13,None,1,0.25,0.0,0,60,90,0
2025-12-10,Masala Fish Fry,Non_Veg_Mains,2,0,22,0,0.69,24.94,0,0,0.03,None,0,0.05,0.0,0,60,90,0
2025-12-11,Masala Fish Fry,Non_Veg_Mains,3,0,21,0,4.62,26.92,0,0,0.14,None,1,0.2,0.0,0,60,90,93
2025-12-12,Masala Fish Fry,Non_Veg_Mains,4,0,20,0,0.59,27.01,0,0,0.13,None,0,0.05,0.0,0,60,90,0
2025-12-13,Masala Fish Fry,Non_Veg_Mains,5,0,19,0,5.74,26.85,0,0,0.05,None,1,0.3,0.0,0,60,90,90
2025-12-14,Masala Fish Fry,Non_Veg_Mains,6,0,18,0,0.8,23.36,0,0,0.09,None,0,0.02,0.0,0,60,90,0
2025-12-15,Masala Fish Fry,Non_Veg_Mains,0,0,17,0,2.61,20.03,0,0,0.04,None,0,0.15,0.0,0,60,90,0
2025-12-16,Masala Fish Fry,Non_Veg_Mains,1,0,16,0,0.89,21.02,0,0,0.15,None,1,0.25,0.0,0,60,90,0
2025-12-17,Masala Fish Fry,Non_Veg_Mains,2,0,15,0,9.6,28.67,0,0,0.1,None,0,0.05,0.0,0,60,90,0
2025-12-18,Masala Fish Fry,Non_Veg_Mains,3,0,14,0,2.63,16.08,0,0,0.02,None,1,0.2,0.0,0,60,90,99
2025-12-19,Masala Fish Fry,Non_Veg_Mains,4,1,13,1,1.29,16.48,0,0,0.17,None,0,0.05,0.0,1,60,90,0
2025-12-20,Masala Fish Fry,Non_Veg_Mains,5,0,12,0,0.78,22.18,0,1,0.06,None,1,0.3,0.0,0,60,90,105
2025-12-21,Masala Fish Fry,Non_Veg_Mains,6,0,11,0,9.77,23.74,0,0,0.1,None,0,0.02,0.0,0,60,90,0
2025-12-22,Masala Fish Fry,Non_Veg_Mains,0,0,10,0,0.59,27.49,0,1,0.04,None,0,0.15,0.0,0,60,90,0
2025-12-23,Masala Fish Fry,Non_Veg_Mains,1,0,9,0,8.7,26.51,0,0,0.14,None,1,0.25,0.0,0,60,90,0
2025-12-24,Masala Fish Fry,Non_Veg_Mains,2,0,8,0,16.28,26.94,0,0,0.08,None,0,0.05,0.0,0,60,90,0
2025-12-25,Masala Fish Fry,Non_Veg_Mains,3,0,7,0,0.27,24.62,0,0,0.1,None,1,0.2,0.0,0,60,90,96
2025-12-26,Masala Fish Fry,Non_Veg_Mains,4,0,6,0,0.29,18.71,0,0,0.13,None,0,0.05,0.0,0,60,90,0
2025-12-27,Masala Fish Fry,Non_Veg_Mains,5,0,5,0,1.66,25.84,0,0,0.06,None,1,0.3,0.0,0,60,90,93
2025-12-28,Masala Fish Fry,Non_Veg_Mains,6,0,4,0,1.15,28.74,0,0,0.14,None,0,0.02,0.0,0,60,90,0
2025-12-29,Masala Fish Fry,Non_Veg_Mains,0,0,3,0,2.31,23.98,0,0,0.08,None,0,0.15,0.0,0,60,90,0
2025-12-30,Masala Fish Fry,Non_Veg_Mains,1,0,2,0,2.34,23.63,0,0,0.04,None,1,0.25,0.0,0,60,90,0
2025-12-31,Masala Fish Fry,Non_Veg_Mains,2,0,1,0,4.89,20.74,0,0,0.12,None,0,0.05,0.0,0,60,90,0
2026-01-01,Masala Fish Fry,Non_Veg_Mains,3,0,1,0,1.56,23.12,0,0,0.12,None,1,0.2,0.0,0,60,90,95
2026-01-02,Masala Fish Fry,Non_Veg_Mains,4,0,0,0,1.99,27.96,0,0,0.14,None,0,0.05,0.0,0,60,90,0
2026-01-03,Masala Fish Fry,Non_Veg_Mains,5,0,29,0,1.01,27.64,0,0,0.11,None,1,0.3,0.0,0,60,90,82
2026-01-04,Masala Fish Fry,Non_Veg_Mains,6,0,28,0,6.49,24.21,0,0,0.13,None,0,0.02,0.0,0,60,90,0
2026-01-05,Masala Fish Fry,Non_Veg_Mains,0,0,27,0,1.55,25.96,0,0,0.09,None,0,0.15,0.0,0,60,90,0
2026-01-06,Masala Fish Fry,Non_Veg_Mains,1,0,26,0,5.92,24.33,0,0,0.11,None,1,0.25,0.0,0,60,90,0
2026-01-07,Masala Fish Fry,Non_Veg_Mains,2,0,25,0,14.96,28.97,0,0,0.05,None,0,0.05,0.0,0,60,90,0
2026-01-08,Masala Fish Fry,Non_Veg_Mains,3,0,24,0,3.36,27.83,0,0,0.02,None,1,0.2,0.0,0,60,90,106
2026-01-09,Masala Fish Fry,Non_Veg_Mains,4,0,23,0,2.8,29.67,0,0,0.06,None,0,0.05,0.0,0,60,90,0
2026-01-10,Masala Fish Fry,Non_Veg_Mains,5,0,22,0,3.8,17.96,0,0,0.05,None,1,0.3,0.0,0,60,90,96
2026-01-11,Masala Fish Fry,Non_Veg_Mains,6,0,21,0,0.51,15.7,0,1,0.08,None,0,0.02,0.0,0,60,90,0
2026-01-12,Masala Fish Fry,Non_Veg_Mains,0,0,20,0,0.87,27.01,0,1,0.14,None,0,0.15,0.0,0,60,90,0
2026-01-13,Masala Fish Fry,Non_Veg_Mains,1,0,19,0,0.03,32.3,0,1,0.04,None,1,0.25,0.0,0,60,90,0
2026-01-14,Masala Fish Fry,Non_Veg_Mains,2,0,18,0,0.76,23.8,0,0,0.05,None,0,0.05,0.0,0,60,90,0
2026-01-15,Masala Fish Fry,Non_Veg_Mains,3,0,17,0,1.91,27.96,0,1,0.06,None,1,0.2,0.0,0,60,90,130
2026-01-16,Masala Fish Fry,Non_Veg_Mains,4,0,16,0,0.21,25.12,0,0,0.12,None,0,0.05,0.0,0,60,90,0
2026-01-17,Masala Fish Fry,Non_Veg_Mains,5,0,15,0,2.24,27.81,0,0,0.06,None,1,0.3,0.0,0,60,90,86
2026-01-18,Masala Fish Fry,Non_Veg_Mains,6,0,14,0,1.55,22.59,0,0,0.04,None,0,0.02,0.0,0,60,90,0
2026-01-19,Masala Fish Fry,Non_Veg_Mains,0,1,13,1,1.49,31.77,0,0,0.21,None,0,0.15,0.0,1,60,90,0
2026-01-20,Masala Fish Fry,Non_Veg_Mains,1,0,12,0,0.4,25.92,0,0,0.05,None,1,0.25,0.0,0,60,90,0
2026-01-21,Masala Fish Fry,Non_Veg_Mains,2,0,11,0,0.06,22.44,0,0,0.09,None,0,0.05,0.0,0,60,90,0
2026-01-22,Masala Fish Fry,Non_Veg_Mains,3,0,10,0,2.44,22.16,0,0,0.14,None,1,0.2,0.0,0,60,90,89
2026-01-23,Masala Fish Fry,Non_Veg_Mains,4,0,9,0,1.11,28.19,0,0,0.08,None,0,0.05,0.0,0,60,90,0
2026-01-24,Masala Fish Fry,Non_Veg_Mains,5,0,8,0,0.45,26.21,0,0,0.08,None,1,0.3,0.0,0,60,90,93
2026-01-25,Masala Fish Fry,Non_Veg_Mains,6,0,7,0,1.97,24.44,0,1,0.11,None,0,0.02,0.0,0,60,90,0
2026-01-26,Masala Fish Fry,Non_Veg_Mains,0,0,6,0,3.19,23.75,0,0,0.1,None,0,0.15,0.0,0,60,90,0
2026-01-27,Masala Fish Fry,Non_Veg_Mains,1,0,5,0,1.49,19.67,0,0,0.06,None,1,0.25,0.0,0,60,90,0
2026-01-28,Masala Fish Fry,Non_Veg_Mains,2,0,4,0,2.1,28.08,0,0,0.09,None,0,0.05,0.0,0,60,90,0
2026-01-29,Masala Fish Fry,Non_Veg_Mains,3,0,3,0,1.73,23.08,0,0,0.08,None,1,0.2,0.0,0,60,90,98
2026-01-30,Masala Fish Fry,Non_Veg_Mains,4,0,2,0,2.11,22.23,0,1,0.13,None,0,0.05,0.0,0,60,90,0
2026-01-31,Masala Fish Fry,Non_Veg_Mains,5,0,1,0,7.47,26.57,0,0,0.14,None,1,0.3,0.0,0,60,90,74
2026-02-01,Masala Fish Fry,Non_Veg_Mains,6,0,28,0,0.1,28.98,0,0,0.11,None,0,0.02,0.0,0,60,90,0
2026-02-02,Masala Fish Fry,Non_Veg_Mains,0,0,27,0,11.81,23.88,0,0,0.06,None,0,0.15,0.0,0,60,90,0
2026-02-03,Masala Fish Fry,Non_Veg_Mains,1,0,26,0,4.55,27.37,0,0,0.1,None,1,0.25,0.0,0,60,90,0
2026-02-04,Masala Fish Fry,Non_Veg_Mains,2,0,25,0,0.26,26.3,0,0,0.09,None,0,0.05,0.0,0,60,90,0
2026-02-05,Masala Fish Fry,Non_Veg_Mains,3,0,24,0,0.51,23.28,0,0,0.1,None,1,0.2,0.0,0,60,90,93
2026-02-06,Masala Fish Fry,Non_Veg_Mains,4,0,23,0,2.82,22.21,0,1,0.07,None,0,0.05,0.0,0,60,90,0
2026-02-07,Masala Fish Fry,Non_Veg_Mains,5,0,22,0,1.08,23.79,0,1,0.12,None,1,0.3,0.0,0,60,90,103
2026-02-08,Masala Fish Fry,Non_Veg_Mains,6,0,21,0,2.82,19.53,0,1,0.05,None,0,0.02,0.0,0,60,90,0
2026-02-09,Masala Fish Fry,Non_Veg_Mains,0,0,20,0,2.54,31.92,0,0,0.04,None,0,0.15,0.0,0,60,90,0
2026-02-10,Masala Fish Fry,Non_Veg_Mains,1,0,19,0,3.1,27.45,0,0,0.12,None,1,0.25,0.0,0,60,90,0
2026-02-11,Masala Fish Fry,Non_Veg_Mains,2,0,18,0,1.42,18.95,0,0,0.06,None,0,0.05,0.0,0,60,90,0
2026-02-12,Masala Fish Fry,Non_Veg_Mains,3,1,17,0,0.34,32.08,0,0,0.1,None,1,0.2,0.0,1,60,90,9
2026-02-13,Masala Fish Fry,Non_Veg_Mains,4,0,16,0,1.01,35.89,0,0,0.03,None,0,0.05,0.0,0,60,90,0
2026-02-14,Masala Fish Fry,Non_Veg_Mains,5,0,15,0,2.19,29.39,0,0,0.15,None,1,0.3,0.0,0,60,90,84
2026-02-15,Masala Fish Fry,Non_Veg_Mains,6,0,14,0,1.82,22.73,0,1,0.12,None,0,0.02,0.0,0,60,90,0
2026-02-16,Masala Fish Fry,Non_Veg_Mains,0,0,13,0,1.52,27.32,0,0,0.13,None,0,0.15,0.0,0,60,90,0
2026-02-17,Masala Fish Fry,Non_Veg_Mains,1,1,12,0,5.88,22.14,0,0,0.14,Ramadan,1,0.25,0.15,1,60,90,0
2026-02-18,Masala Fish Fry,Non_Veg_Mains,2,0,11,0,0.88,15.09,0,0,0.02,Ramadan,0,0.05,0.15,0,60,90,0
2026-02-19,Masala Fish Fry,Non_Veg_Mains,3,0,10,0,3.85,27.81,0,0,0.06,Ramadan,1,0.2,0.15,0,60,90,89
2026-02-20,Masala Fish Fry,Non_Veg_Mains,4,0,9,0,1.53,20.25,0,0,0.08,Ramadan,0,0.05,0.15,0,60,90,0
2026-02-21,Masala Fish Fry,Non_Veg_Mains,5,0,8,0,8.27,27.75,0,0,0.09,Ramadan,1,0.3,0.15,0,60,90,69
2026-02-22,Masala Fish Fry,Non_Veg_Mains,6,0,7,0,0.76,23.22,0,0,0.14,Ramadan,0,0.02,0.15,0,60,90,0
2026-02-23,Masala Fish Fry,Non_Veg_Mains,0,1,6,1,8.33,22.7,0,1,0.28,Ramadan,0,0.15,0.15,1,60,90,0
2026-02-24,Masala Fish Fry,Non_Veg_Mains,1,0,5,0,3.71,26.98,0,1,0.05,Ramadan,1,0.25,0.15,0,60,90,0
2026-02-25,Masala Fish Fry,Non_Veg_Mains,2,0,4,0,3.25,24.15,0,0,0.07,Ramadan,0,0.05,0.15,0,60,90,0
2026-02-26,Masala Fish Fry,Non_Veg_Mains,3,0,3,0,1.58,33.11,0,0,0.04,Ramadan,1,0.2,0.15,0,60,90,94
2026-02-27,Masala Fish Fry,Non_Veg_Mains,4,0,2,0,7.19,29.31,0,0,0.12,Ramadan,0,0.05,0.15,0,60,90,0
2026-02-28,Masala Fish Fry,Non_Veg_Mains,5,0,1,0,0.95,21.01,0,1,0.02,Ramadan,1,0.3,0.15,0,60,90,89
2026-03-01,Masala Fish Fry,Non_Veg_Mains,6,0,1,0,2.48,24.96,0,0,0.03,Ramadan,0,0.02,0.15,0,60,90,0
2026-03-02,Masala Fish Fry,Non_Veg_Mains,0,0,0,0,9.23,26.75,0,0,0.12,Ramadan,0,0.15,0.15,0,60,90,0
2026-03-03,Masala Fish Fry,Non_Veg_Mains,1,0,29,0,2.74,28.02,0,0,0.09,Ramadan,1,0.25,0.15,0,60,90,0
2026-03-04,Masala Fish Fry,Non_Veg_Mains,2,0,28,0,0.2,25.68,0,0,0.02,Ramadan,0,0.05,0.15,0,60,90,0
2026-03-05,Masala Fish Fry,Non_Veg_Mains,3,0,27,0,1.55,23.88,0,1,0.07,Ramadan,1,0.2,0.15,0,60,90,99
2026-03-06,Masala Fish Fry,Non_Veg_Mains,4,0,26,0,0.06,24.96,0,0,0.06,Ramadan,0,0.05,0.15,0,60,90,0
2026-03-07,Masala Fish Fry,Non_Veg_Mains,5,0,25,0,2.02,32.57,0,0,0.05,Ramadan,1,0.3,0.15,0,60,90,79
2026-03-08,Masala Fish Fry,Non_Veg_Mains,6,0,24,0,0.83,22.02,0,0,0.12,Ramadan,0,0.02,0.15,0,60,90,0
2026-03-09,Masala Fish Fry,Non_Veg_Mains,0,0,23,0,1.05,26.97,0,0,0.04,Ramadan,0,0.15,0.15,0,60,90,0
2026-03-10,Masala Fish Fry,Non_Veg_Mains,1,0,22,0,1.03,21.82,0,0,0.02,Ramadan,1,0.25,0.15,0,60,90,0
2026-03-11,Masala Fish Fry,Non_Veg_Mains,2,0,21,0,5.62,27.81,0,1,0.07,Ramadan,0,0.05,0.15,0,60,90,0
2026-03-12,Masala Fish Fry,Non_Veg_Mains,3,0,20,0,8.91,23.91,0,0,0.13,Ramadan,1,0.2,0.15,0,60,90,77
2026-03-13,Masala Fish Fry,Non_Veg_Mains,4,0,19,0,0.54,22.59,0,0,0.05,Ramadan,0,0.05,0.15,0,60,90,0
2026-03-14,Masala Fish Fry,Non_Veg_Mains,5,0,18,0,4.9,30.8,0,0,0.05,Ramadan,1,0.3,0.15,0,60,90,74
2026-03-15,Masala Fish Fry,Non_Veg_Mains,6,0,17,0,4.22,22.53,0,1,0.11,Ramadan,0,0.02,0.15,0,60,90,0
2026-03-16,Masala Fish Fry,Non_Veg_Mains,0,0,16,0,3.0,32.93,0,0,0.13,Ramadan,0,0.15,0.15,0,60,90,0
2026-03-17,Masala Fish Fry,Non_Veg_Mains,1,0,15,0,0.24,27.13,0,0,0.13,Ramadan,1,0.25,0.15,0,60,90,0
2026-03-18,Masala Fish Fry,Non_Veg_Mains,2,0,14,0,1.01,29.83,0,0,0.09,Ramadan,0,0.05,0.15,0,60,90,0
2026-03-19,Masala Fish Fry,Non_Veg_Mains,3,0,13,0,6.27,20.77,0,0,0.02,Ramadan,1,0.2,0.15,0,60,90,78
2026-03-20,Masala Fish Fry,Non_Veg_Mains,4,0,12,0,7.31,23.9,0,0,0.14,None,0,0.05,0.0,0,60,90,0
2026-03-21,Masala Fish Fry,Non_Veg_Mains,5,0,11,0,3.48,12.88,0,0,0.09,None,1,0.3,0.0,0,60,90,78
2026-03-22,Masala Fish Fry,Non_Veg_Mains,6,0,10,0,0.51,25.65,0,0,0.12,None,0,0.02,0.0,0,60,90,0
2026-03-23,Masala Fish Fry,Non_Veg_Mains,0,0,9,0,7.75,18.14,0,0,0.1,None,0,0.15,0.0,0,60,90,0
2026-03-24,Masala Fish Fry,Non_Veg_Mains,1,0,8,0,5.19,29.67,0,0,0.11,None,1,0.25,0.0,0,60,90,0
2026-03-25,Masala Fish Fry,Non_Veg_Mains,2,0,7,0,0.0,21.72,0,0,0.05,None,0,0.05,0.0,0,60,90,0
2026-03-26,Masala Fish Fry,Non_Veg_Mains,3,0,6,0,1.79,20.97,0,0,0.13,None,1,0.2,0.0,0,60,90,94
2026-03-27,Masala Fish Fry,Non_Veg_Mains,4,0,5,0,3.45,28.35,0,0,0.12,None,0,0.05,0.0,0,60,90,0
2026-03-28,Masala Fish Fry,Non_Veg_Mains,5,0,4,0,1.88,27.82,0,0,0.14,None,1,0.3,0.0,0,60,90,74
2026-03-29,Masala Fish Fry,Non_Veg_Mains,6,0,3,0,6.89,25.09,0,0,0.07,None,0,0.02,0.0,0,60,90,0
2026-03-30,Masala Fish Fry,Non_Veg_Mains,0,0,2,0,9.37,25.35,0,0,0.09,None,0,0.15,0.0,0,60,90,0
2026-03-31,Masala Fish Fry,Non_Veg_Mains,1,0,1,0,1.02,25.64,0,0,0.03,None,1,0.25,0.0,0,60,90,0
2026-04-01,Masala Fish Fry,Non_Veg_Mains,2,0,0,0,0.56,37.27,0,0,0.1,None,0,0.05,0.0,0,60,90,0
2026-04-02,Masala Fish Fry,Non_Veg_Mains,3,0,29,0,0.39,39.19,0,0,0.02,None,1,0.2,0.0,0,60,90,97
2026-04-03,Masala Fish Fry,Non_Veg_Mains,4,0,28,0,0.22,41.22,0,0,0.14,None,0,0.05,0.0,0,60,90,0
2026-04-04,Masala Fish Fry,Non_Veg_Mains,5,0,27,0,0.51,40.94,0,0,0.13,None,1,0.3,0.0,0,60,90,86
2026-04-05,Masala Fish Fry,Non_Veg_Mains,6,0,26,0,0.49,36.95,0,0,0.03,None,0,0.02,0.0,0,60,90,0
2026-04-06,Masala Fish Fry,Non_Veg_Mains,0,0,25,0,0.04,36.56,0,1,0.04,None,0,0.15,0.0,0,60,90,0
2026-04-07,Masala Fish Fry,Non_Veg_Mains,1,0,24,0,0.14,38.82,0,0,0.06,None,1,0.25,0.0,0,60,90,0
2026-04-08,Masala Fish Fry,Non_Veg_Mains,2,0,23,0,1.35,40.74,0,0,0.15,None,0,0.05,0.0,0,60,90,0
2026-04-09,Masala Fish Fry,Non_Veg_Mains,3,0,22,0,0.3,36.85,0,0,0.13,None,1,0.2,0.0,0,60,90,94
2026-04-10,Masala Fish Fry,Non_Veg_Mains,4,0,21,0,0.98,38.3,0,0,0.14,None,0,0.05,0.0,0,60,90,0
2026-04-11,Masala Fish Fry,Non_Veg_Mains,5,0,20,0,0.21,43.01,0,0,0.09,None,1,0.3,0.0,0,60,90,82
2026-04-12,Masala Fish Fry,Non_Veg_Mains,6,0,19,0,0.1,41.29,0,0,0.1,None,0,0.02,0.0,0,60,90,0
2026-04-13,Masala Fish Fry,Non_Veg_Mains,0,0,18,0,0.19,41.93,0,0,0.11,None,0,0.15,0.0,0,60,90,0
2026-04-14,Masala Fish Fry,Non_Veg_Mains,1,0,17,0,0.01,40.2,0,0,0.06,None,1,0.25,0.0,0,60,90,0
2026-04-15,Masala Fish Fry,Non_Veg_Mains,2,0,16,0,0.29,39.19,0,1,0.08,None,0,0.05,0.0,0,60,90,0
2026-04-16,Masala Fish Fry,Non_Veg_Mains,3,0,15,0,1.93,38.32,0,0,0.11,None,1,0.2,0.0,0,60,90,91
2026-04-17,Masala Fish Fry,Non_Veg_Mains,4,0,14,0,0.07,38.32,0,0,0.08,None,0,0.05,0.0,0,60,90,0
2026-04-18,Masala Fish Fry,Non_Veg_Mains,5,0,13,0,0.43,38.39,0,0,0.04,None,1,0.3,0.0,0,60,90,92
2026-04-19,Masala Fish Fry,Non_Veg_Mains,6,0,12,0,0.19,41.62,0,0,0.02,None,0,0.02,0.0,0,60,90,0
2026-04-20,Masala Fish Fry,Non_Veg_Mains,0,0,11,0,4.52,41.99,0,0,0.08,None,0,0.15,0.0,0,60,90,0
2026-04-21,Masala Fish Fry,Non_Veg_Mains,1,0,10,0,7.38,40.27,0,1,0.05,None,1,0.25,0.0,0,60,90,0
2026-04-22,Masala Fish Fry,Non_Veg_Mains,2,0,9,0,0.36,44.4,0,1,0.07,None,0,0.05,0.0,0,60,90,0
2026-04-23,Masala Fish Fry,Non_Veg_Mains,3,0,8,0,0.59,39.19,0,0,0.09,None,1,0.2,0.0,0,60,90,98
2026-04-24,Masala Fish Fry,Non_Veg_Mains,4,0,7,0,4.41,41.23,0,0,0.04,None,0,0.05,0.0,0,60,90,0
2026-04-25,Masala Fish Fry,Non_Veg_Mains,5,0,6,0,0.03,41.62,0,1,0.11,None,1,0.3,0.0,0,60,90,93
2026-04-26,Masala Fish Fry,Non_Veg_Mains,6,0,5,0,1.44,39.94,0,0,0.08,None,0,0.02,0.0,0,60,90,0
2026-04-27,Masala Fish Fry,Non_Veg_Mains,0,0,4,0,0.05,39.42,0,0,0.13,None,0,0.15,0.0,0,60,90,0
2026-04-28,Masala Fish Fry,Non_Veg_Mains,1,0,3,0,0.27,44.44,0,1,0.03,None,1,0.25,0.0,0,60,90,0
2026-04-29,Masala Fish Fry,Non_Veg_Mains,2,0,2,0,0.22,39.93,0,1,0.09,None,0,0.05,0.0,0,60,90,0
2026-04-30,Masala Fish Fry,Non_Veg_Mains,3,0,1,0,0.02,38.64,0,0,0.11,None,1,0.2,0.0,0,60,90,99
2026-05-01,Masala Fish Fry,Non_Veg_Mains,4,0,1,0,0.01,40.24,0,0,0.06,None,0,0.05,0.0,0,60,90,0
2026-05-02,Masala Fish Fry,Non_Veg_Mains,5,0,0,0,0.02,41.71,0,0,0.13,None,1,0.3,0.0,0,60,90,85
2026-05-03,Masala Fish Fry,Non_Veg_Mains,6,0,29,0,0.06,39.32,0,0,0.14,None,0,0.02,0.0,0,60,90,0
2026-05-04,Masala Fish Fry,Non_Veg_Mains,0,0,28,0,0.38,39.28,0,1,0.1,None,0,0.15,0.0,0,60,90,0
2026-05-05,Masala Fish Fry,Non_Veg_Mains,1,0,27,0,0.18,39.36,0,0,0.11,None,1,0.25,0.0,0,60,90,0
2026-05-06,Masala Fish Fry,Non_Veg_Mains,2,0,26,0,0.15,41.18,0,0,0.07,None,0,0.05,0.0,0,60,90,0
2026-05-07,Masala Fish Fry,Non_Veg_Mains,3,0,25,0,0.99,43.05,0,0,0.09,None,1,0.2,0.0,0,60,90,94
2026-05-08,Masala Fish Fry,Non_Veg_Mains,4,0,24,0,0.04,40.65,0,1,0.14,None,0,0.05,0.0,0,60,90,0
2026-05-09,Masala Fish Fry,Non_Veg_Mains,5,0,23,0,5.49,42.34,0,0,0.14,None,1,0.3,0.0,0,60,90,76
2026-05-10,Masala Fish Fry,Non_Veg_Mains,6,0,22,0,2.0,39.34,0,1,0.04,None,0,0.02,0.0,0,60,90,0
2026-05-11,Masala Fish Fry,Non_Veg_Mains,0,0,21,0,0.06,42.23,0,0,0.1,None,0,0.15,0.0,0,60,90,0
2026-05-12,Masala Fish Fry,Non_Veg_Mains,1,0,20,0,0.22,39.26,0,0,0.04,None,1,0.25,0.0,0,60,90,0
2026-05-13,Masala Fish Fry,Non_Veg_Mains,2,0,19,0,3.25,41.48,0,0,0.03,None,0,0.05,0.0,0,60,90,0
2026-05-14,Masala Fish Fry,Non_Veg_Mains,3,0,18,0,0.34,42.72,0,0,0.08,None,1,0.2,0.0,0,60,90,94
2026-05-15,Masala Fish Fry,Non_Veg_Mains,4,0,17,0,0.7,40.82,0,0,0.12,None,0,0.05,0.0,0,60,90,0
2026-05-16,Masala Fish Fry,Non_Veg_Mains,5,1,16,0,0.15,41.96,0,0,0.03,None,1,0.3,0.0,1,60,90,8
2026-05-17,Masala Fish Fry,Non_Veg_Mains,6,0,15,0,1.23,39.99,0,0,0.05,None,0,0.02,0.0,0,60,90,0
2026-05-18,Masala Fish Fry,Non_Veg_Mains,0,0,14,0,1.25,42.27,0,0,0.15,None,0,0.15,0.0,0,60,90,0
2026-05-19,Masala Fish Fry,Non_Veg_Mains,1,0,13,0,0.2,38.31,0,0,0.02,None,1,0.25,0.0,0,60,90,0
2026-05-20,Masala Fish Fry,Non_Veg_Mains,2,0,12,0,0.12,39.28,0,1,0.08,None,0,0.05,0.0,0,60,90,0
2026-05-21,Masala Fish Fry,Non_Veg_Mains,3,0,11,0,0.0,40.65,0,0,0.09,None,1,0.2,0.0,0,60,90,96
2026-05-22,Masala Fish Fry,Non_Veg_Mains,4,0,10,0,1.66,41.43,0,0,0.13,None,0,0.05,0.0,0,60,90,0
2026-05-23,Masala Fish Fry,Non_Veg_Mains,5,0,9,0,1.79,38.53,0,1,0.13,None,1,0.3,0.0,0,60,90,94
2026-05-24,Masala Fish Fry,Non_Veg_Mains,6,0,8,0,0.03,39.95,0,0,0.09,None,0,0.02,0.0,0,60,90,0
2026-05-25,Masala Fish Fry,Non_Veg_Mains,0,0,7,0,1.52,42.82,0,0,0.08,None,0,0.15,0.0,0,60,90,0
2026-05-26,Masala Fish Fry,Non_Veg_Mains,1,0,6,0,2.84,40.69,0,0,0.02,None,1,0.25,0.0,0,60,90,0
2026-05-27,Masala Fish Fry,Non_Veg_Mains,2,0,5,0,0.08,40.7,0,0,0.04,None,0,0.05,0.0,0,60,90,0
2026-05-28,Masala Fish Fry,Non_Veg_Mains,3,0,4,0,0.84,40.93,0,0,0.04,None,1,0.2,0.0,0,60,90,109
2026-05-29,Masala Fish Fry,Non_Veg_Mains,4,0,3,0,1.04,40.07,0,0,0.12,None,0,0.05,0.0,0,60,90,0
2026-05-30,Masala Fish Fry,Non_Veg_Mains,5,0,2,0,0.45,40.31,0,0,0.12,None,1,0.3,0.0,0,60,90,81
2026-05-31,Masala Fish Fry,Non_Veg_Mains,6,0,1,0,0.14,37.03,0,0,0.12,None,0,0.02,0.0,0,60,90,0
2026-06-01,Masala Fish Fry,Non_Veg_Mains,0,0,0,0,79.14,33.46,1,0,0.14,None,0,0.15,0.0,0,60,90,0
2026-06-02,Masala Fish Fry,Non_Veg_Mains,1,0,29,0,21.71,29.85,0,1,0.08,None,1,0.25,0.0,0,60,90,0
2026-06-03,Masala Fish Fry,Non_Veg_Mains,2,0,28,0,26.79,29.41,0,0,0.03,None,0,0.05,0.0,0,60,90,0
2026-06-04,Masala Fish Fry,Non_Veg_Mains,3,0,27,0,16.8,31.26,0,1,0.07,None,1,0.2,0.0,0,60,90,118
2026-06-05,Masala Fish Fry,Non_Veg_Mains,4,0,26,0,20.57,30.84,0,0,0.05,None,0,0.05,0.0,0,60,90,0
2026-06-06,Masala Fish Fry,Non_Veg_Mains,5,1,25,0,21.55,28.11,0,0,0.05,None,1,0.3,0.0,1,60,90,11
2026-06-07,Masala Fish Fry,Non_Veg_Mains,6,0,24,0,7.69,31.54,0,0,0.07,None,0,0.02,0.0,0,60,90,0
2026-06-08,Masala Fish Fry,Non_Veg_Mains,0,0,23,0,8.64,32.37,0,0,0.08,None,0,0.15,0.0,0,60,90,0
2026-06-09,Masala Fish Fry,Non_Veg_Mains,1,0,22,0,8.26,29.25,0,1,0.14,None,1,0.25,0.0,0,60,90,0
2026-06-10,Masala Fish Fry,Non_Veg_Mains,2,0,21,0,16.76,32.76,0,1,0.08,None,0,0.05,0.0,0,60,90,0
2026-06-11,Masala Fish Fry,Non_Veg_Mains,3,0,20,0,32.12,29.79,0,0,0.15,None,1,0.2,0.0,0,60,90,108
2026-06-12,Masala Fish Fry,Non_Veg_Mains,4,0,19,0,60.44,36.62,1,0,0.08,None,0,0.05,0.0,0,60,90,0
2026-06-13,Masala Fish Fry,Non_Veg_Mains,5,1,18,0,11.54,31.84,0,0,0.04,None,1,0.3,0.0,1,60,90,8
2026-06-14,Masala Fish Fry,Non_Veg_Mains,6,0,17,0,24.68,32.67,0,0,0.09,None,0,0.02,0.0,0,60,90,0
2026-06-15,Masala Fish Fry,Non_Veg_Mains,0,0,16,0,23.17,28.7,0,1,0.07,None,0,0.15,0.0,0,60,90,0
2026-06-16,Masala Fish Fry,Non_Veg_Mains,1,0,15,0,25.43,31.29,0,0,0.11,None,1,0.25,0.0,0,60,90,0
2026-06-17,Masala Fish Fry,Non_Veg_Mains,2,0,14,0,3.21,29.19,0,0,0.09,None,0,0.05,0.0,0,60,90,0
2026-06-18,Masala Fish Fry,Non_Veg_Mains,3,0,13,0,6.63,33.37,0,1,0.04,None,1,0.2,0.0,0,60,90,122
2026-06-19,Masala Fish Fry,Non_Veg_Mains,4,0,12,0,15.58,32.51,0,0,0.05,None,0,0.05,0.0,0,60,90,0
2026-06-20,Masala Fish Fry,Non_Veg_Mains,5,0,11,0,12.14,37.38,0,0,0.02,None,1,0.3,0.0,0,60,90,97
2026-06-21,Masala Fish Fry,Non_Veg_Mains,6,0,10,0,53.55,30.33,1,0,0.09,None,0,0.02,0.0,0,60,90,0
2026-06-22,Masala Fish Fry,Non_Veg_Mains,0,0,9,0,63.95,35.92,1,1,0.08,None,0,0.15,0.0,0,60,90,0
2026-06-23,Masala Fish Fry,Non_Veg_Mains,1,0,8,0,18.38,28.23,0,0,0.03,None,1,0.25,0.0,0,60,90,0
2026-06-24,Masala Fish Fry,Non_Veg_Mains,2,0,7,0,20.64,30.57,0,1,0.13,None,0,0.05,0.0,0,60,90,0
2026-06-25,Masala Fish Fry,Non_Veg_Mains,3,0,6,0,48.11,29.52,1,0,0.11,None,1,0.2,0.0,0,60,90,109
2026-06-26,Masala Fish Fry,Non_Veg_Mains,4,0,5,0,27.66,27.09,0,1,0.14,None,0,0.05,0.0,0,60,90,0
2026-06-27,Masala Fish Fry,Non_Veg_Mains,5,0,4,0,16.46,24.03,0,0,0.14,None,1,0.3,0.0,0,60,90,85
2026-06-28,Masala Fish Fry,Non_Veg_Mains,6,0,3,0,25.88,28.74,0,0,0.1,None,0,0.02,0.0,0,60,90,0
2026-06-29,Masala Fish Fry,Non_Veg_Mains,0,0,2,0,20.21,32.63,0,0,0.13,None,0,0.15,0.0,0,60,90,0
2026-06-30,Masala Fish Fry,Non_Veg_Mains,1,0,1,0,28.92,30.06,0,0,0.04,None,1,0.25,0.0,0,60,90,0
2026-07-01,Masala Fish Fry,Non_Veg_Mains,2,1,1,0,33.05,31.35,0,0,0.09,None,0,0.05,0.0,1,60,90,0
2026-07-02,Masala Fish Fry,Non_Veg_Mains,3,0,0,0,15.2,27.49,0,0,0.14,None,1,0.2,0.0,0,60,90,93
2026-07-03,Masala Fish Fry,Non_Veg_Mains,4,0,29,0,36.68,34.06,0,0,0.09,None,0,0.05,0.0,0,60,90,0
2026-07-04,Masala Fish Fry,Non_Veg_Mains,5,0,28,0,33.33,28.27,0,1,0.05,None,1,0.3,0.0,0,60,90,128
2026-07-05,Masala Fish Fry,Non_Veg_Mains,6,0,27,0,14.17,24.54,0,0,0.12,None,0,0.02,0.0,0,60,90,0
2026-07-06,Masala Fish Fry,Non_Veg_Mains,0,0,26,0,28.18,30.47,0,1,0.08,None,0,0.15,0.0,0,60,90,0
2026-07-07,Masala Fish Fry,Non_Veg_Mains,1,0,25,0,51.55,33.75,1,0,0.04,None,1,0.25,0.0,0,60,90,0
2026-07-08,Masala Fish Fry,Non_Veg_Mains,2,0,24,0,28.87,26.63,0,0,0.14,None,0,0.05,0.0,0,60,90,0
2026-07-09,Masala Fish Fry,Non_Veg_Mains,3,0,23,0,6.09,31.81,0,0,0.05,None,1,0.2,0.0,0,60,90,98
2026-07-10,Masala Fish Fry,Non_Veg_Mains,4,0,22,0,10.11,30.46,0,0,0.1,None,0,0.05,0.0,0,60,90,0
2026-07-11,Masala Fish Fry,Non_Veg_Mains,5,0,21,0,4.75,31.25,0,0,0.12,None,1,0.3,0.0,0,60,90,80
2026-07-12,Masala Fish Fry,Non_Veg_Mains,6,0,20,0,27.16,28.1,0,0,0.07,None,0,0.02,0.0,0,60,90,0
2026-07-13,Masala Fish Fry,Non_Veg_Mains,0,0,19,0,13.02,33.14,0,0,0.05,None,0,0.15,0.0,0,60,90,0
2026-07-14,Masala Fish Fry,Non_Veg_Mains,1,0,18,0,36.34,28.13,0,1,0.04,None,1,0.25,0.0,0,60,90,0
2026-07-15,Masala Fish Fry,Non_Veg_Mains,2,0,17,0,13.42,27.81,0,0,0.14,None,0,0.05,0.0,0,60,90,0
2026-07-16,Masala Fish Fry,Non_Veg_Mains,3,0,16,0,27.61,31.92,0,1,0.11,None,1,0.2,0.0,0,60,90,126
2026-07-17,Masala Fish Fry,Non_Veg_Mains,4,1,15,1,16.55,30.18,0,0,0.29,None,0,0.05,0.0,1,60,90,0
2026-07-18,Masala Fish Fry,Non_Veg_Mains,5,0,14,0,12.96,31.58,0,0,0.14,None,1,0.3,0.0,0,60,90,85
2026-07-19,Masala Fish Fry,Non_Veg_Mains,6,0,13,0,9.17,28.82,0,0,0.14,None,0,0.02,0.0,0,60,90,0
2026-07-20,Masala Fish Fry,Non_Veg_Mains,0,0,12,0,2.85,31.23,0,1,0.06,None,0,0.15,0.0,0,60,90,0
2026-07-21,Masala Fish Fry,Non_Veg_Mains,1,0,11,0,38.78,35.42,0,1,0.06,None,1,0.25,0.0,0,60,90,0
2026-07-22,Masala Fish Fry,Non_Veg_Mains,2,0,10,0,21.47,37.52,0,0,0.06,None,0,0.05,0.0,0,60,90,0
2026-07-23,Masala Fish Fry,Non_Veg_Mains,3,0,9,0,8.64,31.84,0,0,0.07,None,1,0.2,0.0,0,60,90,96
2026-07-24,Masala Fish Fry,Non_Veg_Mains,4,0,8,0,25.36,30.66,0,1,0.03,None,0,0.05,0.0,0,60,90,0
2026-07-25,Masala Fish Fry,Non_Veg_Mains,5,0,7,0,27.92,27.63,0,1,0.07,None,1,0.3,0.0,0,60,90,124
2026-07-26,Masala Fish Fry,Non_Veg_Mains,6,0,6,0,12.48,34.4,0,1,0.05,None,0,0.02,0.0,0,60,90,0
2026-07-27,Masala Fish Fry,Non_Veg_Mains,0,0,5,0,5.88,31.53,0,0,0.03,None,0,0.15,0.0,0,60,90,0
2026-07-28,Masala Fish Fry,Non_Veg_Mains,1,0,4,0,2.6,38.67,0,1,0.04,None,1,0.25,0.0,0,60,90,0
2026-07-29,Masala Fish Fry,Non_Veg_Mains,2,0,3,0,37.37,32.52,0,1,0.12,None,0,0.05,0.0,0,60,90,0
2026-07-30,Masala Fish Fry,Non_Veg_Mains,3,0,2,0,30.41,31.15,0,0,0.1,None,1,0.2,0.0,0,60,90,108
2026-07-31,Masala Fish Fry,Non_Veg_Mains,4,0,1,0,31.24,31.27,0,0,0.04,None,0,0.05,0.0,0,60,90,0
2026-08-01,Masala Fish Fry,Non_Veg_Mains,5,0,1,0,21.26,36.11,0,1,0.05,Shravan,1,0.4,0.02,0,60,90,101
2026-08-02,Masala Fish Fry,Non_Veg_Mains,6,0,0,0,5.83,33.81,0,0,0.06,Shravan,0,0.4,0.02,0,60,90,0
2026-08-03,Masala Fish Fry,Non_Veg_Mains,0,0,29,0,50.85,31.99,1,0,0.07,Shravan,0,0.4,0.02,0,60,90,0
2026-08-04,Masala Fish Fry,Non_Veg_Mains,1,0,28,0,3.01,32.89,0,0,0.13,Shravan,1,0.4,0.02,0,60,90,0
2026-08-05,Masala Fish Fry,Non_Veg_Mains,2,0,27,0,19.96,29.8,0,0,0.07,Shravan,0,0.4,0.02,0,60,90,0
2026-08-06,Masala Fish Fry,Non_Veg_Mains,3,0,26,0,8.73,34.56,0,0,0.08,Shravan,1,0.4,0.02,0,60,90,64
2026-08-07,Masala Fish Fry,Non_Veg_Mains,4,0,25,0,30.82,31.62,0,1,0.06,Shravan,0,0.4,0.02,0,60,90,0
2026-08-08,Masala Fish Fry,Non_Veg_Mains,5,0,24,0,18.87,34.39,0,0,0.1,Shravan,1,0.4,0.02,0,60,90,75
2026-08-09,Masala Fish Fry,Non_Veg_Mains,6,0,23,0,12.07,32.33,0,0,0.08,Shravan,0,0.4,0.02,0,60,90,0
2026-08-10,Masala Fish Fry,Non_Veg_Mains,0,0,22,0,5.45,30.68,0,1,0.11,Shravan,0,0.4,0.02,0,60,90,0
2026-08-11,Masala Fish Fry,Non_Veg_Mains,1,0,21,0,40.16,31.05,1,0,0.11,Shravan,1,0.4,0.02,0,60,90,0
2026-08-12,Masala Fish Fry,Non_Veg_Mains,2,0,20,0,11.1,27.85,0,0,0.08,Shravan,0,0.4,0.02,0,60,90,0
2026-08-13,Masala Fish Fry,Non_Veg_Mains,3,0,19,0,21.04,30.2,0,0,0.11,Shravan,1,0.4,0.02,0,60,90,83
2026-08-14,Masala Fish Fry,Non_Veg_Mains,4,0,18,0,6.24,31.01,0,0,0.04,Shravan,0,0.4,0.02,0,60,90,0
2026-08-15,Masala Fish Fry,Non_Veg_Mains,5,0,17,0,10.57,25.95,0,0,0.14,Shravan,1,0.4,0.02,0,60,90,70
2026-08-16,Masala Fish Fry,Non_Veg_Mains,6,0,16,0,38.92,28.74,0,0,0.08,Shravan,0,0.4,0.02,0,60,90,0
2026-08-17,Masala Fish Fry,Non_Veg_Mains,0,0,15,0,3.35,24.56,0,1,0.05,Shravan,0,0.4,0.02,0,60,90,0
2026-08-18,Masala Fish Fry,Non_Veg_Mains,1,0,14,0,23.53,29.69,0,0,0.05,Shravan,1,0.4,0.02,0,60,90,0
2026-08-19,Masala Fish Fry,Non_Veg_Mains,2,0,13,0,13.01,26.12,0,1,0.09,Shravan,0,0.4,0.02,0,60,90,0
2026-08-20,Masala Fish Fry,Non_Veg_Mains,3,1,12,0,15.8,29.21,0,0,0.06,Shravan,1,0.4,0.02,1,60,90,7
2026-08-21,Masala Fish Fry,Non_Veg_Mains,4,0,11,0,6.4,31.87,0,0,0.04,Shravan,0,0.4,0.02,0,60,90,0
2026-08-22,Masala Fish Fry,Non_Veg_Mains,5,0,10,0,25.07,32.05,0,0,0.15,Shravan,1,0.4,0.02,0,60,90,79
2026-08-23,Masala Fish Fry,Non_Veg_Mains,6,0,9,0,2.25,29.93,0,0,0.11,Shravan,0,0.4,0.02,0,60,90,0
2026-08-24,Masala Fish Fry,Non_Veg_Mains,0,0,8,0,12.37,30.53,0,0,0.08,Shravan,0,0.4,0.02,0,60,90,0
2026-08-25,Masala Fish Fry,Non_Veg_Mains,1,0,7,0,25.19,28.28,0,0,0.13,Shravan,1,0.4,0.02,0,60,90,0
2026-08-26,Masala Fish Fry,Non_Veg_Mains,2,0,6,0,26.32,25.09,0,0,0.07,Shravan,0,0.4,0.02,0,60,90,0
2026-08-27,Masala Fish Fry,Non_Veg_Mains,3,0,5,0,26.85,25.36,0,0,0.03,Shravan,1,0.4,0.02,0,60,90,89
2026-08-28,Masala Fish Fry,Non_Veg_Mains,4,0,4,0,9.52,33.99,0,0,0.07,Shravan,0,0.4,0.02,0,60,90,0
2026-08-29,Masala Fish Fry,Non_Veg_Mains,5,0,3,0,13.92,35.0,0,0,0.08,Shravan,1,0.4,0.02,0,60,90,70
2026-08-30,Masala Fish Fry,Non_Veg_Mains,6,0,2,0,16.35,29.61,0,0,0.1,Shravan,0,0.4,0.02,0,60,90,0
2026-08-31,Masala Fish Fry,Non_Veg_Mains,0,0,1,0,23.97,24.17,0,0,0.13,Shravan,0,0.4,0.02,0,60,90,0
2026-09-01,Masala Fish Fry,Non_Veg_Mains,1,0,0,0,81.02,27.81,1,0,0.07,None,1,0.25,0.0,0,60,90,0
2026-09-02,Masala Fish Fry,Non_Veg_Mains,2,0,29,0,9.62,33.81,0,0,0.03,None,0,0.05,0.0,0,60,90,0
2026-09-03,Masala Fish Fry,Non_Veg_Mains,3,0,28,0,17.1,34.04,0,1,0.14,None,1,0.2,0.0,0,60,90,111
2026-09-04,Masala Fish Fry,Non_Veg_Mains,4,0,27,0,39.22,29.82,0,0,0.02,None,0,0.05,0.0,0,60,90,0
2026-09-05,Masala Fish Fry,Non_Veg_Mains,5,0,26,0,2.77,27.93,0,1,0.05,None,1,0.3,0.0,0,60,90,100
2026-09-06,Masala Fish Fry,Non_Veg_Mains,6,0,25,0,26.87,35.25,0,0,0.1,None,0,0.02,0.0,0,60,90,0
2026-09-07,Masala Fish Fry,Non_Veg_Mains,0,0,24,0,59.75,34.63,1,0,0.06,None,0,0.15,0.0,0,60,90,0
2026-09-08,Masala Fish Fry,Non_Veg_Mains,1,0,23,0,3.09,28.05,0,0,0.06,None,1,0.25,0.0,0,60,90,0
2026-09-09,Masala Fish Fry,Non_Veg_Mains,2,0,22,0,11.44,27.1,0,0,0.1,None,0,0.05,0.0,0,60,90,0
2026-09-10,Masala Fish Fry,Non_Veg_Mains,3,0,21,0,12.62,34.6,0,0,0.13,None,1,0.2,0.0,0,60,90,97
2026-09-11,Masala Fish Fry,Non_Veg_Mains,4,0,20,0,12.83,34.84,0,1,0.04,None,0,0.05,0.0,0,60,90,0
2026-09-12,Masala Fish Fry,Non_Veg_Mains,5,0,19,0,4.22,31.82,0,0,0.11,None,1,0.3,0.0,0,60,90,91
2026-09-13,Masala Fish Fry,Non_Veg_Mains,6,0,18,0,14.99,30.34,0,0,0.05,None,0,0.02,0.0,0,60,90,0
2026-09-14,Masala Fish Fry,Non_Veg_Mains,0,0,17,0,14.48,28.71,0,0,0.06,None,0,0.15,0.0,0,60,90,0
2026-09-15,Masala Fish Fry,Non_Veg_Mains,1,0,16,0,16.13,30.1,0,1,0.11,None,1,0.25,0.0,0,60,90,0
2026-09-16,Masala Fish Fry,Non_Veg_Mains,2,0,15,0,13.05,35.98,0,0,0.06,None,0,0.05,0.0,0,60,90,0
2026-09-17,Masala Fish Fry,Non_Veg_Mains,3,0,14,0,5.78,33.77,0,0,0.04,None,1,0.2,0.0,0,60,90,101
2026-09-18,Masala Fish Fry,Non_Veg_Mains,4,0,13,0,21.36,29.49,0,1,0.04,None,0,0.05,0.0,0,60,90,0
2026-09-19,Masala Fish Fry,Non_Veg_Mains,5,0,12,0,47.3,31.85,1,0,0.07,None,1,0.3,0.0,0,60,90,97
2026-09-20,Masala Fish Fry,Non_Veg_Mains,6,1,11,0,13.55,33.82,0,0,0.03,None,0,0.02,0.0,1,60,90,0
2026-09-21,Masala Fish Fry,Non_Veg_Mains,0,1,10,1,4.07,27.23,0,1,0.24,None,0,0.15,0.0,1,60,90,0
2026-09-22,Masala Fish Fry,Non_Veg_Mains,1,0,9,0,31.22,28.77,0,1,0.02,None,1,0.25,0.0,0,60,90,0
2026-09-23,Masala Fish Fry,Non_Veg_Mains,2,0,8,0,66.89,30.05,1,0,0.14,None,0,0.05,0.0,0,60,90,0
2026-09-24,Masala Fish Fry,Non_Veg_Mains,3,0,7,0,24.59,24.99,0,1,0.05,None,1,0.2,0.0,0,60,90,139
2026-09-25,Masala Fish Fry,Non_Veg_Mains,4,0,6,0,22.12,27.03,0,1,0.07,None,0,0.05,0.0,0,60,90,0
2026-09-26,Masala Fish Fry,Non_Veg_Mains,5,0,5,0,11.66,26.06,0,0,0.05,None,1,0.3,0.0,0,60,90,96
2026-09-27,Masala Fish Fry,Non_Veg_Mains,6,0,4,0,53.14,28.31,1,0,0.11,None,0,0.02,0.0,0,60,90,0
2026-09-28,Masala Fish Fry,Non_Veg_Mains,0,0,3,0,44.39,33.84,1,0,0.06,None,0,0.15,0.0,0,60,90,0
2026-09-29,Masala Fish Fry,Non_Veg_Mains,1,0,2,0,26.58,34.14,0,1,0.14,None,1,0.25,0.0,0,60,90,0
2026-09-30,Masala Fish Fry,Non_Veg_Mains,2,0,1,0,7.06,25.97,0,0,0.02,None,0,0.05,0.0,0,60,90,0
2026-10-01,Masala Fish Fry,Non_Veg_Mains,3,0,1,0,5.85,20.28,0,0,0.11,None,1,0.2,0.0,0,60,90,86
2026-10-02,Masala Fish Fry,Non_Veg_Mains,4,0,0,0,5.11,32.46,0,0,0.15,None,0,0.05,0.0,0,60,90,0
2026-10-03,Masala Fish Fry,Non_Veg_Mains,5,0,29,0,0.43,20.27,0,0,0.07,None,1,0.3,0.0,0,60,90,84
2026-10-04,Masala Fish Fry,Non_Veg_Mains,6,0,28,0,2.53,27.86,0,0,0.14,None,0,0.02,0.0,0,60,90,0
2026-10-05,Masala Fish Fry,Non_Veg_Mains,0,0,27,0,1.25,24.77,0,1,0.12,None,0,0.15,0.0,0,60,90,0
2026-10-06,Masala Fish Fry,Non_Veg_Mains,1,0,26,0,0.29,28.72,0,0,0.15,None,1,0.25,0.0,0,60,90,0
2026-10-07,Masala Fish Fry,Non_Veg_Mains,2,0,25,0,2.28,31.18,0,0,0.12,None,0,0.05,0.0,0,60,90,0
2026-10-08,Masala Fish Fry,Non_Veg_Mains,3,0,24,0,5.24,20.99,0,1,0.12,None,1,0.2,0.0,0,60,90,118
2026-10-09,Masala Fish Fry,Non_Veg_Mains,4,0,23,0,0.56,23.83,0,0,0.09,None,0,0.05,0.0,0,60,90,0
2026-10-10,Masala Fish Fry,Non_Veg_Mains,5,0,22,0,0.21,24.96,0,1,0.11,Navratri,1,0.45,0.05,0,60,90,64
2026-10-11,Masala Fish Fry,Non_Veg_Mains,6,0,21,0,7.83,21.67,0,0,0.05,Navratri,0,0.45,0.05,0,60,90,0
2026-10-12,Masala Fish Fry,Non_Veg_Mains,0,0,20,0,3.51,23.4,0,0,0.03,Navratri,0,0.45,0.05,0,60,90,0
2026-10-13,Masala Fish Fry,Non_Veg_Mains,1,0,19,0,0.29,24.3,0,0,0.05,Navratri,1,0.45,0.05,0,60,90,0
2026-10-14,Masala Fish Fry,Non_Veg_Mains,2,0,18,0,15.05,28.53,0,1,0.11,Navratri,0,0.45,0.05,0,60,90,0
2026-10-15,Masala Fish Fry,Non_Veg_Mains,3,0,17,0,2.38,29.15,0,0,0.05,Navratri,1,0.45,0.05,0,60,90,62
2026-10-16,Masala Fish Fry,Non_Veg_Mains,4,0,16,0,0.52,18.73,0,1,0.08,Navratri,0,0.45,0.05,0,60,90,0
2026-10-17,Masala Fish Fry,Non_Veg_Mains,5,0,15,0,2.28,24.04,0,0,0.06,Navratri,1,0.45,0.05,0,60,90,65
2026-10-18,Masala Fish Fry,Non_Veg_Mains,6,0,14,0,3.19,24.49,0,0,0.09,Navratri,0,0.45,0.05,0,60,90,0
2026-10-19,Masala Fish Fry,Non_Veg_Mains,0,1,13,1,9.64,28.01,0,1,0.18,Navratri,0,0.45,0.05,1,60,90,0
2026-10-20,Masala Fish Fry,Non_Veg_Mains,1,0,12,0,1.53,29.42,0,1,0.08,None,1,0.25,0.0,0,60,90,0
2026-10-21,Masala Fish Fry,Non_Veg_Mains,2,0,11,0,4.24,17.15,0,0,0.13,None,0,0.05,0.0,0,60,90,0
2026-10-22,Masala Fish Fry,Non_Veg_Mains,3,0,10,0,5.58,20.04,0,0,0.11,None,1,0.2,0.0,0,60,90,90
2026-10-23,Masala Fish Fry,Non_Veg_Mains,4,0,9,0,3.15,28.22,0,0,0.13,None,0,0.05,0.0,0,60,90,0
2026-10-24,Masala Fish Fry,Non_Veg_Mains,5,0,8,0,2.59,25.34,0,0,0.14,None,1,0.3,0.0,0,60,90,75
2026-10-25,Masala Fish Fry,Non_Veg_Mains,6,1,7,0,1.55,23.93,0,1,0.04,None,0,0.02,0.0,1,60,90,0
2026-10-26,Masala Fish Fry,Non_Veg_Mains,0,0,6,0,0.23,25.58,0,0,0.1,None,0,0.15,0.0,0,60,90,0
2026-10-27,Masala Fish Fry,Non_Veg_Mains,1,0,5,0,2.88,23.41,0,0,0.04,None,1,0.25,0.0,0,60,90,0
2026-10-28,Masala Fish Fry,Non_Veg_Mains,2,0,4,0,11.65,22.43,0,1,0.12,None,0,0.05,0.0,0,60,90,0
2026-10-29,Masala Fish Fry,Non_Veg_Mains,3,0,3,0,0.93,24.79,0,1,0.12,None,1,0.2,0.0,0,60,90,124
2026-10-30,Masala Fish Fry,Non_Veg_Mains,4,1,2,1,1.19,20.64,0,1,0.19,None,0,0.05,0.0,1,60,90,0
2026-10-31,Masala Fish Fry,Non_Veg_Mains,5,0,1,0,0.36,29.89,0,0,0.03,None,1,0.3,0.0,0,60,90,91
2026-11-01,Masala Fish Fry,Non_Veg_Mains,6,0,0,0,1.93,24.2,0,0,0.04,None,0,0.02,0.0,0,60,90,0
2026-11-02,Masala Fish Fry,Non_Veg_Mains,0,0,29,0,2.72,24.26,0,0,0.07,None,0,0.15,0.0,0,60,90,0
2026-11-03,Masala Fish Fry,Non_Veg_Mains,1,0,28,0,5.92,26.34,0,0,0.07,None,1,0.25,0.0,0,60,90,0
2026-11-04,Masala Fish Fry,Non_Veg_Mains,2,0,27,0,0.98,34.84,0,1,0.09,None,0,0.05,0.0,0,60,90,0
2026-11-05,Masala Fish Fry,Non_Veg_Mains,3,0,26,0,2.7,34.67,0,0,0.14,None,1,0.2,0.0,0,60,90,90
2026-11-06,Masala Fish Fry,Non_Veg_Mains,4,0,25,0,1.04,20.33,0,0,0.04,None,0,0.05,0.0,0,60,90,0
2026-11-07,Masala Fish Fry,Non_Veg_Mains,5,0,24,0,14.34,19.62,0,1,0.1,None,1,0.3,0.0,0,60,90,97
2026-11-08,Masala Fish Fry,Non_Veg_Mains,6,0,23,0,0.65,24.11,0,0,0.12,None,0,0.02,0.0,0,60,90,0
2026-11-09,Masala Fish Fry,Non_Veg_Mains,0,1,22,1,0.35,19.15,0,0,0.22,None,0,0.15,0.0,1,60,90,0
2026-11-10,Masala Fish Fry,Non_Veg_Mains,1,0,21,0,4.49,25.31,0,0,0.12,None,1,0.25,0.0,0,60,90,0
2026-11-11,Masala Fish Fry,Non_Veg_Mains,2,0,20,0,12.01,30.81,0,0,0.12,None,0,0.05,0.0,0,60,90,0
2026-11-12,Masala Fish Fry,Non_Veg_Mains,3,0,19,0,7.73,20.99,0,0,0.12,None,1,0.2,0.0,0,60,90,92
2026-11-13,Masala Fish Fry,Non_Veg_Mains,4,1,18,1,0.72,15.26,0,0,0.19,None,0,0.05,0.0,1,60,90,0
2026-11-14,Masala Fish Fry,Non_Veg_Mains,5,0,17,0,1.67,25.65,0,0,0.05,None,1,0.3,0.0,0,60,90,89
2026-11-15,Masala Fish Fry,Non_Veg_Mains,6,0,16,0,8.66,17.98,0,0,0.14,None,0,0.02,0.0,0,60,90,0
2026-11-16,Masala Fish Fry,Non_Veg_Mains,0,0,15,0,1.3,29.53,0,0,0.07,None,0,0.15,0.0,0,60,90,0
2026-11-17,Masala Fish Fry,Non_Veg_Mains,1,0,14,0,4.59,26.82,0,1,0.13,None,1,0.25,0.0,0,60,90,0
2026-11-18,Masala Fish Fry,Non_Veg_Mains,2,0,13,0,3.23,25.01,0,0,0.06,None,0,0.05,0.0,0,60,90,0
2026-11-19,Masala Fish Fry,Non_Veg_Mains,3,0,12,0,0.87,20.63,0,0,0.09,None,1,0.2,0.0,0,60,90,99
2026-11-20,Masala Fish Fry,Non_Veg_Mains,4,0,11,0,4.47,29.72,0,0,0.1,None,0,0.05,0.0,0,60,90,0
2026-11-21,Masala Fish Fry,Non_Veg_Mains,5,0,10,0,0.15,21.45,0,0,0.07,None,1,0.3,0.0,0,60,90,85
2026-11-22,Masala Fish Fry,Non_Veg_Mains,6,0,9,0,2.08,27.54,0,0,0.08,None,0,0.02,0.0,0,60,90,0
2026-11-23,Masala Fish Fry,Non_Veg_Mains,0,0,8,0,3.27,20.47,0,1,0.13,None,0,0.15,0.0,0,60,90,0
2026-11-24,Masala Fish Fry,Non_Veg_Mains,1,0,7,0,1.59,21.65,0,0,0.15,None,1,0.25,0.0,0,60,90,0
2026-11-25,Masala Fish Fry,Non_Veg_Mains,2,0,6,0,11.44,20.41,0,0,0.11,None,0,0.05,0.0,0,60,90,0
2026-11-26,Masala Fish Fry,Non_Veg_Mains,3,0,5,0,12.8,18.64,0,1,0.08,None,1,0.2,0.0,0,60,90,121
2026-11-27,Masala Fish Fry,Non_Veg_Mains,4,0,4,0,7.33,22.96,0,0,0.04,None,0,0.05,0.0,0,60,90,0
2026-11-28,Masala Fish Fry,Non_Veg_Mains,5,0,3,0,0.05,22.71,0,0,0.05,None,1,0.3,0.0,0,60,90,86
2026-11-29,Masala Fish Fry,Non_Veg_Mains,6,0,2,0,13.85,22.11,0,0,0.05,None,0,0.02,0.0,0,60,90,0
2026-11-30,Masala Fish Fry,Non_Veg_Mains,0,0,1,0,1.04,29.89,0,0,0.05,None,0,0.15,0.0,0,60,90,0
2026-12-01,Masala Fish Fry,Non_Veg_Mains,1,0,1,0,4.03,23.07,0,0,0.05,None,1,0.25,0.0,0,60,90,0
2026-12-02,Masala Fish Fry,Non_Veg_Mains,2,0,0,0,0.23,20.6,0,1,0.11,None,0,0.05,0.0,0,60,90,0
2026-12-03,Masala Fish Fry,Non_Veg_Mains,3,1,29,0,3.28,31.0,0,1,0.05,None,1,0.2,0.0,1,60,90,12
2026-12-04,Masala Fish Fry,Non_Veg_Mains,4,0,28,0,1.89,24.85,0,0,0.03,None,0,0.05,0.0,0,60,90,0
2026-12-05,Masala Fish Fry,Non_Veg_Mains,5,0,27,0,0.04,24.82,0,0,0.1,None,1,0.3,0.0,0,60,90,80
2026-12-06,Masala Fish Fry,Non_Veg_Mains,6,0,26,0,3.25,23.2,0,0,0.05,None,0,0.02,0.0,0,60,90,0
2026-12-07,Masala Fish Fry,Non_Veg_Mains,0,0,25,0,3.09,21.62,0,1,0.08,None,0,0.15,0.0,0,60,90,0
2026-12-08,Masala Fish Fry,Non_Veg_Mains,1,0,24,0,6.39,26.33,0,0,0.12,None,1,0.25,0.0,0,60,90,0
2026-12-09,Masala Fish Fry,Non_Veg_Mains,2,0,23,0,3.87,25.48,0,0,0.15,None,0,0.05,0.0,0,60,90,0
2026-12-10,Masala Fish Fry,Non_Veg_Mains,3,0,22,0,0.11,16.03,0,0,0.12,None,1,0.2,0.0,0,60,90,91
2026-12-11,Masala Fish Fry,Non_Veg_Mains,4,0,21,0,0.7,27.35,0,0,0.14,None,0,0.05,0.0,0,60,90,0
2026-12-12,Masala Fish Fry,Non_Veg_Mains,5,0,20,0,0.23,31.99,0,0,0.06,None,1,0.3,0.0,0,60,90,86
2026-12-13,Masala Fish Fry,Non_Veg_Mains,6,0,19,0,2.78,23.73,0,0,0.05,None,0,0.02,0.0,0,60,90,0
2026-12-14,Masala Fish Fry,Non_Veg_Mains,0,0,18,0,0.51,30.51,0,1,0.14,None,0,0.15,0.0,0,60,90,0
2026-12-15,Masala Fish Fry,Non_Veg_Mains,1,0,17,0,2.57,24.71,0,0,0.03,None,1,0.25,0.0,0,60,90,0
2026-12-16,Masala Fish Fry,Non_Veg_Mains,2,0,16,0,1.59,21.4,0,0,0.07,None,0,0.05,0.0,0,60,90,0
2026-12-17,Masala Fish Fry,Non_Veg_Mains,3,0,15,0,1.51,21.06,0,0,0.06,None,1,0.2,0.0,0,60,90,96
2026-12-18,Masala Fish Fry,Non_Veg_Mains,4,0,14,0,2.32,22.33,0,0,0.11,None,0,0.05,0.0,0,60,90,0
2026-12-19,Masala Fish Fry,Non_Veg_Mains,5,0,13,0,1.16,23.17,0,0,0.03,None,1,0.3,0.0,0,60,90,86
2026-12-20,Masala Fish Fry,Non_Veg_Mains,6,0,12,0,4.1,29.06,0,0,0.11,None,0,0.02,0.0,0,60,90,0
2026-12-21,Masala Fish Fry,Non_Veg_Mains,0,0,11,0,3.44,27.62,0,0,0.1,None,0,0.15,0.0,0,60,90,0
2026-12-22,Masala Fish Fry,Non_Veg_Mains,1,0,10,0,8.24,26.39,0,0,0.08,None,1,0.25,0.0,0,60,90,0
2026-12-23,Masala Fish Fry,Non_Veg_Mains,2,0,9,0,0.6,24.18,0,0,0.04,None,0,0.05,0.0,0,60,90,0
2026-12-24,Masala Fish Fry,Non_Veg_Mains,3,0,8,0,0.23,28.47,0,0,0.09,None,1,0.2,0.0,0,60,90,98
2026-12-25,Masala Fish Fry,Non_Veg_Mains,4,0,7,0,0.74,29.94,0,0,0.1,None,0,0.05,0.0,0,60,90,0
2026-12-26,Masala Fish Fry,Non_Veg_Mains,5,0,6,0,7.7,28.2,0,0,0.08,None,1,0.3,0.0,0,60,90,87
2026-12-27,Masala Fish Fry,Non_Veg_Mains,6,0,5,0,0.09,24.18,0,0,0.11,None,0,0.02,0.0,0,60,90,0
2026-12-28,Masala Fish Fry,Non_Veg_Mains,0,0,4,0,0.49,20.07,0,0,0.12,None,0,0.15,0.0,0,60,90,0
2026-12-29,Masala Fish Fry,Non_Veg_Mains,1,0,3,0,3.79,20.31,0,0,0.08,None,1,0.25,0.0,0,60,90,0
2026-12-30,Masala Fish Fry,Non_Veg_Mains,2,0,2,0,3.42,25.31,0,1,0.04,None,0,0.05,0.0,0,60,90,0
2024-01-01,Mudda Pappu,Veg_Mains,0,0,1,0,9.03,27.59,0,0,0.04,None,0,0.15,0.0,0,15,25,191
2024-01-02,Mudda Pappu,Veg_Mains,1,0,0,0,0.61,25.97,0,0,0.06,None,1,0.25,0.0,0,15,25,0
2024-01-03,Mudda Pappu,Veg_Mains,2,0,29,0,4.61,19.35,0,0,0.09,None,0,0.05,0.0,0,15,25,150
2024-01-04,Mudda Pappu,Veg_Mains,3,0,28,0,1.74,23.83,0,0,0.08,None,1,0.2,0.0,0,15,25,0
2024-01-05,Mudda Pappu,Veg_Mains,4,0,27,0,0.61,27.95,0,0,0.05,None,0,0.05,0.0,0,15,25,148
2024-01-06,Mudda Pappu,Veg_Mains,5,0,26,0,1.32,22.12,0,0,0.09,None,1,0.3,0.0,0,15,25,0
2024-01-07,Mudda Pappu,Veg_Mains,6,0,25,0,0.23,28.73,0,0,0.04,None,0,0.02,0.0,0,15,25,160
2024-01-08,Mudda Pappu,Veg_Mains,0,0,24,0,3.04,20.22,0,1,0.08,None,0,0.15,0.0,0,15,25,215
2024-01-09,Mudda Pappu,Veg_Mains,1,0,23,0,1.67,31.26,0,0,0.03,None,1,0.25,0.0,0,15,25,0
2024-01-10,Mudda Pappu,Veg_Mains,2,0,22,0,0.86,30.91,0,0,0.03,None,0,0.05,0.0,0,15,25,165
2024-01-11,Mudda Pappu,Veg_Mains,3,0,21,0,0.62,25.39,0,1,0.14,None,1,0.2,0.0,0,15,25,0
2024-01-12,Mudda Pappu,Veg_Mains,4,0,20,0,5.91,19.15,0,0,0.09,None,0,0.05,0.0,0,15,25,141
2024-01-13,Mudda Pappu,Veg_Mains,5,0,19,0,1.17,32.54,0,0,0.15,None,1,0.3,0.0,0,15,25,0
2024-01-14,Mudda Pappu,Veg_Mains,6,0,18,0,0.98,24.23,0,0,0.08,None,0,0.02,0.0,0,15,25,161
2024-01-15,Mudda Pappu,Veg_Mains,0,0,17,0,3.0,27.35,0,0,0.13,None,0,0.15,0.0,0,15,25,162
2024-01-16,Mudda Pappu,Veg_Mains,1,0,16,0,0.05,18.8,0,0,0.04,None,1,0.25,0.0,0,15,25,0
2024-01-17,Mudda Pappu,Veg_Mains,2,0,15,0,6.3,23.71,0,0,0.11,None,0,0.05,0.0,0,15,25,143
2024-01-18,Mudda Pappu,Veg_Mains,3,0,14,0,1.29,28.13,0,0,0.14,None,1,0.2,0.0,0,15,25,0
2024-01-19,Mudda Pappu,Veg_Mains,4,0,13,0,6.86,26.17,0,0,0.04,None,0,0.05,0.0,0,15,25,154
2024-01-20,Mudda Pappu,Veg_Mains,5,0,12,0,0.81,27.63,0,0,0.12,None,1,0.3,0.0,0,15,25,0
2024-01-21,Mudda Pappu,Veg_Mains,6,0,11,0,0.84,21.99,0,1,0.07,None,0,0.02,0.0,0,15,25,189
2024-01-22,Mudda Pappu,Veg_Mains,0,0,10,0,3.85,35.88,0,0,0.02,None,0,0.15,0.0,0,15,25,185
2024-01-23,Mudda Pappu,Veg_Mains,1,1,9,0,5.75,24.71,0,0,0.07,None,1,0.25,0.0,1,15,25,0
2024-01-24,Mudda Pappu,Veg_Mains,2,0,8,0,3.57,21.46,0,0,0.15,None,0,0.05,0.0,0,15,25,140
2024-01-25,Mudda Pappu,Veg_Mains,3,0,7,0,3.64,19.49,0,1,0.13,None,1,0.2,0.0,0,15,25,0
2024-01-26,Mudda Pappu,Veg_Mains,4,0,6,0,4.77,29.54,0,1,0.06,None,0,0.05,0.0,0,15,25,172
2024-01-27,Mudda Pappu,Veg_Mains,5,0,5,0,2.35,27.75,0,0,0.02,None,1,0.3,0.0,0,15,25,0
2024-01-28,Mudda Pappu,Veg_Mains,6,0,4,0,0.73,22.08,0,0,0.09,None,0,0.02,0.0,0,15,25,159
2024-01-29,Mudda Pappu,Veg_Mains,0,0,3,0,0.95,21.83,0,0,0.15,None,0,0.15,0.0,0,15,25,170
2024-01-30,Mudda Pappu,Veg_Mains,1,0,2,0,0.86,32.06,0,0,0.06,None,1,0.25,0.0,0,15,25,0
2024-01-31,Mudda Pappu,Veg_Mains,2,0,1,0,4.25,23.06,0,0,0.04,None,0,0.05,0.0,0,15,25,161
2024-02-01,Mudda Pappu,Veg_Mains,3,0,29,0,1.71,20.9,0,0,0.1,None,1,0.2,0.0,0,15,25,0
2024-02-02,Mudda Pappu,Veg_Mains,4,0,28,0,5.82,21.07,0,0,0.1,None,0,0.05,0.0,0,15,25,138
2024-02-03,Mudda Pappu,Veg_Mains,5,0,27,0,3.09,27.65,0,0,0.09,None,1,0.3,0.0,0,15,25,0
2024-02-04,Mudda Pappu,Veg_Mains,6,0,26,0,0.07,23.03,0,1,0.06,None,0,0.02,0.0,0,15,25,201
2024-02-05,Mudda Pappu,Veg_Mains,0,0,25,0,0.59,27.52,0,0,0.12,None,0,0.15,0.0,0,15,25,178
2024-02-06,Mudda Pappu,Veg_Mains,1,0,24,0,1.68,24.19,0,0,0.12,None,1,0.25,0.0,0,15,25,0
2024-02-07,Mudda Pappu,Veg_Mains,2,0,23,0,0.03,26.3,0,1,0.09,None,0,0.05,0.0,0,15,25,210
2024-02-08,Mudda Pappu,Veg_Mains,3,0,22,0,4.19,27.5,0,0,0.08,None,1,0.2,0.0,0,15,25,0
2024-02-09,Mudda Pappu,Veg_Mains,4,0,21,0,0.37,24.41,0,0,0.12,None,0,0.05,0.0,0,15,25,140
2024-02-10,Mudda Pappu,Veg_Mains,5,0,20,0,5.18,23.12,0,0,0.15,None,1,0.3,0.0,0,15,25,0
2024-02-11,Mudda Pappu,Veg_Mains,6,0,19,0,2.45,28.43,0,0,0.08,None,0,0.02,0.0,0,15,25,153
2024-02-12,Mudda Pappu,Veg_Mains,0,0,18,0,2.63,24.56,0,0,0.13,None,0,0.15,0.0,0,15,25,166
2024-02-13,Mudda Pappu,Veg_Mains,1,1,17,0,2.22,30.8,0,0,0.1,None,1,0.25,0.0,1,15,25,0
2024-02-14,Mudda Pappu,Veg_Mains,2,0,16,0,0.63,21.77,0,0,0.07,None,0,0.05,0.0,0,15,25,166
2024-02-15,Mudda Pappu,Veg_Mains,3,0,15,0,0.53,22.69,0,1,0.13,None,1,0.2,0.0,0,15,25,0
2024-02-16,Mudda Pappu,Veg_Mains,4,1,14,1,0.49,18.15,0,1,0.28,None,0,0.05,0.0,1,15,25,14
2024-02-17,Mudda Pappu,Veg_Mains,5,0,13,0,6.0,22.6,0,1,0.15,None,1,0.3,0.0,0,15,25,0
2024-02-18,Mudda Pappu,Veg_Mains,6,1,12,0,2.8,24.43,0,0,0.11,None,0,0.02,0.0,1,15,25,15
2024-02-19,Mudda Pappu,Veg_Mains,0,0,11,0,5.74,25.46,0,0,0.09,None,0,0.15,0.0,0,15,25,179
2024-02-20,Mudda Pappu,Veg_Mains,1,0,10,0,0.04,27.74,0,0,0.1,None,1,0.25,0.0,0,15,25,0
2024-02-21,Mudda Pappu,Veg_Mains,2,0,9,0,4.59,31.51,0,1,0.14,None,0,0.05,0.0,0,15,25,179
2024-02-22,Mudda Pappu,Veg_Mains,3,0,8,0,1.2,19.78,0,0,0.04,None,1,0.2,0.0,0,15,25,0
2024-02-23,Mudda Pappu,Veg_Mains,4,0,7,0,1.93,20.76,0,0,0.04,None,0,0.05,0.0,0,15,25,150
2024-02-24,Mudda Pappu,Veg_Mains,5,0,6,0,1.36,32.86,0,0,0.12,None,1,0.3,0.0,0,15,25,0
2024-02-25,Mudda Pappu,Veg_Mains,6,0,5,0,4.14,22.88,0,0,0.08,None,0,0.02,0.0,0,15,25,166
2024-02-26,Mudda Pappu,Veg_Mains,0,0,4,0,0.87,27.31,0,0,0.09,None,0,0.15,0.0,0,15,25,166
2024-02-27,Mudda Pappu,Veg_Mains,1,0,3,0,1.42,22.41,0,0,0.14,None,1,0.25,0.0,0,15,25,0
2024-02-28,Mudda Pappu,Veg_Mains,2,0,2,0,2.31,30.92,0,0,0.12,None,0,0.05,0.0,0,15,25,147
2024-02-29,Mudda Pappu,Veg_Mains,3,0,1,0,12.92,32.64,0,0,0.05,None,1,0.2,0.0,0,15,25,0
2024-03-01,Mudda Pappu,Veg_Mains,4,0,1,0,6.81,25.19,0,0,0.15,None,0,0.05,0.0,0,15,25,128
2024-03-02,Mudda Pappu,Veg_Mains,5,0,0,0,3.31,28.02,0,1,0.09,None,1,0.3,0.0,0,15,25,0
2024-03-03,Mudda Pappu,Veg_Mains,6,0,29,0,0.83,17.78,0,0,0.1,None,0,0.02,0.0,0,15,25,152
2024-03-04,Mudda Pappu,Veg_Mains,0,0,28,0,0.43,25.19,0,0,0.15,None,0,0.15,0.0,0,15,25,169
2024-03-05,Mudda Pappu,Veg_Mains,1,0,27,0,1.59,30.77,0,0,0.14,None,1,0.25,0.0,0,15,25,0
2024-03-06,Mudda Pappu,Veg_Mains,2,0,26,0,5.53,26.35,0,0,0.04,None,0,0.05,0.0,0,15,25,164
2024-03-07,Mudda Pappu,Veg_Mains,3,0,25,0,6.29,29.8,0,0,0.07,None,1,0.2,0.0,0,15,25,0
2024-03-08,Mudda Pappu,Veg_Mains,4,0,24,0,6.9,31.71,0,0,0.09,None,0,0.05,0.0,0,15,25,132
2024-03-09,Mudda Pappu,Veg_Mains,5,0,23,0,4.74,27.53,0,1,0.12,None,1,0.3,0.0,0,15,25,0
2024-03-10,Mudda Pappu,Veg_Mains,6,0,22,0,2.53,26.92,0,0,0.13,Ramadan,0,0.02,0.15,0,15,25,120
2024-03-11,Mudda Pappu,Veg_Mains,0,0,21,0,3.84,28.48,0,0,0.09,Ramadan,0,0.15,0.15,0,15,25,138
2024-03-12,Mudda Pappu,Veg_Mains,1,0,20,0,8.83,26.12,0,0,0.1,Ramadan,1,0.25,0.15,0,15,25,0
2024-03-13,Mudda Pappu,Veg_Mains,2,0,19,0,0.5,25.9,0,0,0.1,Ramadan,0,0.05,0.15,0,15,25,127
2024-03-14,Mudda Pappu,Veg_Mains,3,0,18,0,1.53,29.38,0,0,0.06,Ramadan,1,0.2,0.15,0,15,25,0
2024-03-15,Mudda Pappu,Veg_Mains,4,0,17,0,1.28,23.66,0,0,0.08,Ramadan,0,0.05,0.15,0,15,25,121
2024-03-16,Mudda Pappu,Veg_Mains,5,0,16,0,1.35,24.78,0,0,0.1,Ramadan,1,0.3,0.15,0,15,25,0
2024-03-17,Mudda Pappu,Veg_Mains,6,0,15,0,6.85,24.9,0,0,0.04,Ramadan,0,0.02,0.15,0,15,25,133
2024-03-18,Mudda Pappu,Veg_Mains,0,0,14,0,1.74,31.02,0,0,0.09,Ramadan,0,0.15,0.15,0,15,25,137
2024-03-19,Mudda Pappu,Veg_Mains,1,0,13,0,0.51,32.01,0,0,0.11,Ramadan,1,0.25,0.15,0,15,25,0
2024-03-20,Mudda Pappu,Veg_Mains,2,0,12,0,0.82,24.04,0,0,0.13,Ramadan,0,0.05,0.15,0,15,25,136
2024-03-21,Mudda Pappu,Veg_Mains,3,0,11,0,6.8,26.3,0,0,0.14,Ramadan,1,0.2,0.15,0,15,25,0
2024-03-22,Mudda Pappu,Veg_Mains,4,0,10,0,0.94,19.37,0,0,0.07,Ramadan,0,0.05,0.15,0,15,25,125
2024-03-23,Mudda Pappu,Veg_Mains,5,0,9,0,0.45,24.85,0,1,0.12,Ramadan,1,0.3,0.15,0,15,25,0
2024-03-24,Mudda Pappu,Veg_Mains,6,0,8,0,0.89,25.68,0,1,0.09,Ramadan,0,0.02,0.15,0,15,25,151
2024-03-25,Mudda Pappu,Veg_Mains,0,0,7,0,2.42,29.12,0,0,0.02,Ramadan,0,0.15,0.15,0,15,25,167
2024-03-26,Mudda Pappu,Veg_Mains,1,0,6,0,7.37,17.64,0,0,0.03,Ramadan,1,0.25,0.15,0,15,25,0
2024-03-27,Mudda Pappu,Veg_Mains,2,0,5,0,1.48,21.98,0,0,0.07,Ramadan,0,0.05,0.15,0,15,25,132
2024-03-28,Mudda Pappu,Veg_Mains,3,0,4,0,0.73,25.74,0,0,0.05,Ramadan,1,0.2,0.15,0,15,25,0
2024-03-29,Mudda Pappu,Veg_Mains,4,0,3,0,4.42,24.86,0,0,0.08,Ramadan,0,0.05,0.15,0,15,25,120
2024-03-30,Mudda Pappu,Veg_Mains,5,0,2,0,2.68,28.89,0,0,0.03,Ramadan,1,0.3,0.15,0,15,25,0
2024-03-31,Mudda Pappu,Veg_Mains,6,0,1,0,3.23,27.44,0,0,0.13,Ramadan,0,0.02,0.15,0,15,25,128
2024-04-01,Mudda Pappu,Veg_Mains,0,0,0,0,0.0,37.45,0,0,0.14,Ramadan,0,0.15,0.15,0,15,25,136
2024-04-02,Mudda Pappu,Veg_Mains,1,0,29,0,0.01,41.0,0,0,0.11,Ramadan,1,0.25,0.15,0,15,25,0
2024-04-03,Mudda Pappu,Veg_Mains,2,0,28,0,0.83,37.3,0,0,0.13,Ramadan,0,0.05,0.15,0,15,25,129
2024-04-04,Mudda Pappu,Veg_Mains,3,0,27,0,0.46,39.11,0,0,0.12,Ramadan,1,0.2,0.15,0,15,25,0
2024-04-05,Mudda Pappu,Veg_Mains,4,0,26,0,0.0,38.16,0,0,0.07,Ramadan,0,0.05,0.15,0,15,25,123
2024-04-06,Mudda Pappu,Veg_Mains,5,0,25,0,5.13,37.75,0,1,0.05,Ramadan,1,0.3,0.15,0,15,25,0
2024-04-07,Mudda Pappu,Veg_Mains,6,0,24,0,0.06,41.11,0,0,0.03,Ramadan,0,0.02,0.15,0,15,25,132
2024-04-08,Mudda Pappu,Veg_Mains,0,0,23,0,2.0,40.41,0,0,0.1,Ramadan,0,0.15,0.15,0,15,25,144
2024-04-09,Mudda Pappu,Veg_Mains,1,0,22,0,0.33,41.77,0,0,0.03,Ramadan,1,0.25,0.15,0,15,25,0
2024-04-10,Mudda Pappu,Veg_Mains,2,0,21,0,2.1,38.26,0,0,0.09,None,0,0.05,0.0,0,15,25,163
2024-04-11,Mudda Pappu,Veg_Mains,3,0,20,0,1.05,41.01,0,0,0.04,None,1,0.2,0.0,0,15,25,0
2024-04-12,Mudda Pappu,Veg_Mains,4,0,19,0,2.19,40.38,0,0,0.05,None,0,0.05,0.0,0,15,25,165
2024-04-13,Mudda Pappu,Veg_Mains,5,0,18,0,0.59,40.44,0,0,0.1,None,1,0.3,0.0,0,15,25,0
2024-04-14,Mudda Pappu,Veg_Mains,6,0,17,0,0.24,40.35,0,0,0.13,None,0,0.02,0.0,0,15,25,158
2024-04-15,Mudda Pappu,Veg_Mains,0,0,16,0,1.79,43.76,0,0,0.03,None,0,0.15,0.0,0,15,25,183
2024-04-16,Mudda Pappu,Veg_Mains,1,0,15,0,0.32,41.27,0,1,0.07,None,1,0.25,0.0,0,15,25,0
2024-04-17,Mudda Pappu,Veg_Mains,2,0,14,0,0.45,40.54,0,0,0.12,None,0,0.05,0.0,0,15,25,158
2024-04-18,Mudda Pappu,Veg_Mains,3,0,13,0,4.04,39.82,0,0,0.04,None,1,0.2,0.0,0,15,25,0
2024-04-19,Mudda Pappu,Veg_Mains,4,0,12,0,0.7,37.14,0,0,0.06,None,0,0.05,0.0,0,15,25,146
2024-04-20,Mudda Pappu,Veg_Mains,5,0,11,0,0.75,41.57,0,0,0.03,None,1,0.3,0.0,0,15,25,0
2024-04-21,Mudda Pappu,Veg_Mains,6,0,10,0,1.15,38.25,0,0,0.02,None,0,0.02,0.0,0,15,25,159
2024-04-22,Mudda Pappu,Veg_Mains,0,0,9,0,1.84,42.8,0,0,0.14,None,0,0.15,0.0,0,15,25,159
2024-04-23,Mudda Pappu,Veg_Mains,1,0,8,0,1.85,40.23,0,1,0.08,None,1,0.25,0.0,0,15,25,0
2024-04-24,Mudda Pappu,Veg_Mains,2,0,7,0,0.12,40.41,0,1,0.05,None,0,0.05,0.0,0,15,25,199
2024-04-25,Mudda Pappu,Veg_Mains,3,0,6,0,0.92,40.87,0,0,0.03,None,1,0.2,0.0,0,15,25,0
2024-04-26,Mudda Pappu,Veg_Mains,4,0,5,0,0.24,40.45,0,0,0.11,None,0,0.05,0.0,0,15,25,139
2024-04-27,Mudda Pappu,Veg_Mains,5,0,4,0,0.73,41.77,0,0,0.1,None,1,0.3,0.0,0,15,25,0
2024-04-28,Mudda Pappu,Veg_Mains,6,0,3,0,0.12,39.42,0,0,0.09,None,0,0.02,0.0,0,15,25,152
2024-04-29,Mudda Pappu,Veg_Mains,0,0,2,0,0.03,42.32,0,0,0.05,None,0,0.15,0.0,0,15,25,179
2024-04-30,Mudda Pappu,Veg_Mains,1,0,1,0,0.06,37.22,0,0,0.12,None,1,0.25,0.0,0,15,25,0
2024-05-01,Mudda Pappu,Veg_Mains,2,0,1,0,2.72,39.35,0,0,0.09,None,0,0.05,0.0,0,15,25,151
2024-05-02,Mudda Pappu,Veg_Mains,3,0,0,0,0.0,41.83,0,0,0.09,None,1,0.2,0.0,0,15,25,0
2024-05-03,Mudda Pappu,Veg_Mains,4,0,29,0,1.02,37.92,0,0,0.11,None,0,0.05,0.0,0,15,25,144
2024-05-04,Mudda Pappu,Veg_Mains,5,0,28,0,5.12,44.81,0,1,0.09,None,1,0.3,0.0,0,15,25,0
2024-05-05,Mudda Pappu,Veg_Mains,6,0,27,0,0.93,42.01,0,0,0.09,None,0,0.02,0.0,0,15,25,156
2024-05-06,Mudda Pappu,Veg_Mains,0,0,26,0,1.91,39.4,0,1,0.04,None,0,0.15,0.0,0,15,25,221
2024-05-07,Mudda Pappu,Veg_Mains,1,0,25,0,1.12,36.89,0,0,0.05,None,1,0.25,0.0,0,15,25,0
2024-05-08,Mudda Pappu,Veg_Mains,2,0,24,0,0.29,43.07,0,0,0.08,None,0,0.05,0.0,0,15,25,168
2024-05-09,Mudda Pappu,Veg_Mains,3,0,23,0,1.24,41.13,0,0,0.05,None,1,0.2,0.0,0,15,25,0
2024-05-10,Mudda Pappu,Veg_Mains,4,0,22,0,0.47,38.02,0,1,0.09,None,0,0.05,0.0,0,15,25,158
2024-05-11,Mudda Pappu,Veg_Mains,5,0,21,0,0.03,41.88,0,0,0.04,None,1,0.3,0.0,0,15,25,0
2024-05-12,Mudda Pappu,Veg_Mains,6,0,20,0,0.0,39.85,0,1,0.1,None,0,0.02,0.0,0,15,25,177
2024-05-13,Mudda Pappu,Veg_Mains,0,0,19,0,3.41,43.5,0,0,0.12,None,0,0.15,0.0,0,15,25,183
2024-05-14,Mudda Pappu,Veg_Mains,1,0,18,0,0.71,38.44,0,0,0.13,None,1,0.25,0.0,0,15,25,0
2024-05-15,Mudda Pappu,Veg_Mains,2,0,17,0,0.6,42.92,0,0,0.15,None,0,0.05,0.0,0,15,25,143
2024-05-16,Mudda Pappu,Veg_Mains,3,0,16,0,1.1,41.14,0,0,0.03,None,1,0.2,0.0,0,15,25,0
2024-05-17,Mudda Pappu,Veg_Mains,4,0,15,0,1.84,37.55,0,0,0.13,None,0,0.05,0.0,0,15,25,128
2024-05-18,Mudda Pappu,Veg_Mains,5,0,14,0,0.63,38.59,0,0,0.14,None,1,0.3,0.0,0,15,25,0
2024-05-19,Mudda Pappu,Veg_Mains,6,0,13,0,0.41,42.63,0,0,0.14,None,0,0.02,0.0,0,15,25,135
2024-05-20,Mudda Pappu,Veg_Mains,0,0,12,0,0.54,40.38,0,0,0.13,None,0,0.15,0.0,0,15,25,175
2024-05-21,Mudda Pappu,Veg_Mains,1,0,11,0,4.71,38.3,0,0,0.1,None,1,0.25,0.0,0,15,25,0
2024-05-22,Mudda Pappu,Veg_Mains,2,0,10,0,0.09,40.0,0,0,0.13,None,0,0.05,0.0,0,15,25,154
2024-05-23,Mudda Pappu,Veg_Mains,3,0,9,0,0.32,41.98,0,0,0.06,None,1,0.2,0.0,0,15,25,0
2024-05-24,Mudda Pappu,Veg_Mains,4,0,8,0,4.11,42.78,0,0,0.09,None,0,0.05,0.0,0,15,25,141
2024-05-25,Mudda Pappu,Veg_Mains,5,0,7,0,0.04,39.63,0,0,0.15,None,1,0.3,0.0,0,15,25,0
2024-05-26,Mudda Pappu,Veg_Mains,6,0,6,0,0.81,38.41,0,0,0.03,None,0,0.02,0.0,0,15,25,166
2024-05-27,Mudda Pappu,Veg_Mains,0,0,5,0,0.01,39.4,0,1,0.13,None,0,0.15,0.0,0,15,25,206
2024-05-28,Mudda Pappu,Veg_Mains,1,0,4,0,0.4,39.58,0,0,0.07,None,1,0.25,0.0,0,15,25,0
2024-05-29,Mudda Pappu,Veg_Mains,2,0,3,0,0.14,40.22,0,0,0.02,None,0,0.05,0.0,0,15,25,170
2024-05-30,Mudda Pappu,Veg_Mains,3,0,2,0,0.02,39.11,0,0,0.08,None,1,0.2,0.0,0,15,25,0
2024-05-31,Mudda Pappu,Veg_Mains,4,0,1,0,5.83,39.58,0,0,0.11,None,0,0.05,0.0,0,15,25,139
2024-06-01,Mudda Pappu,Veg_Mains,5,0,0,0,28.2,30.9,0,0,0.03,None,1,0.3,0.0,0,15,25,0
2024-06-02,Mudda Pappu,Veg_Mains,6,0,29,0,17.86,27.59,0,0,0.07,None,0,0.02,0.0,0,15,25,168
2024-06-03,Mudda Pappu,Veg_Mains,0,0,28,0,37.14,32.16,0,0,0.03,None,0,0.15,0.0,0,15,25,200
2024-06-04,Mudda Pappu,Veg_Mains,1,0,27,0,7.35,28.25,0,1,0.12,None,1,0.25,0.0,0,15,25,0
2024-06-05,Mudda Pappu,Veg_Mains,2,0,26,0,25.56,31.67,0,0,0.07,None,0,0.05,0.0,0,15,25,169
2024-06-06,Mudda Pappu,Veg_Mains,3,0,25,0,13.97,29.17,0,0,0.06,None,1,0.2,0.0,0,15,25,0
2024-06-07,Mudda Pappu,Veg_Mains,4,0,24,0,23.84,32.2,0,0,0.04,None,0,0.05,0.0,0,15,25,172
2024-06-08,Mudda Pappu,Veg_Mains,5,0,23,0,10.73,31.76,0,1,0.12,None,1,0.3,0.0,0,15,25,0
2024-06-09,Mudda Pappu,Veg_Mains,6,0,22,0,26.08,28.13,0,0,0.02,None,0,0.02,0.0,0,15,25,182
2024-06-10,Mudda Pappu,Veg_Mains,0,0,21,0,48.86,31.18,1,0,0.07,None,0,0.15,0.0,0,15,25,190
2024-06-11,Mudda Pappu,Veg_Mains,1,0,20,0,8.16,27.55,0,0,0.14,None,1,0.25,0.0,0,15,25,0
2024-06-12,Mudda Pappu,Veg_Mains,2,0,19,0,8.73,33.5,0,0,0.1,None,0,0.05,0.0,0,15,25,155
2024-06-13,Mudda Pappu,Veg_Mains,3,0,18,0,59.96,33.63,1,1,0.06,None,1,0.2,0.0,0,15,25,0
2024-06-14,Mudda Pappu,Veg_Mains,4,0,17,0,17.83,34.43,0,0,0.06,None,0,0.05,0.0,0,15,25,151
2024-06-15,Mudda Pappu,Veg_Mains,5,0,16,0,6.63,35.56,0,0,0.04,None,1,0.3,0.0,0,15,25,0
2024-06-16,Mudda Pappu,Veg_Mains,6,0,15,0,21.58,28.42,0,0,0.06,None,0,0.02,0.0,0,15,25,182
2024-06-17,Mudda Pappu,Veg_Mains,0,0,14,0,5.67,21.38,0,0,0.11,None,0,0.15,0.0,0,15,25,177
2024-06-18,Mudda Pappu,Veg_Mains,1,0,13,0,6.13,31.06,0,0,0.03,None,1,0.25,0.0,0,15,25,0
2024-06-19,Mudda Pappu,Veg_Mains,2,0,12,0,13.97,29.09,0,0,0.03,None,0,0.05,0.0,0,15,25,169
2024-06-20,Mudda Pappu,Veg_Mains,3,0,11,0,28.1,29.16,0,0,0.15,None,1,0.2,0.0,0,15,25,0
2024-06-21,Mudda Pappu,Veg_Mains,4,0,10,0,29.17,26.24,0,0,0.08,None,0,0.05,0.0,0,15,25,159
2024-06-22,Mudda Pappu,Veg_Mains,5,0,9,0,8.87,27.57,0,0,0.09,None,1,0.3,0.0,0,15,25,0
2024-06-23,Mudda Pappu,Veg_Mains,6,0,8,0,8.09,28.65,0,0,0.1,None,0,0.02,0.0,0,15,25,152
2024-06-24,Mudda Pappu,Veg_Mains,0,0,7,0,9.64,27.6,0,0,0.12,None,0,0.15,0.0,0,15,25,165
2024-06-25,Mudda Pappu,Veg_Mains,1,0,6,0,16.26,29.82,0,1,0.09,None,1,0.25,0.0,0,15,25,0
2024-06-26,Mudda Pappu,Veg_Mains,2,0,5,0,24.08,24.51,0,0,0.1,None,0,0.05,0.0,0,15,25,187
2024-06-27,Mudda Pappu,Veg_Mains,3,0,4,0,23.74,27.46,0,0,0.13,None,1,0.2,0.0,0,15,25,0
2024-06-28,Mudda Pappu,Veg_Mains,4,0,3,0,7.13,31.27,0,0,0.03,None,0,0.05,0.0,0,15,25,156
2024-06-29,Mudda Pappu,Veg_Mains,5,0,2,0,6.37,31.28,0,0,0.04,None,1,0.3,0.0,0,15,25,0
2024-06-30,Mudda Pappu,Veg_Mains,6,0,1,0,25.61,35.42,0,0,0.08,None,0,0.02,0.0,0,15,25,191
2024-07-01,Mudda Pappu,Veg_Mains,0,0,1,0,6.81,28.49,0,1,0.03,None,0,0.15,0.0,0,15,25,215
2024-07-02,Mudda Pappu,Veg_Mains,1,0,0,0,38.73,29.69,0,1,0.1,None,1,0.25,0.0,0,15,25,0
2024-07-03,Mudda Pappu,Veg_Mains,2,0,29,0,5.98,28.79,0,1,0.06,None,0,0.05,0.0,0,15,25,208
2024-07-04,Mudda Pappu,Veg_Mains,3,0,28,0,24.22,30.54,0,0,0.12,None,1,0.2,0.0,0,15,25,0
2024-07-05,Mudda Pappu,Veg_Mains,4,0,27,0,15.01,27.08,0,1,0.09,None,0,0.05,0.0,0,15,25,170
2024-07-06,Mudda Pappu,Veg_Mains,5,0,26,0,21.33,30.57,0,1,0.06,None,1,0.3,0.0,0,15,25,0
2024-07-07,Mudda Pappu,Veg_Mains,6,0,25,0,12.16,27.27,0,0,0.02,None,0,0.02,0.0,0,15,25,163
2024-07-08,Mudda Pappu,Veg_Mains,0,0,24,0,32.19,35.13,0,0,0.03,None,0,0.15,0.0,0,15,25,214
2024-07-09,Mudda Pappu,Veg_Mains,1,0,23,0,17.14,30.8,0,1,0.13,None,1,0.25,0.0,0,15,25,0
2024-07-10,Mudda Pappu,Veg_Mains,2,0,22,0,9.27,32.66,0,0,0.1,None,0,0.05,0.0,0,15,25,171
2024-07-11,Mudda Pappu,Veg_Mains,3,0,21,0,13.69,27.47,0,0,0.14,None,1,0.2,0.0,0,15,25,0
2024-07-12,Mudda Pappu,Veg_Mains,4,0,20,0,8.8,26.04,0,0,0.04,None,0,0.05,0.0,0,15,25,154
2024-07-13,Mudda Pappu,Veg_Mains,5,0,19,0,17.75,25.63,0,0,0.05,None,1,0.3,0.0,0,15,25,0
2024-07-14,Mudda Pappu,Veg_Mains,6,0,18,0,14.44,27.34,0,0,0.09,None,0,0.02,0.0,0,15,25,163
2024-07-15,Mudda Pappu,Veg_Mains,0,0,17,0,2.54,25.25,0,0,0.1,None,0,0.15,0.0,0,15,25,173
2024-07-16,Mudda Pappu,Veg_Mains,1,0,16,0,21.5,27.34,0,0,0.12,None,1,0.25,0.0,0,15,25,0
2024-07-17,Mudda Pappu,Veg_Mains,2,0,15,0,36.51,30.62,0,1,0.11,None,0,0.05,0.0,0,15,25,205
2024-07-18,Mudda Pappu,Veg_Mains,3,0,14,0,10.54,30.28,0,0,0.06,None,1,0.2,0.0,0,15,25,0
2024-07-19,Mudda Pappu,Veg_Mains,4,0,13,0,5.52,32.76,0,0,0.08,None,0,0.05,0.0,0,15,25,132
2024-07-20,Mudda Pappu,Veg_Mains,5,0,12,0,39.81,25.01,0,0,0.07,None,1,0.3,0.0,0,15,25,0
2024-07-21,Mudda Pappu,Veg_Mains,6,0,11,0,14.67,29.55,0,0,0.11,None,0,0.02,0.0,0,15,25,161
2024-07-22,Mudda Pappu,Veg_Mains,0,0,10,0,11.27,29.96,0,1,0.07,None,0,0.15,0.0,0,15,25,194
2024-07-23,Mudda Pappu,Veg_Mains,1,0,9,0,19.8,25.38,0,0,0.09,None,1,0.25,0.0,0,15,25,0
2024-07-24,Mudda Pappu,Veg_Mains,2,0,8,0,20.11,26.81,0,0,0.03,None,0,0.05,0.0,0,15,25,187
2024-07-25,Mudda Pappu,Veg_Mains,3,0,7,0,6.3,30.72,0,0,0.08,None,1,0.2,0.0,0,15,25,0
2024-07-26,Mudda Pappu,Veg_Mains,4,0,6,0,11.35,29.68,0,0,0.05,None,0,0.05,0.0,0,15,25,146
2024-07-27,Mudda Pappu,Veg_Mains,5,0,5,0,26.05,28.89,0,0,0.08,None,1,0.3,0.0,0,15,25,0
2024-07-28,Mudda Pappu,Veg_Mains,6,0,4,0,7.98,30.72,0,0,0.1,None,0,0.02,0.0,0,15,25,151
2024-07-29,Mudda Pappu,Veg_Mains,0,1,3,1,14.25,29.55,0,0,0.28,None,0,0.15,0.0,1,15,25,15
2024-07-30,Mudda Pappu,Veg_Mains,1,0,2,0,13.74,28.77,0,0,0.12,None,1,0.25,0.0,0,15,25,0
2024-07-31,Mudda Pappu,Veg_Mains,2,0,1,0,30.35,31.55,0,0,0.12,None,0,0.05,0.0,0,15,25,188
2024-08-01,Mudda Pappu,Veg_Mains,3,0,1,0,16.33,27.35,0,0,0.07,None,1,0.2,0.0,0,15,25,0
2024-08-02,Mudda Pappu,Veg_Mains,4,0,0,0,2.22,30.64,0,0,0.12,None,0,0.05,0.0,0,15,25,136
2024-08-03,Mudda Pappu,Veg_Mains,5,0,29,0,8.58,27.18,0,1,0.07,None,1,0.3,0.0,0,15,25,0
2024-08-04,Mudda Pappu,Veg_Mains,6,0,28,0,16.97,27.44,0,1,0.09,None,0,0.02,0.0,0,15,25,174
2024-08-05,Mudda Pappu,Veg_Mains,0,0,27,0,29.41,27.08,0,1,0.09,Shravan,0,0.4,0.02,0,15,25,275
2024-08-06,Mudda Pappu,Veg_Mains,1,0,26,0,16.31,28.12,0,0,0.11,Shravan,1,0.4,0.02,0,15,25,0
2024-08-07,Mudda Pappu,Veg_Mains,2,0,25,0,8.51,33.08,0,1,0.08,Shravan,0,0.4,0.02,0,15,25,263
2024-08-08,Mudda Pappu,Veg_Mains,3,0,24,0,42.61,32.78,1,0,0.11,Shravan,1,0.4,0.02,0,15,25,0
2024-08-09,Mudda Pappu,Veg_Mains,4,0,23,0,25.95,33.61,0,0,0.14,Shravan,0,0.4,0.02,0,15,25,187
2024-08-10,Mudda Pappu,Veg_Mains,5,0,22,0,10.93,29.56,0,0,0.13,Shravan,1,0.4,0.02,0,15,25,0
2024-08-11,Mudda Pappu,Veg_Mains,6,0,21,0,21.84,27.77,0,0,0.12,Shravan,0,0.4,0.02,0,15,25,216
2024-08-12,Mudda Pappu,Veg_Mains,0,0,20,0,12.77,31.81,0,0,0.03,Shravan,0,0.4,0.02,0,15,25,203
2024-08-13,Mudda Pappu,Veg_Mains,1,0,19,0,0.54,29.77,0,0,0.15,Shravan,1,0.4,0.02,0,15,25,0
2024-08-14,Mudda Pappu,Veg_Mains,2,0,18,0,8.96,29.29,0,0,0.02,Shravan,0,0.4,0.02,0,15,25,215
2024-08-15,Mudda Pappu,Veg_Mains,3,0,17,0,18.89,30.15,0,0,0.14,Shravan,1,0.4,0.02,0,15,25,0
2024-08-16,Mudda Pappu,Veg_Mains,4,0,16,0,15.37,25.07,0,0,0.03,Shravan,0,0.4,0.02,0,15,25,198
2024-08-17,Mudda Pappu,Veg_Mains,5,0,15,0,12.28,29.05,0,0,0.1,Shravan,1,0.4,0.02,0,15,25,0
2024-08-18,Mudda Pappu,Veg_Mains,6,0,14,0,30.2,29.21,0,1,0.11,Shravan,0,0.4,0.02,0,15,25,278
2024-08-19,Mudda Pappu,Veg_Mains,0,0,13,0,58.82,30.02,1,0,0.12,Shravan,0,0.4,0.02,0,15,25,223
2024-08-20,Mudda Pappu,Veg_Mains,1,0,12,0,5.28,31.34,0,0,0.14,Shravan,1,0.4,0.02,0,15,25,0
2024-08-21,Mudda Pappu,Veg_Mains,2,0,11,0,3.29,30.49,0,0,0.12,Shravan,0,0.4,0.02,0,15,25,206
2024-08-22,Mudda Pappu,Veg_Mains,3,0,10,0,27.79,26.12,0,0,0.09,Shravan,1,0.4,0.02,0,15,25,0
2024-08-23,Mudda Pappu,Veg_Mains,4,0,9,0,5.17,31.81,0,1,0.11,Shravan,0,0.4,0.02,0,15,25,218
2024-08-24,Mudda Pappu,Veg_Mains,5,0,8,0,12.46,28.06,0,1,0.15,Shravan,1,0.4,0.02,0,15,25,0
2024-08-25,Mudda Pappu,Veg_Mains,6,0,7,0,25.46,31.22,0,0,0.11,Shravan,0,0.4,0.02,0,15,25,228
2024-08-26,Mudda Pappu,Veg_Mains,0,0,6,0,11.94,32.06,0,0,0.08,Shravan,0,0.4,0.02,0,15,25,202
2024-08-27,Mudda Pappu,Veg_Mains,1,0,5,0,13.19,34.23,0,0,0.08,Shravan,1,0.4,0.02,0,15,25,0
2024-08-28,Mudda Pappu,Veg_Mains,2,0,4,0,6.62,30.03,0,0,0.13,Shravan,0,0.4,0.02,0,15,25,209
2024-08-29,Mudda Pappu,Veg_Mains,3,0,3,0,2.64,30.96,0,0,0.04,Shravan,1,0.4,0.02,0,15,25,0
2024-08-30,Mudda Pappu,Veg_Mains,4,0,2,0,27.07,26.55,0,1,0.07,Shravan,0,0.4,0.02,0,15,25,274
2024-08-31,Mudda Pappu,Veg_Mains,5,0,1,0,28.96,29.25,0,1,0.12,Shravan,1,0.4,0.02,0,15,25,0
2024-09-01,Mudda Pappu,Veg_Mains,6,0,0,0,22.12,31.71,0,0,0.05,Shravan,0,0.4,0.02,0,15,25,258
2024-09-02,Mudda Pappu,Veg_Mains,0,0,29,0,57.99,39.33,1,1,0.13,Shravan,0,0.4,0.02,0,15,25,286
2024-09-03,Mudda Pappu,Veg_Mains,1,0,28,0,31.67,28.39,0,0,0.06,Shravan,1,0.4,0.02,0,15,25,0
2024-09-04,Mudda Pappu,Veg_Mains,2,0,27,0,17.83,31.36,0,0,0.07,None,0,0.05,0.0,0,15,25,166
2024-09-05,Mudda Pappu,Veg_Mains,3,0,26,0,24.0,30.15,0,0,0.11,None,1,0.2,0.0,0,15,25,0
2024-09-06,Mudda Pappu,Veg_Mains,4,0,25,0,11.22,27.41,0,1,0.11,None,0,0.05,0.0,0,15,25,178
2024-09-07,Mudda Pappu,Veg_Mains,5,0,24,0,12.34,30.43,0,0,0.06,None,1,0.3,0.0,0,15,25,0
2024-09-08,Mudda Pappu,Veg_Mains,6,0,23,0,14.79,35.44,0,0,0.03,None,0,0.02,0.0,0,15,25,164
2024-09-09,Mudda Pappu,Veg_Mains,0,0,22,0,12.44,26.02,0,0,0.06,None,0,0.15,0.0,0,15,25,168
2024-09-10,Mudda Pappu,Veg_Mains,1,0,21,0,9.94,26.68,0,0,0.05,None,1,0.25,0.0,0,15,25,0
2024-09-11,Mudda Pappu,Veg_Mains,2,1,20,0,4.97,29.75,0,0,0.1,None,0,0.05,0.0,1,15,25,16
2024-09-12,Mudda Pappu,Veg_Mains,3,0,19,0,5.97,27.25,0,1,0.14,None,1,0.2,0.0,0,15,25,0
2024-09-13,Mudda Pappu,Veg_Mains,4,0,18,0,13.88,29.87,0,0,0.08,None,0,0.05,0.0,0,15,25,142
2024-09-14,Mudda Pappu,Veg_Mains,5,0,17,0,16.36,29.48,0,0,0.14,None,1,0.3,0.0,0,15,25,0
2024-09-15,Mudda Pappu,Veg_Mains,6,0,16,0,15.57,32.42,0,0,0.05,None,0,0.02,0.0,0,15,25,166
2024-09-16,Mudda Pappu,Veg_Mains,0,0,15,0,15.81,27.85,0,0,0.11,None,0,0.15,0.0,0,15,25,159
2024-09-17,Mudda Pappu,Veg_Mains,1,0,14,0,27.1,29.44,0,1,0.1,None,1,0.25,0.0,0,15,25,0
2024-09-18,Mudda Pappu,Veg_Mains,2,0,13,0,13.42,36.42,0,0,0.11,None,0,0.05,0.0,0,15,25,139
2024-09-19,Mudda Pappu,Veg_Mains,3,0,12,0,10.53,32.58,0,0,0.06,None,1,0.2,0.0,0,15,25,0
2024-09-20,Mudda Pappu,Veg_Mains,4,0,11,0,11.08,34.33,0,0,0.04,None,0,0.05,0.0,0,15,25,152
2024-09-21,Mudda Pappu,Veg_Mains,5,0,10,0,12.74,28.16,0,0,0.09,None,1,0.3,0.0,0,15,25,0
2024-09-22,Mudda Pappu,Veg_Mains,6,0,9,0,33.31,26.56,0,0,0.14,None,0,0.02,0.0,0,15,25,149
2024-09-23,Mudda Pappu,Veg_Mains,0,0,8,0,31.62,31.45,0,0,0.08,None,0,0.15,0.0,0,15,25,193
2024-09-24,Mudda Pappu,Veg_Mains,1,0,7,0,28.23,30.34,0,0,0.03,None,1,0.25,0.0,0,15,25,0
2024-09-25,Mudda Pappu,Veg_Mains,2,0,6,0,13.22,25.75,0,0,0.07,None,0,0.05,0.0,0,15,25,156
2024-09-26,Mudda Pappu,Veg_Mains,3,0,5,0,3.43,24.36,0,0,0.11,None,1,0.2,0.0,0,15,25,0
2024-09-27,Mudda Pappu,Veg_Mains,4,0,4,0,6.7,30.26,0,0,0.06,None,0,0.05,0.0,0,15,25,143
2024-09-28,Mudda Pappu,Veg_Mains,5,0,3,0,17.17,25.65,0,0,0.12,None,1,0.3,0.0,0,15,25,0
2024-09-29,Mudda Pappu,Veg_Mains,6,0,2,0,30.0,33.73,0,1,0.13,None,0,0.02,0.0,0,15,25,202
2024-09-30,Mudda Pappu,Veg_Mains,0,0,1,0,8.32,29.81,0,1,0.14,None,0,0.15,0.0,0,15,25,203
2024-10-01,Mudda Pappu,Veg_Mains,1,0,1,0,1.41,22.76,0,1,0.08,None,1,0.25,0.0,0,15,25,0
2024-10-02,Mudda Pappu,Veg_Mains,2,0,0,0,1.38,32.05,0,0,0.11,None,0,0.05,0.0,0,15,25,171
2024-10-03,Mudda Pappu,Veg_Mains,3,0,29,0,4.36,30.59,0,0,0.12,Navratri,1,0.45,0.05,0,15,25,0
2024-10-04,Mudda Pappu,Veg_Mains,4,0,28,0,0.56,31.1,0,0,0.14,Navratri,0,0.45,0.05,0,15,25,183
2024-10-05,Mudda Pappu,Veg_Mains,5,0,27,0,6.6,32.46,0,0,0.08,Navratri,1,0.45,0.05,0,15,25,0
2024-10-06,Mudda Pappu,Veg_Mains,6,0,26,0,0.73,28.4,0,0,0.04,Navratri,0,0.45,0.05,0,15,25,214
2024-10-07,Mudda Pappu,Veg_Mains,0,0,25,0,4.77,28.71,0,0,0.14,Navratri,0,0.45,0.05,0,15,25,207
2024-10-08,Mudda Pappu,Veg_Mains,1,0,24,0,0.74,18.9,0,0,0.13,Navratri,1,0.45,0.05,0,15,25,0
2024-10-09,Mudda Pappu,Veg_Mains,2,0,23,0,0.09,30.74,0,0,0.02,Navratri,0,0.45,0.05,0,15,25,217
2024-10-10,Mudda Pappu,Veg_Mains,3,0,22,0,6.57,29.66,0,0,0.14,Navratri,1,0.45,0.05,0,15,25,0
2024-10-11,Mudda Pappu,Veg_Mains,4,0,21,0,20.42,29.65,0,1,0.13,Navratri,0,0.45,0.05,0,15,25,241
2024-10-12,Mudda Pappu,Veg_Mains,5,0,20,0,1.13,22.61,0,0,0.05,Navratri,1,0.45,0.05,0,15,25,0
2024-10-13,Mudda Pappu,Veg_Mains,6,0,19,0,2.61,26.32,0,1,0.12,None,0,0.02,0.0,0,15,25,167
2024-10-14,Mudda Pappu,Veg_Mains,0,0,18,0,1.26,25.64,0,0,0.05,None,0,0.15,0.0,0,15,25,188
2024-10-15,Mudda Pappu,Veg_Mains,1,0,17,0,3.4,22.39,0,0,0.14,None,1,0.25,0.0,0,15,25,0
2024-10-16,Mudda Pappu,Veg_Mains,2,0,16,0,0.97,26.62,0,0,0.04,None,0,0.05,0.0,0,15,25,182
2024-10-17,Mudda Pappu,Veg_Mains,3,0,15,0,0.06,27.09,0,0,0.13,None,1,0.2,0.0,0,15,25,0
2024-10-18,Mudda Pappu,Veg_Mains,4,0,14,0,0.97,23.75,0,1,0.1,None,0,0.05,0.0,0,15,25,163
2024-10-19,Mudda Pappu,Veg_Mains,5,0,13,0,6.39,26.33,0,0,0.13,None,1,0.3,0.0,0,15,25,0
2024-10-20,Mudda Pappu,Veg_Mains,6,0,12,0,17.68,26.15,0,0,0.13,None,0,0.02,0.0,0,15,25,144
2024-10-21,Mudda Pappu,Veg_Mains,0,0,11,0,0.27,22.33,0,0,0.05,None,0,0.15,0.0,0,15,25,180
2024-10-22,Mudda Pappu,Veg_Mains,1,0,10,0,1.18,20.94,0,0,0.05,None,1,0.25,0.0,0,15,25,0
2024-10-23,Mudda Pappu,Veg_Mains,2,0,9,0,6.0,26.33,0,0,0.03,None,0,0.05,0.0,0,15,25,181
2024-10-24,Mudda Pappu,Veg_Mains,3,0,8,0,0.47,20.75,0,0,0.06,None,1,0.2,0.0,0,15,25,0
2024-10-25,Mudda Pappu,Veg_Mains,4,0,7,0,0.18,20.26,0,0,0.09,None,0,0.05,0.0,0,15,25,147
2024-10-26,Mudda Pappu,Veg_Mains,5,0,6,0,5.5,28.22,0,1,0.14,None,1,0.3,0.0,0,15,25,0
2024-10-27,Mudda Pappu,Veg_Mains,6,0,5,0,1.35,19.12,0,1,0.07,None,0,0.02,0.0,0,15,25,184
2024-10-28,Mudda Pappu,Veg_Mains,0,0,4,0,2.02,19.98,0,0,0.05,None,0,0.15,0.0,0,15,25,173
2024-10-29,Mudda Pappu,Veg_Mains,1,0,3,0,0.74,26.16,0,0,0.13,None,1,0.25,0.0,0,15,25,0
2024-10-30,Mudda Pappu,Veg_Mains,2,0,2,0,1.41,22.87,0,0,0.09,None,0,0.05,0.0,0,15,25,162
2024-10-31,Mudda Pappu,Veg_Mains,3,0,1,0,0.74,23.56,0,0,0.02,None,1,0.2,0.0,0,15,25,0
2024-11-01,Mudda Pappu,Veg_Mains,4,0,0,0,1.84,27.76,0,0,0.03,None,0,0.05,0.0,0,15,25,147
2024-11-02,Mudda Pappu,Veg_Mains,5,0,29,0,1.89,31.36,0,0,0.08,None,1,0.3,0.0,0,15,25,0
2024-11-03,Mudda Pappu,Veg_Mains,6,0,28,0,0.09,22.6,0,0,0.1,None,0,0.02,0.0,0,15,25,159
2024-11-04,Mudda Pappu,Veg_Mains,0,0,27,0,2.4,29.8,0,0,0.02,None,0,0.15,0.0,0,15,25,184
2024-11-05,Mudda Pappu,Veg_Mains,1,0,26,0,0.57,29.88,0,0,0.12,None,1,0.25,0.0,0,15,25,0
2024-11-06,Mudda Pappu,Veg_Mains,2,0,25,0,7.94,20.53,0,0,0.03,None,0,0.05,0.0,0,15,25,164
2024-11-07,Mudda Pappu,Veg_Mains,3,0,24,0,2.84,25.78,0,0,0.06,None,1,0.2,0.0,0,15,25,0
2024-11-08,Mudda Pappu,Veg_Mains,4,1,23,1,0.03,28.97,0,0,0.3,None,0,0.05,0.0,1,15,25,10
2024-11-09,Mudda Pappu,Veg_Mains,5,0,22,0,1.26,21.8,0,1,0.14,None,1,0.3,0.0,0,15,25,0
2024-11-10,Mudda Pappu,Veg_Mains,6,0,21,0,0.85,26.94,0,0,0.11,None,0,0.02,0.0,0,15,25,158
2024-11-11,Mudda Pappu,Veg_Mains,0,0,20,0,0.02,27.8,0,0,0.11,None,0,0.15,0.0,0,15,25,168
2024-11-12,Mudda Pappu,Veg_Mains,1,0,19,0,0.61,28.7,0,0,0.08,None,1,0.25,0.0,0,15,25,0
2024-11-13,Mudda Pappu,Veg_Mains,2,0,18,0,2.72,20.16,0,0,0.09,None,0,0.05,0.0,0,15,25,164
2024-11-14,Mudda Pappu,Veg_Mains,3,0,17,0,5.16,32.64,0,1,0.07,None,1,0.2,0.0,0,15,25,0
2024-11-15,Mudda Pappu,Veg_Mains,4,0,16,0,0.38,21.35,0,1,0.05,None,0,0.05,0.0,0,15,25,183
2024-11-16,Mudda Pappu,Veg_Mains,5,0,15,0,0.57,18.02,0,1,0.13,None,1,0.3,0.0,0,15,25,0
2024-11-17,Mudda Pappu,Veg_Mains,6,0,14,0,3.53,18.92,0,0,0.05,None,0,0.02,0.0,0,15,25,169
2024-11-18,Mudda Pappu,Veg_Mains,0,0,13,0,1.3,29.61,0,0,0.05,None,0,0.15,0.0,0,15,25,174
2024-11-19,Mudda Pappu,Veg_Mains,1,0,12,0,1.44,26.94,0,0,0.08,None,1,0.25,0.0,0,15,25,0
2024-11-20,Mudda Pappu,Veg_Mains,2,0,11,0,1.94,32.83,0,0,0.04,None,0,0.05,0.0,0,15,25,182
2024-11-21,Mudda Pappu,Veg_Mains,3,0,10,0,2.85,22.17,0,1,0.11,None,1,0.2,0.0,0,15,25,0
2024-11-22,Mudda Pappu,Veg_Mains,4,0,9,0,5.06,18.75,0,0,0.03,None,0,0.05,0.0,0,15,25,138
2024-11-23,Mudda Pappu,Veg_Mains,5,0,8,0,1.51,30.15,0,0,0.04,None,1,0.3,0.0,0,15,25,0
2024-11-24,Mudda Pappu,Veg_Mains,6,0,7,0,9.52,18.69,0,0,0.14,None,0,0.02,0.0,0,15,25,157
2024-11-25,Mudda Pappu,Veg_Mains,0,0,6,0,3.94,26.4,0,1,0.04,None,0,0.15,0.0,0,15,25,218
2024-11-26,Mudda Pappu,Veg_Mains,1,0,5,0,5.58,24.15,0,0,0.09,None,1,0.25,0.0,0,15,25,0
2024-11-27,Mudda Pappu,Veg_Mains,2,0,4,0,0.02,31.03,0,0,0.11,None,0,0.05,0.0,0,15,25,152
2024-11-28,Mudda Pappu,Veg_Mains,3,0,3,0,3.49,26.77,0,0,0.06,None,1,0.2,0.0,0,15,25,0
2024-11-29,Mudda Pappu,Veg_Mains,4,0,2,0,4.25,23.65,0,1,0.03,None,0,0.05,0.0,0,15,25,172
2024-11-30,Mudda Pappu,Veg_Mains,5,0,1,0,0.07,23.51,0,1,0.14,None,1,0.3,0.0,0,15,25,0
2024-12-01,Mudda Pappu,Veg_Mains,6,0,1,0,0.09,24.27,0,0,0.06,None,0,0.02,0.0,0,15,25,155
2024-12-02,Mudda Pappu,Veg_Mains,0,0,0,0,0.97,20.92,0,1,0.07,None,0,0.15,0.0,0,15,25,214
2024-12-03,Mudda Pappu,Veg_Mains,1,0,29,0,0.76,27.54,0,1,0.03,None,1,0.25,0.0,0,15,25,0
2024-12-04,Mudda Pappu,Veg_Mains,2,0,28,0,2.03,21.9,0,0,0.06,None,0,0.05,0.0,0,15,25,165
2024-12-05,Mudda Pappu,Veg_Mains,3,0,27,0,0.48,27.86,0,0,0.07,None,1,0.2,0.0,0,15,25,0
2024-12-06,Mudda Pappu,Veg_Mains,4,0,26,0,3.08,27.09,0,1,0.06,None,0,0.05,0.0,0,15,25,165
2024-12-07,Mudda Pappu,Veg_Mains,5,0,25,0,3.35,20.42,0,1,0.07,None,1,0.3,0.0,0,15,25,0
2024-12-08,Mudda Pappu,Veg_Mains,6,1,24,0,0.51,24.17,0,1,0.15,None,0,0.02,0.0,1,15,25,18
2024-12-09,Mudda Pappu,Veg_Mains,0,0,23,0,1.59,17.7,0,0,0.06,None,0,0.15,0.0,0,15,25,187
2024-12-10,Mudda Pappu,Veg_Mains,1,0,22,0,5.12,26.18,0,0,0.14,None,1,0.25,0.0,0,15,25,0
2024-12-11,Mudda Pappu,Veg_Mains,2,0,21,0,0.4,23.19,0,0,0.1,None,0,0.05,0.0,0,15,25,165
2024-12-12,Mudda Pappu,Veg_Mains,3,0,20,0,4.39,27.92,0,0,0.1,None,1,0.2,0.0,0,15,25,0
2024-12-13,Mudda Pappu,Veg_Mains,4,0,19,0,3.97,26.3,0,0,0.08,None,0,0.05,0.0,0,15,25,142
2024-12-14,Mudda Pappu,Veg_Mains,5,0,18,0,0.9,25.3,0,0,0.09,None,1,0.3,0.0,0,15,25,0
2024-12-15,Mudda Pappu,Veg_Mains,6,0,17,0,6.63,31.49,0,0,0.03,None,0,0.02,0.0,0,15,25,158
2024-12-16,Mudda Pappu,Veg_Mains,0,0,16,0,0.46,21.01,0,0,0.11,None,0,0.15,0.0,0,15,25,171
2024-12-17,Mudda Pappu,Veg_Mains,1,0,15,0,1.05,27.61,0,0,0.1,None,1,0.25,0.0,0,15,25,0
2024-12-18,Mudda Pappu,Veg_Mains,2,0,14,0,0.3,27.83,0,1,0.14,None,0,0.05,0.0,0,15,25,194
2024-12-19,Mudda Pappu,Veg_Mains,3,0,13,0,3.74,26.11,0,0,0.05,None,1,0.2,0.0,0,15,25,0
2024-12-20,Mudda Pappu,Veg_Mains,4,0,12,0,2.39,30.67,0,0,0.05,None,0,0.05,0.0,0,15,25,144
2024-12-21,Mudda Pappu,Veg_Mains,5,0,11,0,6.21,26.1,0,1,0.1,None,1,0.3,0.0,0,15,25,0
2024-12-22,Mudda Pappu,Veg_Mains,6,0,10,0,0.43,29.57,0,0,0.04,None,0,0.02,0.0,0,15,25,172
2024-12-23,Mudda Pappu,Veg_Mains,0,0,9,0,2.9,29.33,0,0,0.02,None,0,0.15,0.0,0,15,25,196
2024-12-24,Mudda Pappu,Veg_Mains,1,1,8,0,0.34,24.04,0,0,0.1,None,1,0.25,0.0,1,15,25,0
2024-12-25,Mudda Pappu,Veg_Mains,2,0,7,0,3.05,32.88,0,0,0.06,None,0,0.05,0.0,0,15,25,166
2024-12-26,Mudda Pappu,Veg_Mains,3,0,6,0,1.36,22.92,0,0,0.11,None,1,0.2,0.0,0,15,25,0
2024-12-27,Mudda Pappu,Veg_Mains,4,0,5,0,3.63,24.38,0,0,0.11,None,0,0.05,0.0,0,15,25,124
2024-12-28,Mudda Pappu,Veg_Mains,5,0,4,0,0.87,25.87,0,1,0.07,None,1,0.3,0.0,0,15,25,0
2024-12-29,Mudda Pappu,Veg_Mains,6,0,3,0,18.29,16.74,0,0,0.03,None,0,0.02,0.0,0,15,25,171
2024-12-30,Mudda Pappu,Veg_Mains,0,0,2,0,3.13,25.69,0,1,0.04,None,0,0.15,0.0,0,15,25,214
2024-12-31,Mudda Pappu,Veg_Mains,1,0,1,0,0.41,20.53,0,0,0.05,None,1,0.25,0.0,0,15,25,0
2025-01-01,Mudda Pappu,Veg_Mains,2,0,1,0,1.27,26.02,0,1,0.09,None,0,0.05,0.0,0,15,25,189
2025-01-02,Mudda Pappu,Veg_Mains,3,0,0,0,1.7,23.24,0,0,0.03,None,1,0.2,0.0,0,15,25,0
2025-01-03,Mudda Pappu,Veg_Mains,4,0,29,0,5.29,22.17,0,1,0.04,None,0,0.05,0.0,0,15,25,174
2025-01-04,Mudda Pappu,Veg_Mains,5,0,28,0,2.61,23.03,0,1,0.11,None,1,0.3,0.0,0,15,25,0
2025-01-05,Mudda Pappu,Veg_Mains,6,0,27,0,1.44,20.72,0,0,0.1,None,0,0.02,0.0,0,15,25,151
2025-01-06,Mudda Pappu,Veg_Mains,0,0,26,0,4.83,29.83,0,0,0.13,None,0,0.15,0.0,0,15,25,154
2025-01-07,Mudda Pappu,Veg_Mains,1,0,25,0,0.75,27.31,0,0,0.09,None,1,0.25,0.0,0,15,25,0
2025-01-08,Mudda Pappu,Veg_Mains,2,0,24,0,0.25,20.13,0,0,0.05,None,0,0.05,0.0,0,15,25,165
2025-01-09,Mudda Pappu,Veg_Mains,3,0,23,0,1.45,24.21,0,0,0.03,None,1,0.2,0.0,0,15,25,0
2025-01-10,Mudda Pappu,Veg_Mains,4,0,22,0,9.64,25.71,0,0,0.03,None,0,0.05,0.0,0,15,25,148
2025-01-11,Mudda Pappu,Veg_Mains,5,0,21,0,0.56,18.45,0,0,0.15,None,1,0.3,0.0,0,15,25,0
2025-01-12,Mudda Pappu,Veg_Mains,6,0,20,0,0.24,20.55,0,0,0.07,None,0,0.02,0.0,0,15,25,161
2025-01-13,Mudda Pappu,Veg_Mains,0,0,19,0,0.81,27.48,0,0,0.08,None,0,0.15,0.0,0,15,25,164
2025-01-14,Mudda Pappu,Veg_Mains,1,0,18,0,0.76,18.89,0,1,0.04,None,1,0.25,0.0,0,15,25,0
2025-01-15,Mudda Pappu,Veg_Mains,2,0,17,0,5.36,31.4,0,1,0.13,None,0,0.05,0.0,0,15,25,179
2025-01-16,Mudda Pappu,Veg_Mains,3,0,16,0,16.99,29.42,0,0,0.11,None,1,0.2,0.0,0,15,25,0
2025-01-17,Mudda Pappu,Veg_Mains,4,0,15,0,1.63,29.57,0,0,0.04,None,0,0.05,0.0,0,15,25,140
2025-01-18,Mudda Pappu,Veg_Mains,5,0,14,0,0.08,26.35,0,0,0.12,None,1,0.3,0.0,0,15,25,0
2025-01-19,Mudda Pappu,Veg_Mains,6,0,13,0,2.01,28.31,0,0,0.05,None,0,0.02,0.0,0,15,25,145
2025-01-20,Mudda Pappu,Veg_Mains,0,0,12,0,3.98,24.09,0,0,0.1,None,0,0.15,0.0,0,15,25,180
2025-01-21,Mudda Pappu,Veg_Mains,1,0,11,0,0.66,14.96,0,0,0.13,None,1,0.25,0.0,0,15,25,0
2025-01-22,Mudda Pappu,Veg_Mains,2,0,10,0,4.16,25.58,0,0,0.05,None,0,0.05,0.0,0,15,25,159
2025-01-23,Mudda Pappu,Veg_Mains,3,0,9,0,1.67,22.1,0,0,0.04,None,1,0.2,0.0,0,15,25,0
2025-01-24,Mudda Pappu,Veg_Mains,4,0,8,0,0.04,18.75,0,0,0.11,None,0,0.05,0.0,0,15,25,154
2025-01-25,Mudda Pappu,Veg_Mains,5,0,7,0,8.05,27.6,0,0,0.05,None,1,0.3,0.0,0,15,25,0
2025-01-26,Mudda Pappu,Veg_Mains,6,0,6,0,2.08,20.47,0,0,0.12,None,0,0.02,0.0,0,15,25,137
2025-01-27,Mudda Pappu,Veg_Mains,0,0,5,0,4.57,28.04,0,1,0.07,None,0,0.15,0.0,0,15,25,204
2025-01-28,Mudda Pappu,Veg_Mains,1,0,4,0,2.11,22.25,0,0,0.12,None,1,0.25,0.0,0,15,25,0
2025-01-29,Mudda Pappu,Veg_Mains,2,0,3,0,7.2,22.45,0,0,0.12,None,0,0.05,0.0,0,15,25,154
2025-01-30,Mudda Pappu,Veg_Mains,3,0,2,0,4.96,23.18,0,1,0.06,None,1,0.2,0.0,0,15,25,0
2025-01-31,Mudda Pappu,Veg_Mains,4,0,1,0,1.21,33.88,0,0,0.04,None,0,0.05,0.0,0,15,25,147
2025-02-01,Mudda Pappu,Veg_Mains,5,0,28,0,4.18,26.36,0,1,0.14,None,1,0.3,0.0,0,15,25,0
2025-02-02,Mudda Pappu,Veg_Mains,6,0,27,0,6.19,29.6,0,0,0.03,None,0,0.02,0.0,0,15,25,162
2025-02-03,Mudda Pappu,Veg_Mains,0,0,26,0,0.63,23.66,0,0,0.09,None,0,0.15,0.0,0,15,25,178
2025-02-04,Mudda Pappu,Veg_Mains,1,0,25,0,3.34,26.26,0,0,0.07,None,1,0.25,0.0,0,15,25,0
2025-02-05,Mudda Pappu,Veg_Mains,2,0,24,0,0.15,25.29,0,0,0.06,None,0,0.05,0.0,0,15,25,159
2025-02-06,Mudda Pappu,Veg_Mains,3,0,23,0,2.36,24.76,0,0,0.06,None,1,0.2,0.0,0,15,25,0
2025-02-07,Mudda Pappu,Veg_Mains,4,0,22,0,0.45,29.19,0,1,0.05,None,0,0.05,0.0,0,15,25,165
2025-02-08,Mudda Pappu,Veg_Mains,5,0,21,0,4.61,27.04,0,0,0.07,None,1,0.3,0.0,0,15,25,0
2025-02-09,Mudda Pappu,Veg_Mains,6,0,20,0,2.72,24.99,0,1,0.06,None,0,0.02,0.0,0,15,25,186
2025-02-10,Mudda Pappu,Veg_Mains,0,0,19,0,0.38,25.6,0,1,0.08,None,0,0.15,0.0,0,15,25,201
2025-02-11,Mudda Pappu,Veg_Mains,1,0,18,0,3.81,24.57,0,1,0.06,None,1,0.25,0.0,0,15,25,0
2025-02-12,Mudda Pappu,Veg_Mains,2,0,17,0,0.03,25.11,0,0,0.08,None,0,0.05,0.0,0,15,25,163
2025-02-13,Mudda Pappu,Veg_Mains,3,0,16,0,0.02,22.75,0,0,0.05,None,1,0.2,0.0,0,15,25,0
2025-02-14,Mudda Pappu,Veg_Mains,4,0,15,0,0.21,25.94,0,0,0.07,None,0,0.05,0.0,0,15,25,143
2025-02-15,Mudda Pappu,Veg_Mains,5,0,14,0,0.34,28.66,0,1,0.03,None,1,0.3,0.0,0,15,25,0
2025-02-16,Mudda Pappu,Veg_Mains,6,0,13,0,0.4,26.15,0,0,0.14,None,0,0.02,0.0,0,15,25,140
2025-02-17,Mudda Pappu,Veg_Mains,0,0,12,0,0.04,25.88,0,0,0.12,None,0,0.15,0.0,0,15,25,161
2025-02-18,Mudda Pappu,Veg_Mains,1,0,11,0,3.53,16.07,0,0,0.06,None,1,0.25,0.0,0,15,25,0
2025-02-19,Mudda Pappu,Veg_Mains,2,0,10,0,2.38,24.12,0,0,0.03,None,0,0.05,0.0,0,15,25,174
2025-02-20,Mudda Pappu,Veg_Mains,3,0,9,0,4.33,30.26,0,0,0.1,None,1,0.2,0.0,0,15,25,0
2025-02-21,Mudda Pappu,Veg_Mains,4,0,8,0,0.21,28.45,0,0,0.06,None,0,0.05,0.0,0,15,25,150
2025-02-22,Mudda Pappu,Veg_Mains,5,0,7,0,1.44,23.89,0,0,0.06,None,1,0.3,0.0,0,15,25,0
2025-02-23,Mudda Pappu,Veg_Mains,6,0,6,0,0.68,30.64,0,0,0.03,None,0,0.02,0.0,0,15,25,170
2025-02-24,Mudda Pappu,Veg_Mains,0,0,5,0,2.82,22.58,0,0,0.04,None,0,0.15,0.0,0,15,25,181
2025-02-25,Mudda Pappu,Veg_Mains,1,0,4,0,7.81,27.65,0,0,0.13,None,1,0.25,0.0,0,15,25,0
2025-02-26,Mudda Pappu,Veg_Mains,2,0,3,0,1.19,23.28,0,0,0.12,None,0,0.05,0.0,0,15,25,158
2025-02-27,Mudda Pappu,Veg_Mains,3,0,2,0,4.09,18.32,0,1,0.08,None,1,0.2,0.0,0,15,25,0
2025-02-28,Mudda Pappu,Veg_Mains,4,0,1,0,7.21,31.05,0,1,0.06,Ramadan,0,0.05,0.15,0,15,25,148
2025-03-01,Mudda Pappu,Veg_Mains,5,0,1,0,2.93,22.78,0,0,0.12,Ramadan,1,0.3,0.15,0,15,25,0
2025-03-02,Mudda Pappu,Veg_Mains,6,0,0,0,1.32,32.76,0,0,0.04,Ramadan,0,0.02,0.15,0,15,25,133
2025-03-03,Mudda Pappu,Veg_Mains,0,0,29,0,10.26,31.66,0,0,0.14,Ramadan,0,0.15,0.15,0,15,25,139
2025-03-04,Mudda Pappu,Veg_Mains,1,0,28,0,0.4,28.39,0,0,0.02,Ramadan,1,0.25,0.15,0,15,25,0
2025-03-05,Mudda Pappu,Veg_Mains,2,0,27,0,3.91,31.07,0,0,0.15,Ramadan,0,0.05,0.15,0,15,25,132
2025-03-06,Mudda Pappu,Veg_Mains,3,0,26,0,0.38,29.03,0,0,0.07,Ramadan,1,0.2,0.15,0,15,25,0
2025-03-07,Mudda Pappu,Veg_Mains,4,0,25,0,4.5,23.52,0,1,0.04,Ramadan,0,0.05,0.15,0,15,25,156
2025-03-08,Mudda Pappu,Veg_Mains,5,0,24,0,0.66,27.52,0,1,0.11,Ramadan,1,0.3,0.15,0,15,25,0
2025-03-09,Mudda Pappu,Veg_Mains,6,0,23,0,0.9,23.53,0,0,0.09,Ramadan,0,0.02,0.15,0,15,25,133
2025-03-10,Mudda Pappu,Veg_Mains,0,1,22,1,3.9,25.31,0,0,0.18,Ramadan,0,0.15,0.15,1,15,25,14
2025-03-11,Mudda Pappu,Veg_Mains,1,0,21,0,1.22,19.35,0,1,0.04,Ramadan,1,0.25,0.15,0,15,25,0
2025-03-12,Mudda Pappu,Veg_Mains,2,0,20,0,2.45,32.73,0,0,0.14,Ramadan,0,0.05,0.15,0,15,25,135
2025-03-13,Mudda Pappu,Veg_Mains,3,0,19,0,7.6,22.82,0,0,0.09,Ramadan,1,0.2,0.15,0,15,25,0
2025-03-14,Mudda Pappu,Veg_Mains,4,0,18,0,1.98,21.96,0,0,0.13,Ramadan,0,0.05,0.15,0,15,25,113
2025-03-15,Mudda Pappu,Veg_Mains,5,0,17,0,2.58,25.12,0,0,0.02,Ramadan,1,0.3,0.15,0,15,25,0
2025-03-16,Mudda Pappu,Veg_Mains,6,0,16,0,2.54,22.79,0,0,0.06,Ramadan,0,0.02,0.15,0,15,25,137
2025-03-17,Mudda Pappu,Veg_Mains,0,0,15,0,1.01,29.06,0,0,0.08,Ramadan,0,0.15,0.15,0,15,25,142
2025-03-18,Mudda Pappu,Veg_Mains,1,0,14,0,2.37,24.88,0,0,0.06,Ramadan,1,0.25,0.15,0,15,25,0
2025-03-19,Mudda Pappu,Veg_Mains,2,0,13,0,9.95,30.48,0,0,0.11,Ramadan,0,0.05,0.15,0,15,25,137
2025-03-20,Mudda Pappu,Veg_Mains,3,0,12,0,1.56,26.32,0,1,0.1,Ramadan,1,0.2,0.15,0,15,25,0
2025-03-21,Mudda Pappu,Veg_Mains,4,0,11,0,0.61,29.51,0,0,0.08,Ramadan,0,0.05,0.15,0,15,25,122
2025-03-22,Mudda Pappu,Veg_Mains,5,0,10,0,0.48,23.84,0,0,0.08,Ramadan,1,0.3,0.15,0,15,25,0
2025-03-23,Mudda Pappu,Veg_Mains,6,0,9,0,6.49,25.32,0,1,0.07,Ramadan,0,0.02,0.15,0,15,25,162
2025-03-24,Mudda Pappu,Veg_Mains,0,0,8,0,8.35,21.35,0,0,0.12,Ramadan,0,0.15,0.15,0,15,25,149
2025-03-25,Mudda Pappu,Veg_Mains,1,0,7,0,1.09,29.85,0,0,0.13,Ramadan,1,0.25,0.15,0,15,25,0
2025-03-26,Mudda Pappu,Veg_Mains,2,0,6,0,1.76,30.67,0,0,0.05,Ramadan,0,0.05,0.15,0,15,25,132
2025-03-27,Mudda Pappu,Veg_Mains,3,0,5,0,2.63,18.27,0,1,0.04,Ramadan,1,0.2,0.15,0,15,25,0
2025-03-28,Mudda Pappu,Veg_Mains,4,0,4,0,2.11,23.87,0,0,0.15,Ramadan,0,0.05,0.15,0,15,25,98
2025-03-29,Mudda Pappu,Veg_Mains,5,0,3,0,4.8,26.93,0,1,0.08,Ramadan,1,0.3,0.15,0,15,25,0
2025-03-30,Mudda Pappu,Veg_Mains,6,0,2,0,0.68,30.28,0,1,0.09,Ramadan,0,0.02,0.15,0,15,25,166
2025-03-31,Mudda Pappu,Veg_Mains,0,0,1,0,1.06,22.58,0,0,0.08,None,0,0.15,0.0,0,15,25,180
2025-04-01,Mudda Pappu,Veg_Mains,1,0,0,0,0.42,39.88,0,1,0.03,None,1,0.25,0.0,0,15,25,0
2025-04-02,Mudda Pappu,Veg_Mains,2,0,29,0,0.0,39.8,0,0,0.08,None,0,0.05,0.0,0,15,25,169
2025-04-03,Mudda Pappu,Veg_Mains,3,0,28,0,3.1,42.19,0,1,0.15,None,1,0.2,0.0,0,15,25,0
2025-04-04,Mudda Pappu,Veg_Mains,4,0,27,0,0.16,37.82,0,1,0.03,None,0,0.05,0.0,0,15,25,181
2025-04-05,Mudda Pappu,Veg_Mains,5,0,26,0,0.13,39.49,0,1,0.14,None,1,0.3,0.0,0,15,25,0
2025-04-06,Mudda Pappu,Veg_Mains,6,0,25,0,0.13,42.18,0,1,0.06,None,0,0.02,0.0,0,15,25,214
2025-04-07,Mudda Pappu,Veg_Mains,0,1,24,1,2.48,37.25,0,0,0.25,None,0,0.15,0.0,1,15,25,14
2025-04-08,Mudda Pappu,Veg_Mains,1,0,23,0,0.06,38.3,0,0,0.08,None,1,0.25,0.0,0,15,25,0
2025-04-09,Mudda Pappu,Veg_Mains,2,0,22,0,0.1,38.91,0,0,0.02,None,0,0.05,0.0,0,15,25,175
2025-04-10,Mudda Pappu,Veg_Mains,3,0,21,0,0.66,40.42,0,0,0.11,None,1,0.2,0.0,0,15,25,0
2025-04-11,Mudda Pappu,Veg_Mains,4,0,20,0,0.12,41.52,0,1,0.08,None,0,0.05,0.0,0,15,25,156
2025-04-12,Mudda Pappu,Veg_Mains,5,0,19,0,0.01,41.86,0,0,0.07,None,1,0.3,0.0,0,15,25,0
2025-04-13,Mudda Pappu,Veg_Mains,6,0,18,0,1.05,35.75,0,0,0.03,None,0,0.02,0.0,0,15,25,177
2025-04-14,Mudda Pappu,Veg_Mains,0,0,17,0,2.34,39.14,0,0,0.04,None,0,0.15,0.0,0,15,25,192
2025-04-15,Mudda Pappu,Veg_Mains,1,0,16,0,0.09,38.64,0,0,0.05,None,1,0.25,0.0,0,15,25,0
2025-04-16,Mudda Pappu,Veg_Mains,2,0,15,0,0.2,43.07,0,1,0.13,None,0,0.05,0.0,0,15,25,173
2025-04-17,Mudda Pappu,Veg_Mains,3,0,14,0,0.0,42.44,0,0,0.06,None,1,0.2,0.0,0,15,25,0
2025-04-18,Mudda Pappu,Veg_Mains,4,0,13,0,0.97,39.2,0,1,0.04,None,0,0.05,0.0,0,15,25,179
2025-04-19,Mudda Pappu,Veg_Mains,5,0,12,0,0.69,43.9,0,0,0.03,None,1,0.3,0.0,0,15,25,0
2025-04-20,Mudda Pappu,Veg_Mains,6,0,11,0,0.21,37.8,0,1,0.13,None,0,0.02,0.0,0,15,25,179
2025-04-21,Mudda Pappu,Veg_Mains,0,0,10,0,0.03,40.55,0,0,0.08,None,0,0.15,0.0,0,15,25,176
2025-04-22,Mudda Pappu,Veg_Mains,1,0,9,0,0.17,40.81,0,0,0.04,None,1,0.25,0.0,0,15,25,0
2025-04-23,Mudda Pappu,Veg_Mains,2,0,8,0,2.72,39.84,0,0,0.03,None,0,0.05,0.0,0,15,25,163
2025-04-24,Mudda Pappu,Veg_Mains,3,0,7,0,1.19,41.17,0,0,0.06,None,1,0.2,0.0,0,15,25,0
2025-04-25,Mudda Pappu,Veg_Mains,4,0,6,0,1.12,40.97,0,0,0.04,None,0,0.05,0.0,0,15,25,158
2025-04-26,Mudda Pappu,Veg_Mains,5,0,5,0,1.15,39.23,0,0,0.08,None,1,0.3,0.0,0,15,25,0
2025-04-27,Mudda Pappu,Veg_Mains,6,1,4,0,0.26,40.09,0,0,0.11,None,0,0.02,0.0,1,15,25,14
2025-04-28,Mudda Pappu,Veg_Mains,0,0,3,0,0.74,38.31,0,1,0.08,None,0,0.15,0.0,0,15,25,222
2025-04-29,Mudda Pappu,Veg_Mains,1,0,2,0,2.89,36.97,0,0,0.05,None,1,0.25,0.0,0,15,25,0
2025-04-30,Mudda Pappu,Veg_Mains,2,0,1,0,0.02,37.45,0,0,0.04,None,0,0.05,0.0,0,15,25,162
2025-05-01,Mudda Pappu,Veg_Mains,3,0,1,0,0.21,36.9,0,0,0.12,None,1,0.2,0.0,0,15,25,0
2025-05-02,Mudda Pappu,Veg_Mains,4,0,0,0,0.25,42.33,0,0,0.11,None,0,0.05,0.0,0,15,25,153
2025-05-03,Mudda Pappu,Veg_Mains,5,0,29,0,1.16,39.08,0,0,0.06,None,1,0.3,0.0,0,15,25,0
2025-05-04,Mudda Pappu,Veg_Mains,6,0,28,0,0.49,39.08,0,0,0.09,None,0,0.02,0.0,0,15,25,160
2025-05-05,Mudda Pappu,Veg_Mains,0,0,27,0,1.47,35.66,0,1,0.06,None,0,0.15,0.0,0,15,25,202
2025-05-06,Mudda Pappu,Veg_Mains,1,0,26,0,0.14,40.59,0,1,0.04,None,1,0.25,0.0,0,15,25,0
2025-05-07,Mudda Pappu,Veg_Mains,2,0,25,0,0.07,40.76,0,0,0.04,None,0,0.05,0.0,0,15,25,164
2025-05-08,Mudda Pappu,Veg_Mains,3,0,24,0,0.02,38.2,0,1,0.13,None,1,0.2,0.0,0,15,25,0
2025-05-09,Mudda Pappu,Veg_Mains,4,0,23,0,0.84,39.89,0,1,0.09,None,0,0.05,0.0,0,15,25,163
2025-05-10,Mudda Pappu,Veg_Mains,5,0,22,0,1.66,38.72,0,0,0.1,None,1,0.3,0.0,0,15,25,0
2025-05-11,Mudda Pappu,Veg_Mains,6,0,21,0,0.13,39.77,0,0,0.14,None,0,0.02,0.0,0,15,25,152
2025-05-12,Mudda Pappu,Veg_Mains,0,0,20,0,0.04,39.4,0,0,0.1,None,0,0.15,0.0,0,15,25,169
2025-05-13,Mudda Pappu,Veg_Mains,1,0,19,0,6.74,38.31,0,0,0.12,None,1,0.25,0.0,0,15,25,0
2025-05-14,Mudda Pappu,Veg_Mains,2,0,18,0,0.02,40.06,0,0,0.04,None,0,0.05,0.0,0,15,25,166
2025-05-15,Mudda Pappu,Veg_Mains,3,0,17,0,2.33,42.04,0,0,0.07,None,1,0.2,0.0,0,15,25,0
2025-05-16,Mudda Pappu,Veg_Mains,4,1,16,1,0.45,35.66,0,0,0.27,None,0,0.05,0.0,1,15,25,12
2025-05-17,Mudda Pappu,Veg_Mains,5,0,15,0,0.02,39.31,0,0,0.12,None,1,0.3,0.0,0,15,25,0
2025-05-18,Mudda Pappu,Veg_Mains,6,0,14,0,0.0,37.66,0,0,0.02,None,0,0.02,0.0,0,15,25,161
2025-05-19,Mudda Pappu,Veg_Mains,0,0,13,0,1.97,38.67,0,0,0.13,None,0,0.15,0.0,0,15,25,162
2025-05-20,Mudda Pappu,Veg_Mains,1,0,12,0,0.84,39.99,0,0,0.09,None,1,0.25,0.0,0,15,25,0
2025-05-21,Mudda Pappu,Veg_Mains,2,0,11,0,0.43,45.28,1,1,0.06,None,0,0.05,0.0,0,15,25,203
2025-05-22,Mudda Pappu,Veg_Mains,3,0,10,0,0.82,38.12,0,0,0.05,None,1,0.2,0.0,0,15,25,0
2025-05-23,Mudda Pappu,Veg_Mains,4,0,9,0,0.16,40.96,0,0,0.11,None,0,0.05,0.0,0,15,25,147
2025-05-24,Mudda Pappu,Veg_Mains,5,0,8,0,0.22,40.5,0,1,0.07,None,1,0.3,0.0,0,15,25,0
2025-05-25,Mudda Pappu,Veg_Mains,6,0,7,0,0.0,36.79,0,1,0.06,None,0,0.02,0.0,0,15,25,189
2025-05-26,Mudda Pappu,Veg_Mains,0,0,6,0,0.82,42.55,0,0,0.12,None,0,0.15,0.0,0,15,25,167
2025-05-27,Mudda Pappu,Veg_Mains,1,0,5,0,4.69,43.11,0,0,0.05,None,1,0.25,0.0,0,15,25,0
2025-05-28,Mudda Pappu,Veg_Mains,2,0,4,0,0.04,43.75,0,0,0.14,None,0,0.05,0.0,0,15,25,147
2025-05-29,Mudda Pappu,Veg_Mains,3,0,3,0,0.0,39.84,0,0,0.11,None,1,0.2,0.0,0,15,25,0
2025-05-30,Mudda Pappu,Veg_Mains,4,0,2,0,0.06,39.9,0,0,0.04,None,0,0.05,0.0,0,15,25,152
2025-05-31,Mudda Pappu,Veg_Mains,5,0,1,0,1.87,40.0,0,0,0.12,None,1,0.3,0.0,0,15,25,0
2025-06-01,Mudda Pappu,Veg_Mains,6,0,0,0,25.41,28.89,0,0,0.03,None,0,0.02,0.0,0,15,25,182
2025-06-02,Mudda Pappu,Veg_Mains,0,0,29,0,26.88,27.02,0,0,0.04,None,0,0.15,0.0,0,15,25,219
2025-06-03,Mudda Pappu,Veg_Mains,1,0,28,0,16.96,32.21,0,0,0.07,None,1,0.25,0.0,0,15,25,0
2025-06-04,Mudda Pappu,Veg_Mains,2,0,27,0,12.66,33.5,0,0,0.09,None,0,0.05,0.0,0,15,25,141
2025-06-05,Mudda Pappu,Veg_Mains,3,0,26,0,12.02,29.55,0,0,0.02,None,1,0.2,0.0,0,15,25,0
2025-06-06,Mudda Pappu,Veg_Mains,4,0,25,0,28.15,25.81,0,0,0.08,None,0,0.05,0.0,0,15,25,172
2025-06-07,Mudda Pappu,Veg_Mains,5,0,24,0,11.82,31.98,0,0,0.13,None,1,0.3,0.0,0,15,25,0
2025-06-08,Mudda Pappu,Veg_Mains,6,0,23,0,16.3,26.01,0,0,0.14,None,0,0.02,0.0,0,15,25,146
2025-06-09,Mudda Pappu,Veg_Mains,0,0,22,0,6.45,32.61,0,0,0.03,None,0,0.15,0.0,0,15,25,190
2025-06-10,Mudda Pappu,Veg_Mains,1,0,21,0,8.05,25.65,0,0,0.03,None,1,0.25,0.0,0,15,25,0
2025-06-11,Mudda Pappu,Veg_Mains,2,0,20,0,8.23,29.14,0,0,0.04,None,0,0.05,0.0,0,15,25,172
2025-06-12,Mudda Pappu,Veg_Mains,3,0,19,0,68.93,32.61,1,0,0.13,None,1,0.2,0.0,0,15,25,0
2025-06-13,Mudda Pappu,Veg_Mains,4,0,18,0,4.6,30.57,0,0,0.04,None,0,0.05,0.0,0,15,25,147
2025-06-14,Mudda Pappu,Veg_Mains,5,0,17,0,41.11,28.18,1,0,0.05,None,1,0.3,0.0,0,15,25,0
2025-06-15,Mudda Pappu,Veg_Mains,6,0,16,0,18.98,31.17,0,0,0.13,None,0,0.02,0.0,0,15,25,149
2025-06-16,Mudda Pappu,Veg_Mains,0,0,15,0,5.36,26.81,0,0,0.07,None,0,0.15,0.0,0,15,25,184
2025-06-17,Mudda Pappu,Veg_Mains,1,0,14,0,22.08,28.67,0,0,0.07,None,1,0.25,0.0,0,15,25,0
2025-06-18,Mudda Pappu,Veg_Mains,2,0,13,0,18.16,32.57,0,0,0.13,None,0,0.05,0.0,0,15,25,164
2025-06-19,Mudda Pappu,Veg_Mains,3,0,12,0,42.4,28.65,1,0,0.04,None,1,0.2,0.0,0,15,25,0
2025-06-20,Mudda Pappu,Veg_Mains,4,0,11,0,35.76,30.01,0,1,0.03,None,0,0.05,0.0,0,15,25,195
2025-06-21,Mudda Pappu,Veg_Mains,5,0,10,0,14.15,35.24,0,0,0.07,None,1,0.3,0.0,0,15,25,0
2025-06-22,Mudda Pappu,Veg_Mains,6,0,9,0,7.41,32.01,0,1,0.08,None,0,0.02,0.0,0,15,25,185
2025-06-23,Mudda Pappu,Veg_Mains,0,0,8,0,20.98,28.03,0,0,0.06,None,0,0.15,0.0,0,15,25,222
2025-06-24,Mudda Pappu,Veg_Mains,1,0,7,0,1.68,27.14,0,0,0.13,None,1,0.25,0.0,0,15,25,0
2025-06-25,Mudda Pappu,Veg_Mains,2,0,6,0,18.61,30.84,0,0,0.02,None,0,0.05,0.0,0,15,25,152
2025-06-26,Mudda Pappu,Veg_Mains,3,0,5,0,25.11,32.13,0,0,0.12,None,1,0.2,0.0,0,15,25,0
2025-06-27,Mudda Pappu,Veg_Mains,4,0,4,0,12.76,33.15,0,0,0.03,None,0,0.05,0.0,0,15,25,158
2025-06-28,Mudda Pappu,Veg_Mains,5,0,3,0,13.78,23.69,0,1,0.11,None,1,0.3,0.0,0,15,25,0
2025-06-29,Mudda Pappu,Veg_Mains,6,0,2,0,2.46,33.14,0,0,0.13,None,0,0.02,0.0,0,15,25,153
2025-06-30,Mudda Pappu,Veg_Mains,0,0,1,0,70.63,36.56,1,0,0.12,None,0,0.15,0.0,0,15,25,178
2025-07-01,Mudda Pappu,Veg_Mains,1,0,1,0,16.48,24.6,0,0,0.13,None,1,0.25,0.0,0,15,25,0
2025-07-02,Mudda Pappu,Veg_Mains,2,0,0,0,12.81,32.22,0,0,0.14,None,0,0.05,0.0,0,15,25,147
2025-07-03,Mudda Pappu,Veg_Mains,3,0,29,0,4.66,30.09,0,1,0.08,None,1,0.2,0.0,0,15,25,0
2025-07-04,Mudda Pappu,Veg_Mains,4,0,28,0,3.57,30.12,0,0,0.09,None,0,0.05,0.0,0,15,25,143
2025-07-05,Mudda Pappu,Veg_Mains,5,0,27,0,6.32,32.87,0,1,0.08,None,1,0.3,0.0,0,15,25,0
2025-07-06,Mudda Pappu,Veg_Mains,6,0,26,0,23.21,26.37,0,0,0.07,None,0,0.02,0.0,0,15,25,175
2025-07-07,Mudda Pappu,Veg_Mains,0,0,25,0,24.02,31.2,0,0,0.04,None,0,0.15,0.0,0,15,25,213
2025-07-08,Mudda Pappu,Veg_Mains,1,0,24,0,26.46,29.96,0,0,0.11,None,1,0.25,0.0,0,15,25,0
2025-07-09,Mudda Pappu,Veg_Mains,2,1,23,0,12.81,27.19,0,0,0.12,None,0,0.05,0.0,1,15,25,15
2025-07-10,Mudda Pappu,Veg_Mains,3,0,22,0,30.11,31.18,0,0,0.05,None,1,0.2,0.0,0,15,25,0
2025-07-11,Mudda Pappu,Veg_Mains,4,0,21,0,9.52,33.1,0,0,0.14,None,0,0.05,0.0,0,15,25,134
2025-07-12,Mudda Pappu,Veg_Mains,5,0,20,0,21.23,31.55,0,1,0.05,None,1,0.3,0.0,0,15,25,0
2025-07-13,Mudda Pappu,Veg_Mains,6,0,19,0,2.1,27.98,0,0,0.02,None,0,0.02,0.0,0,15,25,162
2025-07-14,Mudda Pappu,Veg_Mains,0,0,18,0,5.93,28.76,0,0,0.09,None,0,0.15,0.0,0,15,25,157
2025-07-15,Mudda Pappu,Veg_Mains,1,0,17,0,23.34,30.68,0,0,0.09,None,1,0.25,0.0,0,15,25,0
2025-07-16,Mudda Pappu,Veg_Mains,2,0,16,0,13.89,34.32,0,0,0.13,None,0,0.05,0.0,0,15,25,149
2025-07-17,Mudda Pappu,Veg_Mains,3,0,15,0,28.73,33.48,0,0,0.04,None,1,0.2,0.0,0,15,25,0
2025-07-18,Mudda Pappu,Veg_Mains,4,0,14,0,22.37,30.87,0,0,0.07,None,0,0.05,0.0,0,15,25,168
2025-07-19,Mudda Pappu,Veg_Mains,5,0,13,0,7.32,28.71,0,1,0.11,None,1,0.3,0.0,0,15,25,0
2025-07-20,Mudda Pappu,Veg_Mains,6,0,12,0,64.65,31.17,1,1,0.1,None,0,0.02,0.0,0,15,25,219
2025-07-21,Mudda Pappu,Veg_Mains,0,0,11,0,16.5,32.46,0,0,0.13,None,0,0.15,0.0,0,15,25,161
2025-07-22,Mudda Pappu,Veg_Mains,1,0,10,0,8.2,28.8,0,0,0.08,None,1,0.25,0.0,0,15,25,0
2025-07-23,Mudda Pappu,Veg_Mains,2,0,9,0,9.53,31.39,0,0,0.13,None,0,0.05,0.0,0,15,25,163
2025-07-24,Mudda Pappu,Veg_Mains,3,0,8,0,27.42,25.59,0,0,0.03,None,1,0.2,0.0,0,15,25,0
2025-07-25,Mudda Pappu,Veg_Mains,4,0,7,0,25.67,26.35,0,1,0.06,Shravan,0,0.4,0.02,0,15,25,273
2025-07-26,Mudda Pappu,Veg_Mains,5,0,6,0,7.4,30.24,0,0,0.14,Shravan,1,0.4,0.02,0,15,25,0
2025-07-27,Mudda Pappu,Veg_Mains,6,0,5,0,8.15,29.49,0,0,0.06,Shravan,0,0.4,0.02,0,15,25,206
2025-07-28,Mudda Pappu,Veg_Mains,0,1,4,1,13.53,25.47,0,1,0.2,Shravan,0,0.4,0.02,1,15,25,20
2025-07-29,Mudda Pappu,Veg_Mains,1,0,3,0,3.33,27.91,0,0,0.03,Shravan,1,0.4,0.02,0,15,25,0
2025-07-30,Mudda Pappu,Veg_Mains,2,0,2,0,31.43,27.99,0,1,0.05,Shravan,0,0.4,0.02,0,15,25,283
2025-07-31,Mudda Pappu,Veg_Mains,3,0,1,0,10.42,29.18,0,0,0.06,Shravan,1,0.4,0.02,0,15,25,0
2025-08-01,Mudda Pappu,Veg_Mains,4,0,1,0,36.62,25.1,0,0,0.06,Shravan,0,0.4,0.02,0,15,25,224
2025-08-02,Mudda Pappu,Veg_Mains,5,0,0,0,7.33,29.43,0,0,0.12,Shravan,1,0.4,0.02,0,15,25,0
2025-08-03,Mudda Pappu,Veg_Mains,6,0,29,0,15.27,34.33,0,0,0.14,Shravan,0,0.4,0.02,0,15,25,221
2025-08-04,Mudda Pappu,Veg_Mains,0,0,28,0,10.46,27.27,0,1,0.03,Shravan,0,0.4,0.02,0,15,25,266
2025-08-05,Mudda Pappu,Veg_Mains,1,0,27,0,12.49,26.1,0,0,0.03,Shravan,1,0.4,0.02,0,15,25,0
2025-08-06,Mudda Pappu,Veg_Mains,2,0,26,0,9.79,30.59,0,1,0.03,Shravan,0,0.4,0.02,0,15,25,250
2025-08-07,Mudda Pappu,Veg_Mains,3,0,25,0,17.87,25.41,0,1,0.08,Shravan,1,0.4,0.02,0,15,25,0
2025-08-08,Mudda Pappu,Veg_Mains,4,0,24,0,30.73,28.85,0,1,0.14,Shravan,0,0.4,0.02,0,15,25,229
2025-08-09,Mudda Pappu,Veg_Mains,5,0,23,0,5.54,29.47,0,0,0.14,Shravan,1,0.4,0.02,0,15,25,0
2025-08-10,Mudda Pappu,Veg_Mains,6,0,22,0,4.81,32.38,0,0,0.12,Shravan,0,0.4,0.02,0,15,25,203
2025-08-11,Mudda Pappu,Veg_Mains,0,0,21,0,9.76,32.27,0,0,0.07,Shravan,0,0.4,0.02,0,15,25,196
2025-08-12,Mudda Pappu,Veg_Mains,1,0,20,0,40.6,33.02,1,0,0.03,Shravan,1,0.4,0.02,0,15,25,0
2025-08-13,Mudda Pappu,Veg_Mains,2,0,19,0,16.51,34.76,0,1,0.13,Shravan,0,0.4,0.02,0,15,25,256
2025-08-14,Mudda Pappu,Veg_Mains,3,0,18,0,11.01,29.49,0,0,0.02,Shravan,1,0.4,0.02,0,15,25,0
2025-08-15,Mudda Pappu,Veg_Mains,4,0,17,0,23.19,22.85,0,1,0.1,Shravan,0,0.4,0.02,0,15,25,249
2025-08-16,Mudda Pappu,Veg_Mains,5,0,16,0,33.64,31.29,0,0,0.07,Shravan,1,0.4,0.02,0,15,25,0
2025-08-17,Mudda Pappu,Veg_Mains,6,0,15,0,28.08,30.19,0,1,0.06,Shravan,0,0.4,0.02,0,15,25,293
2025-08-18,Mudda Pappu,Veg_Mains,0,0,14,0,27.95,33.59,0,0,0.04,Shravan,0,0.4,0.02,0,15,25,259
2025-08-19,Mudda Pappu,Veg_Mains,1,0,13,0,9.44,27.66,0,0,0.04,Shravan,1,0.4,0.02,0,15,25,0
2025-08-20,Mudda Pappu,Veg_Mains,2,0,12,0,21.32,34.85,0,1,0.12,Shravan,0,0.4,0.02,0,15,25,262
2025-08-21,Mudda Pappu,Veg_Mains,3,0,11,0,32.23,33.67,0,0,0.08,Shravan,1,0.4,0.02,0,15,25,0
2025-08-22,Mudda Pappu,Veg_Mains,4,0,10,0,40.36,29.48,1,0,0.02,Shravan,0,0.4,0.02,0,15,25,214
2025-08-23,Mudda Pappu,Veg_Mains,5,0,9,0,34.21,26.86,0,1,0.05,Shravan,1,0.4,0.02,0,15,25,0
2025-08-24,Mudda Pappu,Veg_Mains,6,0,8,0,11.72,30.28,0,0,0.04,None,0,0.02,0.0,0,15,25,157
2025-08-25,Mudda Pappu,Veg_Mains,0,0,7,0,16.87,34.93,0,0,0.12,None,0,0.15,0.0,0,15,25,145
2025-08-26,Mudda Pappu,Veg_Mains,1,0,6,0,19.73,31.51,0,0,0.1,None,1,0.25,0.0,0,15,25,0
2025-08-27,Mudda Pappu,Veg_Mains,2,0,5,0,23.76,29.02,0,0,0.14,None,0,0.05,0.0,0,15,25,180
2025-08-28,Mudda Pappu,Veg_Mains,3,0,4,0,51.46,33.12,1,0,0.08,None,1,0.2,0.0,0,15,25,0
2025-08-29,Mudda Pappu,Veg_Mains,4,0,3,0,14.76,27.18,0,0,0.12,None,0,0.05,0.0,0,15,25,145
2025-08-30,Mudda Pappu,Veg_Mains,5,0,2,0,21.86,27.78,0,1,0.11,None,1,0.3,0.0,0,15,25,0
2025-08-31,Mudda Pappu,Veg_Mains,6,0,1,0,12.87,31.63,0,0,0.08,None,0,0.02,0.0,0,15,25,151
2025-09-01,Mudda Pappu,Veg_Mains,0,0,0,0,31.96,29.61,0,0,0.05,None,0,0.15,0.0,0,15,25,208
2025-09-02,Mudda Pappu,Veg_Mains,1,0,29,0,20.1,29.96,0,0,0.09,None,1,0.25,0.0,0,15,25,0
2025-09-03,Mudda Pappu,Veg_Mains,2,0,28,0,18.87,32.24,0,0,0.1,None,0,0.05,0.0,0,15,25,147
2025-09-04,Mudda Pappu,Veg_Mains,3,0,27,0,40.76,27.15,1,0,0.03,None,1,0.2,0.0,0,15,25,0
2025-09-05,Mudda Pappu,Veg_Mains,4,0,26,0,11.03,30.21,0,0,0.1,None,0,0.05,0.0,0,15,25,145
2025-09-06,Mudda Pappu,Veg_Mains,5,0,25,0,8.78,29.69,0,0,0.08,None,1,0.3,0.0,0,15,25,0
2025-09-07,Mudda Pappu,Veg_Mains,6,0,24,0,21.97,32.55,0,1,0.14,None,0,0.02,0.0,0,15,25,210
2025-09-08,Mudda Pappu,Veg_Mains,0,0,23,0,11.75,31.35,0,0,0.09,None,0,0.15,0.0,0,15,25,189
2025-09-09,Mudda Pappu,Veg_Mains,1,0,22,0,12.87,22.78,0,0,0.15,None,1,0.25,0.0,0,15,25,0
2025-09-10,Mudda Pappu,Veg_Mains,2,0,21,0,19.57,29.0,0,0,0.03,None,0,0.05,0.0,0,15,25,170
2025-09-11,Mudda Pappu,Veg_Mains,3,0,20,0,21.86,28.85,0,0,0.08,None,1,0.2,0.0,0,15,25,0
2025-09-12,Mudda Pappu,Veg_Mains,4,0,19,0,4.57,31.71,0,0,0.14,None,0,0.05,0.0,0,15,25,141
2025-09-13,Mudda Pappu,Veg_Mains,5,0,18,0,24.27,30.32,0,0,0.14,None,1,0.3,0.0,0,15,25,0
2025-09-14,Mudda Pappu,Veg_Mains,6,0,17,0,10.29,28.15,0,0,0.09,None,0,0.02,0.0,0,15,25,154
2025-09-15,Mudda Pappu,Veg_Mains,0,0,16,0,9.3,31.37,0,1,0.07,None,0,0.15,0.0,0,15,25,234
2025-09-16,Mudda Pappu,Veg_Mains,1,0,15,0,53.8,29.21,1,0,0.03,None,1,0.25,0.0,0,15,25,0
2025-09-17,Mudda Pappu,Veg_Mains,2,1,14,0,22.05,32.09,0,0,0.13,None,0,0.05,0.0,1,15,25,19
2025-09-18,Mudda Pappu,Veg_Mains,3,0,13,0,43.07,22.69,1,0,0.03,None,1,0.2,0.0,0,15,25,0
2025-09-19,Mudda Pappu,Veg_Mains,4,0,12,0,20.38,28.21,0,0,0.02,None,0,0.05,0.0,0,15,25,188
2025-09-20,Mudda Pappu,Veg_Mains,5,0,11,0,15.17,26.69,0,0,0.11,None,1,0.3,0.0,0,15,25,0
2025-09-21,Mudda Pappu,Veg_Mains,6,0,10,0,4.05,35.6,0,0,0.13,None,0,0.02,0.0,0,15,25,141
2025-09-22,Mudda Pappu,Veg_Mains,0,0,9,0,11.3,25.86,0,0,0.07,Navratri,0,0.45,0.05,0,15,25,207
2025-09-23,Mudda Pappu,Veg_Mains,1,0,8,0,4.47,29.46,0,0,0.14,Navratri,1,0.45,0.05,0,15,25,0
2025-09-24,Mudda Pappu,Veg_Mains,2,0,7,0,4.55,33.68,0,0,0.05,Navratri,0,0.45,0.05,0,15,25,191
2025-09-25,Mudda Pappu,Veg_Mains,3,0,6,0,3.94,35.02,0,0,0.08,Navratri,1,0.45,0.05,0,15,25,0
2025-09-26,Mudda Pappu,Veg_Mains,4,0,5,0,23.19,33.02,0,0,0.13,Navratri,0,0.45,0.05,0,15,25,229
2025-09-27,Mudda Pappu,Veg_Mains,5,0,4,0,14.78,33.18,0,0,0.08,Navratri,1,0.45,0.05,0,15,25,0
2025-09-28,Mudda Pappu,Veg_Mains,6,0,3,0,23.49,25.04,0,0,0.13,Navratri,0,0.45,0.05,0,15,25,234
2025-09-29,Mudda Pappu,Veg_Mains,0,0,2,0,26.44,30.25,0,0,0.1,Navratri,0,0.45,0.05,0,15,25,231
2025-09-30,Mudda Pappu,Veg_Mains,1,0,1,0,9.36,38.68,0,0,0.07,Navratri,1,0.45,0.05,0,15,25,0
2025-10-01,Mudda Pappu,Veg_Mains,2,0,1,0,0.27,27.83,0,0,0.05,Navratri,0,0.45,0.05,0,15,25,228
2025-10-02,Mudda Pappu,Veg_Mains,3,0,0,0,0.64,18.13,0,0,0.1,Navratri,1,0.45,0.05,0,15,25,0
2025-10-03,Mudda Pappu,Veg_Mains,4,0,29,0,3.25,33.83,0,0,0.04,None,0,0.05,0.0,0,15,25,157
2025-10-04,Mudda Pappu,Veg_Mains,5,0,28,0,0.36,28.18,0,0,0.09,None,1,0.3,0.0,0,15,25,0
2025-10-05,Mudda Pappu,Veg_Mains,6,0,27,0,7.45,20.19,0,0,0.11,None,0,0.02,0.0,0,15,25,145
2025-10-06,Mudda Pappu,Veg_Mains,0,0,26,0,0.64,31.98,0,1,0.11,None,0,0.15,0.0,0,15,25,206
2025-10-07,Mudda Pappu,Veg_Mains,1,0,25,0,0.62,27.56,0,0,0.06,None,1,0.25,0.0,0,15,25,0
2025-10-08,Mudda Pappu,Veg_Mains,2,0,24,0,1.16,29.4,0,0,0.04,None,0,0.05,0.0,0,15,25,184
2025-10-09,Mudda Pappu,Veg_Mains,3,0,23,0,6.94,24.7,0,0,0.06,None,1,0.2,0.0,0,15,25,0
2025-10-10,Mudda Pappu,Veg_Mains,4,0,22,0,1.79,25.61,0,0,0.08,None,0,0.05,0.0,0,15,25,146
2025-10-11,Mudda Pappu,Veg_Mains,5,0,21,0,1.16,22.14,0,0,0.03,None,1,0.3,0.0,0,15,25,0
2025-10-12,Mudda Pappu,Veg_Mains,6,0,20,0,1.94,23.58,0,0,0.12,None,0,0.02,0.0,0,15,25,149
2025-10-13,Mudda Pappu,Veg_Mains,0,0,19,0,6.14,29.74,0,0,0.13,None,0,0.15,0.0,0,15,25,188
2025-10-14,Mudda Pappu,Veg_Mains,1,1,18,0,0.23,34.28,0,0,0.03,None,1,0.25,0.0,1,15,25,0
2025-10-15,Mudda Pappu,Veg_Mains,2,0,17,0,0.23,20.63,0,1,0.05,None,0,0.05,0.0,0,15,25,190
2025-10-16,Mudda Pappu,Veg_Mains,3,0,16,0,17.13,30.21,0,0,0.1,None,1,0.2,0.0,0,15,25,0
2025-10-17,Mudda Pappu,Veg_Mains,4,0,15,0,2.31,19.81,0,0,0.03,None,0,0.05,0.0,0,15,25,158
2025-10-18,Mudda Pappu,Veg_Mains,5,0,14,0,0.02,26.21,0,0,0.14,None,1,0.3,0.0,0,15,25,0
2025-10-19,Mudda Pappu,Veg_Mains,6,0,13,0,3.28,25.91,0,0,0.1,None,0,0.02,0.0,0,15,25,150
2025-10-20,Mudda Pappu,Veg_Mains,0,0,12,0,1.08,26.42,0,0,0.04,None,0,0.15,0.0,0,15,25,169
2025-10-21,Mudda Pappu,Veg_Mains,1,0,11,0,6.67,28.53,0,0,0.1,None,1,0.25,0.0,0,15,25,0
2025-10-22,Mudda Pappu,Veg_Mains,2,0,10,0,1.0,21.71,0,0,0.09,None,0,0.05,0.0,0,15,25,166
2025-10-23,Mudda Pappu,Veg_Mains,3,0,9,0,1.25,25.11,0,0,0.08,None,1,0.2,0.0,0,15,25,0
2025-10-24,Mudda Pappu,Veg_Mains,4,0,8,0,1.68,33.84,0,0,0.11,None,0,0.05,0.0,0,15,25,134
2025-10-25,Mudda Pappu,Veg_Mains,5,0,7,0,3.81,23.24,0,0,0.05,None,1,0.3,0.0,0,15,25,0
2025-10-26,Mudda Pappu,Veg_Mains,6,0,6,0,7.09,17.24,0,0,0.07,None,0,0.02,0.0,0,15,25,170
2025-10-27,Mudda Pappu,Veg_Mains,0,0,5,0,0.67,19.63,0,1,0.04,None,0,0.15,0.0,0,15,25,210
2025-10-28,Mudda Pappu,Veg_Mains,1,0,4,0,2.52,22.09,0,0,0.13,None,1,0.25,0.0,0,15,25,0
2025-10-29,Mudda Pappu,Veg_Mains,2,0,3,0,1.08,24.93,0,0,0.12,None,0,0.05,0.0,0,15,25,139
2025-10-30,Mudda Pappu,Veg_Mains,3,0,2,0,0.17,23.49,0,0,0.02,None,1,0.2,0.0,0,15,25,0
2025-10-31,Mudda Pappu,Veg_Mains,4,0,1,0,5.48,25.35,0,0,0.1,None,0,0.05,0.0,0,15,25,132
2025-11-01,Mudda Pappu,Veg_Mains,5,0,0,0,0.33,17.55,0,1,0.05,None,1,0.3,0.0,0,15,25,0
2025-11-02,Mudda Pappu,Veg_Mains,6,0,29,0,2.02,25.07,0,1,0.11,None,0,0.02,0.0,0,15,25,182
2025-11-03,Mudda Pappu,Veg_Mains,0,0,28,0,0.14,21.5,0,1,0.04,None,0,0.15,0.0,0,15,25,233
2025-11-04,Mudda Pappu,Veg_Mains,1,0,27,0,0.01,15.53,0,0,0.11,None,1,0.25,0.0,0,15,25,0
2025-11-05,Mudda Pappu,Veg_Mains,2,0,26,0,8.46,27.64,0,1,0.12,None,0,0.05,0.0,0,15,25,180
2025-11-06,Mudda Pappu,Veg_Mains,3,0,25,0,0.91,25.11,0,0,0.07,None,1,0.2,0.0,0,15,25,0
2025-11-07,Mudda Pappu,Veg_Mains,4,0,24,0,1.44,26.07,0,0,0.1,None,0,0.05,0.0,0,15,25,142
2025-11-08,Mudda Pappu,Veg_Mains,5,0,23,0,6.73,33.14,0,1,0.04,None,1,0.3,0.0,0,15,25,0
2025-11-09,Mudda Pappu,Veg_Mains,6,0,22,0,0.96,24.69,0,1,0.15,None,0,0.02,0.0,0,15,25,177
2025-11-10,Mudda Pappu,Veg_Mains,0,0,21,0,7.64,28.24,0,0,0.05,None,0,0.15,0.0,0,15,25,173
2025-11-11,Mudda Pappu,Veg_Mains,1,0,20,0,4.6,30.72,0,1,0.11,None,1,0.25,0.0,0,15,25,0
2025-11-12,Mudda Pappu,Veg_Mains,2,0,19,0,0.71,23.6,0,0,0.14,None,0,0.05,0.0,0,15,25,146
2025-11-13,Mudda Pappu,Veg_Mains,3,0,18,0,4.24,28.11,0,0,0.11,None,1,0.2,0.0,0,15,25,0
2025-11-14,Mudda Pappu,Veg_Mains,4,0,17,0,1.92,21.73,0,1,0.08,None,0,0.05,0.0,0,15,25,176
2025-11-15,Mudda Pappu,Veg_Mains,5,0,16,0,5.25,23.11,0,0,0.09,None,1,0.3,0.0,0,15,25,0
2025-11-16,Mudda Pappu,Veg_Mains,6,0,15,0,0.95,24.06,0,1,0.07,None,0,0.02,0.0,0,15,25,193
2025-11-17,Mudda Pappu,Veg_Mains,0,0,14,0,1.23,27.5,0,0,0.08,None,0,0.15,0.0,0,15,25,175
2025-11-18,Mudda Pappu,Veg_Mains,1,0,13,0,1.72,17.14,0,0,0.12,None,1,0.25,0.0,0,15,25,0
2025-11-19,Mudda Pappu,Veg_Mains,2,0,12,0,1.38,17.08,0,0,0.05,None,0,0.05,0.0,0,15,25,160
2025-11-20,Mudda Pappu,Veg_Mains,3,0,11,0,0.16,33.39,0,1,0.09,None,1,0.2,0.0,0,15,25,0
2025-11-21,Mudda Pappu,Veg_Mains,4,1,10,1,1.48,26.35,0,0,0.27,None,0,0.05,0.0,1,15,25,12
2025-11-22,Mudda Pappu,Veg_Mains,5,0,9,0,2.08,21.12,0,0,0.12,None,1,0.3,0.0,0,15,25,0
2025-11-23,Mudda Pappu,Veg_Mains,6,0,8,0,0.38,19.84,0,0,0.04,None,0,0.02,0.0,0,15,25,158
2025-11-24,Mudda Pappu,Veg_Mains,0,0,7,0,3.43,24.39,0,1,0.09,None,0,0.15,0.0,0,15,25,205
2025-11-25,Mudda Pappu,Veg_Mains,1,0,6,0,9.04,24.07,0,0,0.09,None,1,0.25,0.0,0,15,25,0
2025-11-26,Mudda Pappu,Veg_Mains,2,0,5,0,9.87,18.33,0,0,0.07,None,0,0.05,0.0,0,15,25,157
2025-11-27,Mudda Pappu,Veg_Mains,3,0,4,0,5.08,32.32,0,1,0.08,None,1,0.2,0.0,0,15,25,0
2025-11-28,Mudda Pappu,Veg_Mains,4,0,3,0,0.12,23.24,0,1,0.09,None,0,0.05,0.0,0,15,25,169
2025-11-29,Mudda Pappu,Veg_Mains,5,0,2,0,1.42,20.84,0,0,0.11,None,1,0.3,0.0,0,15,25,0
2025-11-30,Mudda Pappu,Veg_Mains,6,0,1,0,0.41,20.47,0,0,0.06,None,0,0.02,0.0,0,15,25,143
2025-12-01,Mudda Pappu,Veg_Mains,0,0,1,0,1.05,26.19,0,0,0.13,None,0,0.15,0.0,0,15,25,148
2025-12-02,Mudda Pappu,Veg_Mains,1,0,0,0,0.68,21.02,0,0,0.12,None,1,0.25,0.0,0,15,25,0
2025-12-03,Mudda Pappu,Veg_Mains,2,0,29,0,2.98,26.89,0,0,0.02,None,0,0.05,0.0,0,15,25,163
2025-12-04,Mudda Pappu,Veg_Mains,3,0,28,0,7.33,19.93,0,1,0.05,None,1,0.2,0.0,0,15,25,0
2025-12-05,Mudda Pappu,Veg_Mains,4,0,27,0,5.09,22.22,0,0,0.11,None,0,0.05,0.0,0,15,25,133
2025-12-06,Mudda Pappu,Veg_Mains,5,0,26,0,0.22,27.36,0,0,0.09,None,1,0.3,0.0,0,15,25,0
2025-12-07,Mudda Pappu,Veg_Mains,6,0,25,0,1.75,27.0,0,0,0.03,None,0,0.02,0.0,0,15,25,159
2025-12-08,Mudda Pappu,Veg_Mains,0,0,24,0,0.09,26.94,0,0,0.11,None,0,0.15,0.0,0,15,25,165
2025-12-09,Mudda Pappu,Veg_Mains,1,0,23,0,1.94,18.78,0,0,0.13,None,1,0.25,0.0,0,15,25,0
2025-12-10,Mudda Pappu,Veg_Mains,2,0,22,0,0.69,24.94,0,0,0.03,None,0,0.05,0.0,0,15,25,184
2025-12-11,Mudda Pappu,Veg_Mains,3,0,21,0,4.62,26.92,0,0,0.14,None,1,0.2,0.0,0,15,25,0
2025-12-12,Mudda Pappu,Veg_Mains,4,0,20,0,0.59,27.01,0,0,0.13,None,0,0.05,0.0,0,15,25,134
2025-12-13,Mudda Pappu,Veg_Mains,5,0,19,0,5.74,26.85,0,0,0.05,None,1,0.3,0.0,0,15,25,0
2025-12-14,Mudda Pappu,Veg_Mains,6,0,18,0,0.8,23.36,0,0,0.09,None,0,0.02,0.0,0,15,25,159
2025-12-15,Mudda Pappu,Veg_Mains,0,0,17,0,2.61,20.03,0,0,0.04,None,0,0.15,0.0,0,15,25,188
2025-12-16,Mudda Pappu,Veg_Mains,1,0,16,0,0.89,21.02,0,0,0.15,None,1,0.25,0.0,0,15,25,0
2025-12-17,Mudda Pappu,Veg_Mains,2,0,15,0,9.6,28.67,0,0,0.1,None,0,0.05,0.0,0,15,25,156
2025-12-18,Mudda Pappu,Veg_Mains,3,0,14,0,2.63,16.08,0,0,0.02,None,1,0.2,0.0,0,15,25,0
2025-12-19,Mudda Pappu,Veg_Mains,4,1,13,1,1.29,16.48,0,0,0.17,None,0,0.05,0.0,1,15,25,13
2025-12-20,Mudda Pappu,Veg_Mains,5,0,12,0,0.78,22.18,0,1,0.06,None,1,0.3,0.0,0,15,25,0
2025-12-21,Mudda Pappu,Veg_Mains,6,0,11,0,9.77,23.74,0,0,0.1,None,0,0.02,0.0,0,15,25,147
2025-12-22,Mudda Pappu,Veg_Mains,0,0,10,0,0.59,27.49,0,1,0.04,None,0,0.15,0.0,0,15,25,233
2025-12-23,Mudda Pappu,Veg_Mains,1,0,9,0,8.7,26.51,0,0,0.14,None,1,0.25,0.0,0,15,25,0
2025-12-24,Mudda Pappu,Veg_Mains,2,0,8,0,16.28,26.94,0,0,0.08,None,0,0.05,0.0,0,15,25,157
2025-12-25,Mudda Pappu,Veg_Mains,3,0,7,0,0.27,24.62,0,0,0.1,None,1,0.2,0.0,0,15,25,0
2025-12-26,Mudda Pappu,Veg_Mains,4,0,6,0,0.29,18.71,0,0,0.13,None,0,0.05,0.0,0,15,25,130
2025-12-27,Mudda Pappu,Veg_Mains,5,0,5,0,1.66,25.84,0,0,0.06,None,1,0.3,0.0,0,15,25,0
2025-12-28,Mudda Pappu,Veg_Mains,6,0,4,0,1.15,28.74,0,0,0.14,None,0,0.02,0.0,0,15,25,144
2025-12-29,Mudda Pappu,Veg_Mains,0,0,3,0,2.31,23.98,0,0,0.08,None,0,0.15,0.0,0,15,25,183
2025-12-30,Mudda Pappu,Veg_Mains,1,0,2,0,2.34,23.63,0,0,0.04,None,1,0.25,0.0,0,15,25,0
2025-12-31,Mudda Pappu,Veg_Mains,2,0,1,0,4.89,20.74,0,0,0.12,None,0,0.05,0.0,0,15,25,141
2026-01-01,Mudda Pappu,Veg_Mains,3,0,1,0,1.56,23.12,0,0,0.12,None,1,0.2,0.0,0,15,25,0
2026-01-02,Mudda Pappu,Veg_Mains,4,0,0,0,1.99,27.96,0,0,0.14,None,0,0.05,0.0,0,15,25,130
2026-01-03,Mudda Pappu,Veg_Mains,5,0,29,0,1.01,27.64,0,0,0.11,None,1,0.3,0.0,0,15,25,0
2026-01-04,Mudda Pappu,Veg_Mains,6,0,28,0,6.49,24.21,0,0,0.13,None,0,0.02,0.0,0,15,25,159
2026-01-05,Mudda Pappu,Veg_Mains,0,0,27,0,1.55,25.96,0,0,0.09,None,0,0.15,0.0,0,15,25,155
2026-01-06,Mudda Pappu,Veg_Mains,1,0,26,0,5.92,24.33,0,0,0.11,None,1,0.25,0.0,0,15,25,0
2026-01-07,Mudda Pappu,Veg_Mains,2,0,25,0,14.96,28.97,0,0,0.05,None,0,0.05,0.0,0,15,25,153
2026-01-08,Mudda Pappu,Veg_Mains,3,0,24,0,3.36,27.83,0,0,0.02,None,1,0.2,0.0,0,15,25,0
2026-01-09,Mudda Pappu,Veg_Mains,4,0,23,0,2.8,29.67,0,0,0.06,None,0,0.05,0.0,0,15,25,136
2026-01-10,Mudda Pappu,Veg_Mains,5,0,22,0,3.8,17.96,0,0,0.05,None,1,0.3,0.0,0,15,25,0
2026-01-11,Mudda Pappu,Veg_Mains,6,0,21,0,0.51,15.7,0,1,0.08,None,0,0.02,0.0,0,15,25,216
2026-01-12,Mudda Pappu,Veg_Mains,0,0,20,0,0.87,27.01,0,1,0.14,None,0,0.15,0.0,0,15,25,188
2026-01-13,Mudda Pappu,Veg_Mains,1,0,19,0,0.03,32.3,0,1,0.04,None,1,0.25,0.0,0,15,25,0
2026-01-14,Mudda Pappu,Veg_Mains,2,0,18,0,0.76,23.8,0,0,0.05,None,0,0.05,0.0,0,15,25,162
2026-01-15,Mudda Pappu,Veg_Mains,3,0,17,0,1.91,27.96,0,1,0.06,None,1,0.2,0.0,0,15,25,0
2026-01-16,Mudda Pappu,Veg_Mains,4,0,16,0,0.21,25.12,0,0,0.12,None,0,0.05,0.0,0,15,25,144
2026-01-17,Mudda Pappu,Veg_Mains,5,0,15,0,2.24,27.81,0,0,0.06,None,1,0.3,0.0,0,15,25,0
2026-01-18,Mudda Pappu,Veg_Mains,6,0,14,0,1.55,22.59,0,0,0.04,None,0,0.02,0.0,0,15,25,169
2026-01-19,Mudda Pappu,Veg_Mains,0,1,13,1,1.49,31.77,0,0,0.21,None,0,0.15,0.0,1,15,25,14
2026-01-20,Mudda Pappu,Veg_Mains,1,0,12,0,0.4,25.92,0,0,0.05,None,1,0.25,0.0,0,15,25,0
2026-01-21,Mudda Pappu,Veg_Mains,2,0,11,0,0.06,22.44,0,0,0.09,None,0,0.05,0.0,0,15,25,157
2026-01-22,Mudda Pappu,Veg_Mains,3,0,10,0,2.44,22.16,0,0,0.14,None,1,0.2,0.0,0,15,25,0
2026-01-23,Mudda Pappu,Veg_Mains,4,0,9,0,1.11,28.19,0,0,0.08,None,0,0.05,0.0,0,15,25,145
2026-01-24,Mudda Pappu,Veg_Mains,5,0,8,0,0.45,26.21,0,0,0.08,None,1,0.3,0.0,0,15,25,0
2026-01-25,Mudda Pappu,Veg_Mains,6,0,7,0,1.97,24.44,0,1,0.11,None,0,0.02,0.0,0,15,25,179
2026-01-26,Mudda Pappu,Veg_Mains,0,0,6,0,3.19,23.75,0,0,0.1,None,0,0.15,0.0,0,15,25,167
2026-01-27,Mudda Pappu,Veg_Mains,1,0,5,0,1.49,19.67,0,0,0.06,None,1,0.25,0.0,0,15,25,0
2026-01-28,Mudda Pappu,Veg_Mains,2,0,4,0,2.1,28.08,0,0,0.09,None,0,0.05,0.0,0,15,25,163
2026-01-29,Mudda Pappu,Veg_Mains,3,0,3,0,1.73,23.08,0,0,0.08,None,1,0.2,0.0,0,15,25,0
2026-01-30,Mudda Pappu,Veg_Mains,4,0,2,0,2.11,22.23,0,1,0.13,None,0,0.05,0.0,0,15,25,179
2026-01-31,Mudda Pappu,Veg_Mains,5,0,1,0,7.47,26.57,0,0,0.14,None,1,0.3,0.0,0,15,25,0
2026-02-01,Mudda Pappu,Veg_Mains,6,0,28,0,0.1,28.98,0,0,0.11,None,0,0.02,0.0,0,15,25,159
2026-02-02,Mudda Pappu,Veg_Mains,0,0,27,0,11.81,23.88,0,0,0.06,None,0,0.15,0.0,0,15,25,181
2026-02-03,Mudda Pappu,Veg_Mains,1,0,26,0,4.55,27.37,0,0,0.1,None,1,0.25,0.0,0,15,25,0
2026-02-04,Mudda Pappu,Veg_Mains,2,0,25,0,0.26,26.3,0,0,0.09,None,0,0.05,0.0,0,15,25,167
2026-02-05,Mudda Pappu,Veg_Mains,3,0,24,0,0.51,23.28,0,0,0.1,None,1,0.2,0.0,0,15,25,0
2026-02-06,Mudda Pappu,Veg_Mains,4,0,23,0,2.82,22.21,0,1,0.07,None,0,0.05,0.0,0,15,25,158
2026-02-07,Mudda Pappu,Veg_Mains,5,0,22,0,1.08,23.79,0,1,0.12,None,1,0.3,0.0,0,15,25,0
2026-02-08,Mudda Pappu,Veg_Mains,6,0,21,0,2.82,19.53,0,1,0.05,None,0,0.02,0.0,0,15,25,193
2026-02-09,Mudda Pappu,Veg_Mains,0,0,20,0,2.54,31.92,0,0,0.04,None,0,0.15,0.0,0,15,25,183
2026-02-10,Mudda Pappu,Veg_Mains,1,0,19,0,3.1,27.45,0,0,0.12,None,1,0.25,0.0,0,15,25,0
2026-02-11,Mudda Pappu,Veg_Mains,2,0,18,0,1.42,18.95,0,0,0.06,None,0,0.05,0.0,0,15,25,161
2026-02-12,Mudda Pappu,Veg_Mains,3,1,17,0,0.34,32.08,0,0,0.1,None,1,0.2,0.0,1,15,25,0
2026-02-13,Mudda Pappu,Veg_Mains,4,0,16,0,1.01,35.89,0,0,0.03,None,0,0.05,0.0,0,15,25,152
2026-02-14,Mudda Pappu,Veg_Mains,5,0,15,0,2.19,29.39,0,0,0.15,None,1,0.3,0.0,0,15,25,0
2026-02-15,Mudda Pappu,Veg_Mains,6,0,14,0,1.82,22.73,0,1,0.12,None,0,0.02,0.0,0,15,25,177
2026-02-16,Mudda Pappu,Veg_Mains,0,0,13,0,1.52,27.32,0,0,0.13,None,0,0.15,0.0,0,15,25,167
2026-02-17,Mudda Pappu,Veg_Mains,1,1,12,0,5.88,22.14,0,0,0.14,Ramadan,1,0.25,0.15,1,15,25,0
2026-02-18,Mudda Pappu,Veg_Mains,2,0,11,0,0.88,15.09,0,0,0.02,Ramadan,0,0.05,0.15,0,15,25,128
2026-02-19,Mudda Pappu,Veg_Mains,3,0,10,0,3.85,27.81,0,0,0.06,Ramadan,1,0.2,0.15,0,15,25,0
2026-02-20,Mudda Pappu,Veg_Mains,4,0,9,0,1.53,20.25,0,0,0.08,Ramadan,0,0.05,0.15,0,15,25,134
2026-02-21,Mudda Pappu,Veg_Mains,5,0,8,0,8.27,27.75,0,0,0.09,Ramadan,1,0.3,0.15,0,15,25,0
2026-02-22,Mudda Pappu,Veg_Mains,6,0,7,0,0.76,23.22,0,0,0.14,Ramadan,0,0.02,0.15,0,15,25,111
2026-02-23,Mudda Pappu,Veg_Mains,0,1,6,1,8.33,22.7,0,1,0.28,Ramadan,0,0.15,0.15,1,15,25,13
2026-02-24,Mudda Pappu,Veg_Mains,1,0,5,0,3.71,26.98,0,1,0.05,Ramadan,1,0.25,0.15,0,15,25,0
2026-02-25,Mudda Pappu,Veg_Mains,2,0,4,0,3.25,24.15,0,0,0.07,Ramadan,0,0.05,0.15,0,15,25,138
2026-02-26,Mudda Pappu,Veg_Mains,3,0,3,0,1.58,33.11,0,0,0.04,Ramadan,1,0.2,0.15,0,15,25,0
2026-02-27,Mudda Pappu,Veg_Mains,4,0,2,0,7.19,29.31,0,0,0.12,Ramadan,0,0.05,0.15,0,15,25,119
2026-02-28,Mudda Pappu,Veg_Mains,5,0,1,0,0.95,21.01,0,1,0.02,Ramadan,1,0.3,0.15,0,15,25,0
2026-03-01,Mudda Pappu,Veg_Mains,6,0,1,0,2.48,24.96,0,0,0.03,Ramadan,0,0.02,0.15,0,15,25,146
2026-03-02,Mudda Pappu,Veg_Mains,0,0,0,0,9.23,26.75,0,0,0.12,Ramadan,0,0.15,0.15,0,15,25,145
2026-03-03,Mudda Pappu,Veg_Mains,1,0,29,0,2.74,28.02,0,0,0.09,Ramadan,1,0.25,0.15,0,15,25,0
2026-03-04,Mudda Pappu,Veg_Mains,2,0,28,0,0.2,25.68,0,0,0.02,Ramadan,0,0.05,0.15,0,15,25,151
2026-03-05,Mudda Pappu,Veg_Mains,3,0,27,0,1.55,23.88,0,1,0.07,Ramadan,1,0.2,0.15,0,15,25,0
2026-03-06,Mudda Pappu,Veg_Mains,4,0,26,0,0.06,24.96,0,0,0.06,Ramadan,0,0.05,0.15,0,15,25,132
2026-03-07,Mudda Pappu,Veg_Mains,5,0,25,0,2.02,32.57,0,0,0.05,Ramadan,1,0.3,0.15,0,15,25,0
2026-03-08,Mudda Pappu,Veg_Mains,6,0,24,0,0.83,22.02,0,0,0.12,Ramadan,0,0.02,0.15,0,15,25,139
2026-03-09,Mudda Pappu,Veg_Mains,0,0,23,0,1.05,26.97,0,0,0.04,Ramadan,0,0.15,0.15,0,15,25,172
2026-03-10,Mudda Pappu,Veg_Mains,1,0,22,0,1.03,21.82,0,0,0.02,Ramadan,1,0.25,0.15,0,15,25,0
2026-03-11,Mudda Pappu,Veg_Mains,2,0,21,0,5.62,27.81,0,1,0.07,Ramadan,0,0.05,0.15,0,15,25,152
2026-03-12,Mudda Pappu,Veg_Mains,3,0,20,0,8.91,23.91,0,0,0.13,Ramadan,1,0.2,0.15,0,15,25,0
2026-03-13,Mudda Pappu,Veg_Mains,4,0,19,0,0.54,22.59,0,0,0.05,Ramadan,0,0.05,0.15,0,15,25,132
2026-03-14,Mudda Pappu,Veg_Mains,5,0,18,0,4.9,30.8,0,0,0.05,Ramadan,1,0.3,0.15,0,15,25,0
2026-03-15,Mudda Pappu,Veg_Mains,6,0,17,0,4.22,22.53,0,1,0.11,Ramadan,0,0.02,0.15,0,15,25,165
2026-03-16,Mudda Pappu,Veg_Mains,0,0,16,0,3.0,32.93,0,0,0.13,Ramadan,0,0.15,0.15,0,15,25,148
2026-03-17,Mudda Pappu,Veg_Mains,1,0,15,0,0.24,27.13,0,0,0.13,Ramadan,1,0.25,0.15,0,15,25,0
2026-03-18,Mudda Pappu,Veg_Mains,2,0,14,0,1.01,29.83,0,0,0.09,Ramadan,0,0.05,0.15,0,15,25,145
2026-03-19,Mudda Pappu,Veg_Mains,3,0,13,0,6.27,20.77,0,0,0.02,Ramadan,1,0.2,0.15,0,15,25,0
2026-03-20,Mudda Pappu,Veg_Mains,4,0,12,0,7.31,23.9,0,0,0.14,None,0,0.05,0.0,0,15,25,144
2026-03-21,Mudda Pappu,Veg_Mains,5,0,11,0,3.48,12.88,0,0,0.09,None,1,0.3,0.0,0,15,25,0
2026-03-22,Mudda Pappu,Veg_Mains,6,0,10,0,0.51,25.65,0,0,0.12,None,0,0.02,0.0,0,15,25,151
2026-03-23,Mudda Pappu,Veg_Mains,0,0,9,0,7.75,18.14,0,0,0.1,None,0,0.15,0.0,0,15,25,166
2026-03-24,Mudda Pappu,Veg_Mains,1,0,8,0,5.19,29.67,0,0,0.11,None,1,0.25,0.0,0,15,25,0
2026-03-25,Mudda Pappu,Veg_Mains,2,0,7,0,0.0,21.72,0,0,0.05,None,0,0.05,0.0,0,15,25,146
2026-03-26,Mudda Pappu,Veg_Mains,3,0,6,0,1.79,20.97,0,0,0.13,None,1,0.2,0.0,0,15,25,0
2026-03-27,Mudda Pappu,Veg_Mains,4,0,5,0,3.45,28.35,0,0,0.12,None,0,0.05,0.0,0,15,25,139
2026-03-28,Mudda Pappu,Veg_Mains,5,0,4,0,1.88,27.82,0,0,0.14,None,1,0.3,0.0,0,15,25,0
2026-03-29,Mudda Pappu,Veg_Mains,6,0,3,0,6.89,25.09,0,0,0.07,None,0,0.02,0.0,0,15,25,150
2026-03-30,Mudda Pappu,Veg_Mains,0,0,2,0,9.37,25.35,0,0,0.09,None,0,0.15,0.0,0,15,25,179
2026-03-31,Mudda Pappu,Veg_Mains,1,0,1,0,1.02,25.64,0,0,0.03,None,1,0.25,0.0,0,15,25,0
2026-04-01,Mudda Pappu,Veg_Mains,2,0,0,0,0.56,37.27,0,0,0.1,None,0,0.05,0.0,0,15,25,157
2026-04-02,Mudda Pappu,Veg_Mains,3,0,29,0,0.39,39.19,0,0,0.02,None,1,0.2,0.0,0,15,25,0
2026-04-03,Mudda Pappu,Veg_Mains,4,0,28,0,0.22,41.22,0,0,0.14,None,0,0.05,0.0,0,15,25,144
2026-04-04,Mudda Pappu,Veg_Mains,5,0,27,0,0.51,40.94,0,0,0.13,None,1,0.3,0.0,0,15,25,0
2026-04-05,Mudda Pappu,Veg_Mains,6,0,26,0,0.49,36.95,0,0,0.03,None,0,0.02,0.0,0,15,25,172
2026-04-06,Mudda Pappu,Veg_Mains,0,0,25,0,0.04,36.56,0,1,0.04,None,0,0.15,0.0,0,15,25,220
2026-04-07,Mudda Pappu,Veg_Mains,1,0,24,0,0.14,38.82,0,0,0.06,None,1,0.25,0.0,0,15,25,0
2026-04-08,Mudda Pappu,Veg_Mains,2,0,23,0,1.35,40.74,0,0,0.15,None,0,0.05,0.0,0,15,25,155
2026-04-09,Mudda Pappu,Veg_Mains,3,0,22,0,0.3,36.85,0,0,0.13,None,1,0.2,0.0,0,15,25,0
2026-04-10,Mudda Pappu,Veg_Mains,4,0,21,0,0.98,38.3,0,0,0.14,None,0,0.05,0.0,0,15,25,135
2026-04-11,Mudda Pappu,Veg_Mains,5,0,20,0,0.21,43.01,0,0,0.09,None,1,0.3,0.0,0,15,25,0
2026-04-12,Mudda Pappu,Veg_Mains,6,0,19,0,0.1,41.29,0,0,0.1,None,0,0.02,0.0,0,15,25,162
2026-04-13,Mudda Pappu,Veg_Mains,0,0,18,0,0.19,41.93,0,0,0.11,None,0,0.15,0.0,0,15,25,167
2026-04-14,Mudda Pappu,Veg_Mains,1,0,17,0,0.01,40.2,0,0,0.06,None,1,0.25,0.0,0,15,25,0
2026-04-15,Mudda Pappu,Veg_Mains,2,0,16,0,0.29,39.19,0,1,0.08,None,0,0.05,0.0,0,15,25,208
2026-04-16,Mudda Pappu,Veg_Mains,3,0,15,0,1.93,38.32,0,0,0.11,None,1,0.2,0.0,0,15,25,0
2026-04-17,Mudda Pappu,Veg_Mains,4,0,14,0,0.07,38.32,0,0,0.08,None,0,0.05,0.0,0,15,25,137
2026-04-18,Mudda Pappu,Veg_Mains,5,0,13,0,0.43,38.39,0,0,0.04,None,1,0.3,0.0,0,15,25,0
2026-04-19,Mudda Pappu,Veg_Mains,6,0,12,0,0.19,41.62,0,0,0.02,None,0,0.02,0.0,0,15,25,173
2026-04-20,Mudda Pappu,Veg_Mains,0,0,11,0,4.52,41.99,0,0,0.08,None,0,0.15,0.0,0,15,25,167
2026-04-21,Mudda Pappu,Veg_Mains,1,0,10,0,7.38,40.27,0,1,0.05,None,1,0.25,0.0,0,15,25,0
2026-04-22,Mudda Pappu,Veg_Mains,2,0,9,0,0.36,44.4,0,1,0.07,None,0,0.05,0.0,0,15,25,207
2026-04-23,Mudda Pappu,Veg_Mains,3,0,8,0,0.59,39.19,0,0,0.09,None,1,0.2,0.0,0,15,25,0
2026-04-24,Mudda Pappu,Veg_Mains,4,0,7,0,4.41,41.23,0,0,0.04,None,0,0.05,0.0,0,15,25,156
2026-04-25,Mudda Pappu,Veg_Mains,5,0,6,0,0.03,41.62,0,1,0.11,None,1,0.3,0.0,0,15,25,0
2026-04-26,Mudda Pappu,Veg_Mains,6,0,5,0,1.44,39.94,0,0,0.08,None,0,0.02,0.0,0,15,25,157
2026-04-27,Mudda Pappu,Veg_Mains,0,0,4,0,0.05,39.42,0,0,0.13,None,0,0.15,0.0,0,15,25,159
2026-04-28,Mudda Pappu,Veg_Mains,1,0,3,0,0.27,44.44,0,1,0.03,None,1,0.25,0.0,0,15,25,0
2026-04-29,Mudda Pappu,Veg_Mains,2,0,2,0,0.22,39.93,0,1,0.09,None,0,0.05,0.0,0,15,25,192
2026-04-30,Mudda Pappu,Veg_Mains,3,0,1,0,0.02,38.64,0,0,0.11,None,1,0.2,0.0,0,15,25,0
2026-05-01,Mudda Pappu,Veg_Mains,4,0,1,0,0.01,40.24,0,0,0.06,None,0,0.05,0.0,0,15,25,150
2026-05-02,Mudda Pappu,Veg_Mains,5,0,0,0,0.02,41.71,0,0,0.13,None,1,0.3,0.0,0,15,25,0
2026-05-03,Mudda Pappu,Veg_Mains,6,0,29,0,0.06,39.32,0,0,0.14,None,0,0.02,0.0,0,15,25,151
2026-05-04,Mudda Pappu,Veg_Mains,0,0,28,0,0.38,39.28,0,1,0.1,None,0,0.15,0.0,0,15,25,206
2026-05-05,Mudda Pappu,Veg_Mains,1,0,27,0,0.18,39.36,0,0,0.11,None,1,0.25,0.0,0,15,25,0
2026-05-06,Mudda Pappu,Veg_Mains,2,0,26,0,0.15,41.18,0,0,0.07,None,0,0.05,0.0,0,15,25,158
2026-05-07,Mudda Pappu,Veg_Mains,3,0,25,0,0.99,43.05,0,0,0.09,None,1,0.2,0.0,0,15,25,0
2026-05-08,Mudda Pappu,Veg_Mains,4,0,24,0,0.04,40.65,0,1,0.14,None,0,0.05,0.0,0,15,25,161
2026-05-09,Mudda Pappu,Veg_Mains,5,0,23,0,5.49,42.34,0,0,0.14,None,1,0.3,0.0,0,15,25,0
2026-05-10,Mudda Pappu,Veg_Mains,6,0,22,0,2.0,39.34,0,1,0.04,None,0,0.02,0.0,0,15,25,202
2026-05-11,Mudda Pappu,Veg_Mains,0,0,21,0,0.06,42.23,0,0,0.1,None,0,0.15,0.0,0,15,25,178
2026-05-12,Mudda Pappu,Veg_Mains,1,0,20,0,0.22,39.26,0,0,0.04,None,1,0.25,0.0,0,15,25,0
2026-05-13,Mudda Pappu,Veg_Mains,2,0,19,0,3.25,41.48,0,0,0.03,None,0,0.05,0.0,0,15,25,174
2026-05-14,Mudda Pappu,Veg_Mains,3,0,18,0,0.34,42.72,0,0,0.08,None,1,0.2,0.0,0,15,25,0
2026-05-15,Mudda Pappu,Veg_Mains,4,0,17,0,0.7,40.82,0,0,0.12,None,0,0.05,0.0,0,15,25,139
2026-05-16,Mudda Pappu,Veg_Mains,5,1,16,0,0.15,41.96,0,0,0.03,None,1,0.3,0.0,1,15,25,0
2026-05-17,Mudda Pappu,Veg_Mains,6,0,15,0,1.23,39.99,0,0,0.05,None,0,0.02,0.0,0,15,25,169
2026-05-18,Mudda Pappu,Veg_Mains,0,0,14,0,1.25,42.27,0,0,0.15,None,0,0.15,0.0,0,15,25,173
2026-05-19,Mudda Pappu,Veg_Mains,1,0,13,0,0.2,38.31,0,0,0.02,None,1,0.25,0.0,0,15,25,0
2026-05-20,Mudda Pappu,Veg_Mains,2,0,12,0,0.12,39.28,0,1,0.08,None,0,0.05,0.0,0,15,25,202
2026-05-21,Mudda Pappu,Veg_Mains,3,0,11,0,0.0,40.65,0,0,0.09,None,1,0.2,0.0,0,15,25,0
2026-05-22,Mudda Pappu,Veg_Mains,4,0,10,0,1.66,41.43,0,0,0.13,None,0,0.05,0.0,0,15,25,131
2026-05-23,Mudda Pappu,Veg_Mains,5,0,9,0,1.79,38.53,0,1,0.13,None,1,0.3,0.0,0,15,25,0
2026-05-24,Mudda Pappu,Veg_Mains,6,0,8,0,0.03,39.95,0,0,0.09,None,0,0.02,0.0,0,15,25,146
2026-05-25,Mudda Pappu,Veg_Mains,0,0,7,0,1.52,42.82,0,0,0.08,None,0,0.15,0.0,0,15,25,163
2026-05-26,Mudda Pappu,Veg_Mains,1,0,6,0,2.84,40.69,0,0,0.02,None,1,0.25,0.0,0,15,25,0
2026-05-27,Mudda Pappu,Veg_Mains,2,0,5,0,0.08,40.7,0,0,0.04,None,0,0.05,0.0,0,15,25,164
2026-05-28,Mudda Pappu,Veg_Mains,3,0,4,0,0.84,40.93,0,0,0.04,None,1,0.2,0.0,0,15,25,0
2026-05-29,Mudda Pappu,Veg_Mains,4,0,3,0,1.04,40.07,0,0,0.12,None,0,0.05,0.0,0,15,25,132
2026-05-30,Mudda Pappu,Veg_Mains,5,0,2,0,0.45,40.31,0,0,0.12,None,1,0.3,0.0,0,15,25,0
2026-05-31,Mudda Pappu,Veg_Mains,6,0,1,0,0.14,37.03,0,0,0.12,None,0,0.02,0.0,0,15,25,148
2026-06-01,Mudda Pappu,Veg_Mains,0,0,0,0,79.14,33.46,1,0,0.14,None,0,0.15,0.0,0,15,25,182
2026-06-02,Mudda Pappu,Veg_Mains,1,0,29,0,21.71,29.85,0,1,0.08,None,1,0.25,0.0,0,15,25,0
2026-06-03,Mudda Pappu,Veg_Mains,2,0,28,0,26.79,29.41,0,0,0.03,None,0,0.05,0.0,0,15,25,184
2026-06-04,Mudda Pappu,Veg_Mains,3,0,27,0,16.8,31.26,0,1,0.07,None,1,0.2,0.0,0,15,25,0
2026-06-05,Mudda Pappu,Veg_Mains,4,0,26,0,20.57,30.84,0,0,0.05,None,0,0.05,0.0,0,15,25,177
2026-06-06,Mudda Pappu,Veg_Mains,5,1,25,0,21.55,28.11,0,0,0.05,None,1,0.3,0.0,1,15,25,0
2026-06-07,Mudda Pappu,Veg_Mains,6,0,24,0,7.69,31.54,0,0,0.07,None,0,0.02,0.0,0,15,25,158
2026-06-08,Mudda Pappu,Veg_Mains,0,0,23,0,8.64,32.37,0,0,0.08,None,0,0.15,0.0,0,15,25,182
2026-06-09,Mudda Pappu,Veg_Mains,1,0,22,0,8.26,29.25,0,1,0.14,None,1,0.25,0.0,0,15,25,0
2026-06-10,Mudda Pappu,Veg_Mains,2,0,21,0,16.76,32.76,0,1,0.08,None,0,0.05,0.0,0,15,25,197
2026-06-11,Mudda Pappu,Veg_Mains,3,0,20,0,32.12,29.79,0,0,0.15,None,1,0.2,0.0,0,15,25,0
2026-06-12,Mudda Pappu,Veg_Mains,4,0,19,0,60.44,36.62,1,0,0.08,None,0,0.05,0.0,0,15,25,159
2026-06-13,Mudda Pappu,Veg_Mains,5,1,18,0,11.54,31.84,0,0,0.04,None,1,0.3,0.0,1,15,25,0
2026-06-14,Mudda Pappu,Veg_Mains,6,0,17,0,24.68,32.67,0,0,0.09,None,0,0.02,0.0,0,15,25,162
2026-06-15,Mudda Pappu,Veg_Mains,0,0,16,0,23.17,28.7,0,1,0.07,None,0,0.15,0.0,0,15,25,223
2026-06-16,Mudda Pappu,Veg_Mains,1,0,15,0,25.43,31.29,0,0,0.11,None,1,0.25,0.0,0,15,25,0
2026-06-17,Mudda Pappu,Veg_Mains,2,0,14,0,3.21,29.19,0,0,0.09,None,0,0.05,0.0,0,15,25,156
2026-06-18,Mudda Pappu,Veg_Mains,3,0,13,0,6.63,33.37,0,1,0.04,None,1,0.2,0.0,0,15,25,0
2026-06-19,Mudda Pappu,Veg_Mains,4,0,12,0,15.58,32.51,0,0,0.05,None,0,0.05,0.0,0,15,25,157
2026-06-20,Mudda Pappu,Veg_Mains,5,0,11,0,12.14,37.38,0,0,0.02,None,1,0.3,0.0,0,15,25,0
2026-06-21,Mudda Pappu,Veg_Mains,6,0,10,0,53.55,30.33,1,0,0.09,None,0,0.02,0.0,0,15,25,176
2026-06-22,Mudda Pappu,Veg_Mains,0,0,9,0,63.95,35.92,1,1,0.08,None,0,0.15,0.0,0,15,25,238
2026-06-23,Mudda Pappu,Veg_Mains,1,0,8,0,18.38,28.23,0,0,0.03,None,1,0.25,0.0,0,15,25,0
2026-06-24,Mudda Pappu,Veg_Mains,2,0,7,0,20.64,30.57,0,1,0.13,None,0,0.05,0.0,0,15,25,188
2026-06-25,Mudda Pappu,Veg_Mains,3,0,6,0,48.11,29.52,1,0,0.11,None,1,0.2,0.0,0,15,25,0
2026-06-26,Mudda Pappu,Veg_Mains,4,0,5,0,27.66,27.09,0,1,0.14,None,0,0.05,0.0,0,15,25,185
2026-06-27,Mudda Pappu,Veg_Mains,5,0,4,0,16.46,24.03,0,0,0.14,None,1,0.3,0.0,0,15,25,0
2026-06-28,Mudda Pappu,Veg_Mains,6,0,3,0,25.88,28.74,0,0,0.1,None,0,0.02,0.0,0,15,25,171
2026-06-29,Mudda Pappu,Veg_Mains,0,0,2,0,20.21,32.63,0,0,0.13,None,0,0.15,0.0,0,15,25,193
2026-06-30,Mudda Pappu,Veg_Mains,1,0,1,0,28.92,30.06,0,0,0.04,None,1,0.25,0.0,0,15,25,0
2026-07-01,Mudda Pappu,Veg_Mains,2,1,1,0,33.05,31.35,0,0,0.09,None,0,0.05,0.0,1,15,25,17
2026-07-02,Mudda Pappu,Veg_Mains,3,0,0,0,15.2,27.49,0,0,0.14,None,1,0.2,0.0,0,15,25,0
2026-07-03,Mudda Pappu,Veg_Mains,4,0,29,0,36.68,34.06,0,0,0.09,None,0,0.05,0.0,0,15,25,163
2026-07-04,Mudda Pappu,Veg_Mains,5,0,28,0,33.33,28.27,0,1,0.05,None,1,0.3,0.0,0,15,25,0
2026-07-05,Mudda Pappu,Veg_Mains,6,0,27,0,14.17,24.54,0,0,0.12,None,0,0.02,0.0,0,15,25,144
2026-07-06,Mudda Pappu,Veg_Mains,0,0,26,0,28.18,30.47,0,1,0.08,None,0,0.15,0.0,0,15,25,259
2026-07-07,Mudda Pappu,Veg_Mains,1,0,25,0,51.55,33.75,1,0,0.04,None,1,0.25,0.0,0,15,25,0
2026-07-08,Mudda Pappu,Veg_Mains,2,0,24,0,28.87,26.63,0,0,0.14,None,0,0.05,0.0,0,15,25,167
2026-07-09,Mudda Pappu,Veg_Mains,3,0,23,0,6.09,31.81,0,0,0.05,None,1,0.2,0.0,0,15,25,0
2026-07-10,Mudda Pappu,Veg_Mains,4,0,22,0,10.11,30.46,0,0,0.1,None,0,0.05,0.0,0,15,25,142
2026-07-11,Mudda Pappu,Veg_Mains,5,0,21,0,4.75,31.25,0,0,0.12,None,1,0.3,0.0,0,15,25,0
2026-07-12,Mudda Pappu,Veg_Mains,6,0,20,0,27.16,28.1,0,0,0.07,None,0,0.02,0.0,0,15,25,199
2026-07-13,Mudda Pappu,Veg_Mains,0,0,19,0,13.02,33.14,0,0,0.05,None,0,0.15,0.0,0,15,25,188
2026-07-14,Mudda Pappu,Veg_Mains,1,0,18,0,36.34,28.13,0,1,0.04,None,1,0.25,0.0,0,15,25,0
2026-07-15,Mudda Pappu,Veg_Mains,2,0,17,0,13.42,27.81,0,0,0.14,None,0,0.05,0.0,0,15,25,153
2026-07-16,Mudda Pappu,Veg_Mains,3,0,16,0,27.61,31.92,0,1,0.11,None,1,0.2,0.0,0,15,25,0
2026-07-17,Mudda Pappu,Veg_Mains,4,1,15,1,16.55,30.18,0,0,0.29,None,0,0.05,0.0,1,15,25,11
2026-07-18,Mudda Pappu,Veg_Mains,5,0,14,0,12.96,31.58,0,0,0.14,None,1,0.3,0.0,0,15,25,0
2026-07-19,Mudda Pappu,Veg_Mains,6,0,13,0,9.17,28.82,0,0,0.14,None,0,0.02,0.0,0,15,25,155
2026-07-20,Mudda Pappu,Veg_Mains,0,0,12,0,2.85,31.23,0,1,0.06,None,0,0.15,0.0,0,15,25,204
2026-07-21,Mudda Pappu,Veg_Mains,1,0,11,0,38.78,35.42,0,1,0.06,None,1,0.25,0.0,0,15,25,0
2026-07-22,Mudda Pappu,Veg_Mains,2,0,10,0,21.47,37.52,0,0,0.06,None,0,0.05,0.0,0,15,25,179
2026-07-23,Mudda Pappu,Veg_Mains,3,0,9,0,8.64,31.84,0,0,0.07,None,1,0.2,0.0,0,15,25,0
2026-07-24,Mudda Pappu,Veg_Mains,4,0,8,0,25.36,30.66,0,1,0.03,None,0,0.05,0.0,0,15,25,200
2026-07-25,Mudda Pappu,Veg_Mains,5,0,7,0,27.92,27.63,0,1,0.07,None,1,0.3,0.0,0,15,25,0
2026-07-26,Mudda Pappu,Veg_Mains,6,0,6,0,12.48,34.4,0,1,0.05,None,0,0.02,0.0,0,15,25,183
2026-07-27,Mudda Pappu,Veg_Mains,0,0,5,0,5.88,31.53,0,0,0.03,None,0,0.15,0.0,0,15,25,178
2026-07-28,Mudda Pappu,Veg_Mains,1,0,4,0,2.6,38.67,0,1,0.04,None,1,0.25,0.0,0,15,25,0
2026-07-29,Mudda Pappu,Veg_Mains,2,0,3,0,37.37,32.52,0,1,0.12,None,0,0.05,0.0,0,15,25,222
2026-07-30,Mudda Pappu,Veg_Mains,3,0,2,0,30.41,31.15,0,0,0.1,None,1,0.2,0.0,0,15,25,0
2026-07-31,Mudda Pappu,Veg_Mains,4,0,1,0,31.24,31.27,0,0,0.04,None,0,0.05,0.0,0,15,25,181
2026-08-01,Mudda Pappu,Veg_Mains,5,0,1,0,21.26,36.11,0,1,0.05,Shravan,1,0.4,0.02,0,15,25,0
2026-08-02,Mudda Pappu,Veg_Mains,6,0,0,0,5.83,33.81,0,0,0.06,Shravan,0,0.4,0.02,0,15,25,222
2026-08-03,Mudda Pappu,Veg_Mains,0,0,29,0,50.85,31.99,1,0,0.07,Shravan,0,0.4,0.02,0,15,25,249
2026-08-04,Mudda Pappu,Veg_Mains,1,0,28,0,3.01,32.89,0,0,0.13,Shravan,1,0.4,0.02,0,15,25,0
2026-08-05,Mudda Pappu,Veg_Mains,2,0,27,0,19.96,29.8,0,0,0.07,Shravan,0,0.4,0.02,0,15,25,207
2026-08-06,Mudda Pappu,Veg_Mains,3,0,26,0,8.73,34.56,0,0,0.08,Shravan,1,0.4,0.02,0,15,25,0
2026-08-07,Mudda Pappu,Veg_Mains,4,0,25,0,30.82,31.62,0,1,0.06,Shravan,0,0.4,0.02,0,15,25,286
2026-08-08,Mudda Pappu,Veg_Mains,5,0,24,0,18.87,34.39,0,0,0.1,Shravan,1,0.4,0.02,0,15,25,0
2026-08-09,Mudda Pappu,Veg_Mains,6,0,23,0,12.07,32.33,0,0,0.08,Shravan,0,0.4,0.02,0,15,25,216
2026-08-10,Mudda Pappu,Veg_Mains,0,0,22,0,5.45,30.68,0,1,0.11,Shravan,0,0.4,0.02,0,15,25,255
2026-08-11,Mudda Pappu,Veg_Mains,1,0,21,0,40.16,31.05,1,0,0.11,Shravan,1,0.4,0.02,0,15,25,0
2026-08-12,Mudda Pappu,Veg_Mains,2,0,20,0,11.1,27.85,0,0,0.08,Shravan,0,0.4,0.02,0,15,25,210
2026-08-13,Mudda Pappu,Veg_Mains,3,0,19,0,21.04,30.2,0,0,0.11,Shravan,1,0.4,0.02,0,15,25,0
2026-08-14,Mudda Pappu,Veg_Mains,4,0,18,0,6.24,31.01,0,0,0.04,Shravan,0,0.4,0.02,0,15,25,196
2026-08-15,Mudda Pappu,Veg_Mains,5,0,17,0,10.57,25.95,0,0,0.14,Shravan,1,0.4,0.02,0,15,25,0
2026-08-16,Mudda Pappu,Veg_Mains,6,0,16,0,38.92,28.74,0,0,0.08,Shravan,0,0.4,0.02,0,15,25,241
2026-08-17,Mudda Pappu,Veg_Mains,0,0,15,0,3.35,24.56,0,1,0.05,Shravan,0,0.4,0.02,0,15,25,247
2026-08-18,Mudda Pappu,Veg_Mains,1,0,14,0,23.53,29.69,0,0,0.05,Shravan,1,0.4,0.02,0,15,25,0
2026-08-19,Mudda Pappu,Veg_Mains,2,0,13,0,13.01,26.12,0,1,0.09,Shravan,0,0.4,0.02,0,15,25,252
2026-08-20,Mudda Pappu,Veg_Mains,3,1,12,0,15.8,29.21,0,0,0.06,Shravan,1,0.4,0.02,1,15,25,0
2026-08-21,Mudda Pappu,Veg_Mains,4,0,11,0,6.4,31.87,0,0,0.04,Shravan,0,0.4,0.02,0,15,25,187
2026-08-22,Mudda Pappu,Veg_Mains,5,0,10,0,25.07,32.05,0,0,0.15,Shravan,1,0.4,0.02,0,15,25,0
2026-08-23,Mudda Pappu,Veg_Mains,6,0,9,0,2.25,29.93,0,0,0.11,Shravan,0,0.4,0.02,0,15,25,189
2026-08-24,Mudda Pappu,Veg_Mains,0,0,8,0,12.37,30.53,0,0,0.08,Shravan,0,0.4,0.02,0,15,25,188
2026-08-25,Mudda Pappu,Veg_Mains,1,0,7,0,25.19,28.28,0,0,0.13,Shravan,1,0.4,0.02,0,15,25,0
2026-08-26,Mudda Pappu,Veg_Mains,2,0,6,0,26.32,25.09,0,0,0.07,Shravan,0,0.4,0.02,0,15,25,255
2026-08-27,Mudda Pappu,Veg_Mains,3,0,5,0,26.85,25.36,0,0,0.03,Shravan,1,0.4,0.02,0,15,25,0
2026-08-28,Mudda Pappu,Veg_Mains,4,0,4,0,9.52,33.99,0,0,0.07,Shravan,0,0.4,0.02,0,15,25,198
2026-08-29,Mudda Pappu,Veg_Mains,5,0,3,0,13.92,35.0,0,0,0.08,Shravan,1,0.4,0.02,0,15,25,0
2026-08-30,Mudda Pappu,Veg_Mains,6,0,2,0,16.35,29.61,0,0,0.1,Shravan,0,0.4,0.02,0,15,25,209
2026-08-31,Mudda Pappu,Veg_Mains,0,0,1,0,23.97,24.17,0,0,0.13,Shravan,0,0.4,0.02,0,15,25,213
2026-09-01,Mudda Pappu,Veg_Mains,1,0,0,0,81.02,27.81,1,0,0.07,None,1,0.25,0.0,0,15,25,0
2026-09-02,Mudda Pappu,Veg_Mains,2,0,29,0,9.62,33.81,0,0,0.03,None,0,0.05,0.0,0,15,25,168
2026-09-03,Mudda Pappu,Veg_Mains,3,0,28,0,17.1,34.04,0,1,0.14,None,1,0.2,0.0,0,15,25,0
2026-09-04,Mudda Pappu,Veg_Mains,4,0,27,0,39.22,29.82,0,0,0.02,None,0,0.05,0.0,0,15,25,174
2026-09-05,Mudda Pappu,Veg_Mains,5,0,26,0,2.77,27.93,0,1,0.05,None,1,0.3,0.0,0,15,25,0
2026-09-06,Mudda Pappu,Veg_Mains,6,0,25,0,26.87,35.25,0,0,0.1,None,0,0.02,0.0,0,15,25,186
2026-09-07,Mudda Pappu,Veg_Mains,0,0,24,0,59.75,34.63,1,0,0.06,None,0,0.15,0.0,0,15,25,213
2026-09-08,Mudda Pappu,Veg_Mains,1,0,23,0,3.09,28.05,0,0,0.06,None,1,0.25,0.0,0,15,25,0
2026-09-09,Mudda Pappu,Veg_Mains,2,0,22,0,11.44,27.1,0,0,0.1,None,0,0.05,0.0,0,15,25,163
2026-09-10,Mudda Pappu,Veg_Mains,3,0,21,0,12.62,34.6,0,0,0.13,None,1,0.2,0.0,0,15,25,0
2026-09-11,Mudda Pappu,Veg_Mains,4,0,20,0,12.83,34.84,0,1,0.04,None,0,0.05,0.0,0,15,25,194
2026-09-12,Mudda Pappu,Veg_Mains,5,0,19,0,4.22,31.82,0,0,0.11,None,1,0.3,0.0,0,15,25,0
2026-09-13,Mudda Pappu,Veg_Mains,6,0,18,0,14.99,30.34,0,0,0.05,None,0,0.02,0.0,0,15,25,156
2026-09-14,Mudda Pappu,Veg_Mains,0,0,17,0,14.48,28.71,0,0,0.06,None,0,0.15,0.0,0,15,25,184
2026-09-15,Mudda Pappu,Veg_Mains,1,0,16,0,16.13,30.1,0,1,0.11,None,1,0.25,0.0,0,15,25,0
2026-09-16,Mudda Pappu,Veg_Mains,2,0,15,0,13.05,35.98,0,0,0.06,None,0,0.05,0.0,0,15,25,155
2026-09-17,Mudda Pappu,Veg_Mains,3,0,14,0,5.78,33.77,0,0,0.04,None,1,0.2,0.0,0,15,25,0
2026-09-18,Mudda Pappu,Veg_Mains,4,0,13,0,21.36,29.49,0,1,0.04,None,0,0.05,0.0,0,15,25,213
2026-09-19,Mudda Pappu,Veg_Mains,5,0,12,0,47.3,31.85,1,0,0.07,None,1,0.3,0.0,0,15,25,0
2026-09-20,Mudda Pappu,Veg_Mains,6,1,11,0,13.55,33.82,0,0,0.03,None,0,0.02,0.0,1,15,25,17
2026-09-21,Mudda Pappu,Veg_Mains,0,1,10,1,4.07,27.23,0,1,0.24,None,0,0.15,0.0,1,15,25,18
2026-09-22,Mudda Pappu,Veg_Mains,1,0,9,0,31.22,28.77,0,1,0.02,None,1,0.25,0.0,0,15,25,0
2026-09-23,Mudda Pappu,Veg_Mains,2,0,8,0,66.89,30.05,1,0,0.14,None,0,0.05,0.0,0,15,25,171
2026-09-24,Mudda Pappu,Veg_Mains,3,0,7,0,24.59,24.99,0,1,0.05,None,1,0.2,0.0,0,15,25,0
2026-09-25,Mudda Pappu,Veg_Mains,4,0,6,0,22.12,27.03,0,1,0.07,None,0,0.05,0.0,0,15,25,205
2026-09-26,Mudda Pappu,Veg_Mains,5,0,5,0,11.66,26.06,0,0,0.05,None,1,0.3,0.0,0,15,25,0
2026-09-27,Mudda Pappu,Veg_Mains,6,0,4,0,53.14,28.31,1,0,0.11,None,0,0.02,0.0,0,15,25,164
2026-09-28,Mudda Pappu,Veg_Mains,0,0,3,0,44.39,33.84,1,0,0.06,None,0,0.15,0.0,0,15,25,207
2026-09-29,Mudda Pappu,Veg_Mains,1,0,2,0,26.58,34.14,0,1,0.14,None,1,0.25,0.0,0,15,25,0
2026-09-30,Mudda Pappu,Veg_Mains,2,0,1,0,7.06,25.97,0,0,0.02,None,0,0.05,0.0,0,15,25,167
2026-10-01,Mudda Pappu,Veg_Mains,3,0,1,0,5.85,20.28,0,0,0.11,None,1,0.2,0.0,0,15,25,0
2026-10-02,Mudda Pappu,Veg_Mains,4,0,0,0,5.11,32.46,0,0,0.15,None,0,0.05,0.0,0,15,25,131
2026-10-03,Mudda Pappu,Veg_Mains,5,0,29,0,0.43,20.27,0,0,0.07,None,1,0.3,0.0,0,15,25,0
2026-10-04,Mudda Pappu,Veg_Mains,6,0,28,0,2.53,27.86,0,0,0.14,None,0,0.02,0.0,0,15,25,160
2026-10-05,Mudda Pappu,Veg_Mains,0,0,27,0,1.25,24.77,0,1,0.12,None,0,0.15,0.0,0,15,25,210
2026-10-06,Mudda Pappu,Veg_Mains,1,0,26,0,0.29,28.72,0,0,0.15,None,1,0.25,0.0,0,15,25,0
2026-10-07,Mudda Pappu,Veg_Mains,2,0,25,0,2.28,31.18,0,0,0.12,None,0,0.05,0.0,0,15,25,153
2026-10-08,Mudda Pappu,Veg_Mains,3,0,24,0,5.24,20.99,0,1,0.12,None,1,0.2,0.0,0,15,25,0
2026-10-09,Mudda Pappu,Veg_Mains,4,0,23,0,0.56,23.83,0,0,0.09,None,0,0.05,0.0,0,15,25,136
2026-10-10,Mudda Pappu,Veg_Mains,5,0,22,0,0.21,24.96,0,1,0.11,Navratri,1,0.45,0.05,0,15,25,0
2026-10-11,Mudda Pappu,Veg_Mains,6,0,21,0,7.83,21.67,0,0,0.05,Navratri,0,0.45,0.05,0,15,25,215
2026-10-12,Mudda Pappu,Veg_Mains,0,0,20,0,3.51,23.4,0,0,0.03,Navratri,0,0.45,0.05,0,15,25,228
2026-10-13,Mudda Pappu,Veg_Mains,1,0,19,0,0.29,24.3,0,0,0.05,Navratri,1,0.45,0.05,0,15,25,0
2026-10-14,Mudda Pappu,Veg_Mains,2,0,18,0,15.05,28.53,0,1,0.11,Navratri,0,0.45,0.05,0,15,25,253
2026-10-15,Mudda Pappu,Veg_Mains,3,0,17,0,2.38,29.15,0,0,0.05,Navratri,1,0.45,0.05,0,15,25,0
2026-10-16,Mudda Pappu,Veg_Mains,4,0,16,0,0.52,18.73,0,1,0.08,Navratri,0,0.45,0.05,0,15,25,220
2026-10-17,Mudda Pappu,Veg_Mains,5,0,15,0,2.28,24.04,0,0,0.06,Navratri,1,0.45,0.05,0,15,25,0
2026-10-18,Mudda Pappu,Veg_Mains,6,0,14,0,3.19,24.49,0,0,0.09,Navratri,0,0.45,0.05,0,15,25,216
2026-10-19,Mudda Pappu,Veg_Mains,0,1,13,1,9.64,28.01,0,1,0.18,Navratri,0,0.45,0.05,1,15,25,22
2026-10-20,Mudda Pappu,Veg_Mains,1,0,12,0,1.53,29.42,0,1,0.08,None,1,0.25,0.0,0,15,25,0
2026-10-21,Mudda Pappu,Veg_Mains,2,0,11,0,4.24,17.15,0,0,0.13,None,0,0.05,0.0,0,15,25,152
2026-10-22,Mudda Pappu,Veg_Mains,3,0,10,0,5.58,20.04,0,0,0.11,None,1,0.2,0.0,0,15,25,0
2026-10-23,Mudda Pappu,Veg_Mains,4,0,9,0,3.15,28.22,0,0,0.13,None,0,0.05,0.0,0,15,25,136
2026-10-24,Mudda Pappu,Veg_Mains,5,0,8,0,2.59,25.34,0,0,0.14,None,1,0.3,0.0,0,15,25,0
2026-10-25,Mudda Pappu,Veg_Mains,6,1,7,0,1.55,23.93,0,1,0.04,None,0,0.02,0.0,1,15,25,19
2026-10-26,Mudda Pappu,Veg_Mains,0,0,6,0,0.23,25.58,0,0,0.1,None,0,0.15,0.0,0,15,25,157
2026-10-27,Mudda Pappu,Veg_Mains,1,0,5,0,2.88,23.41,0,0,0.04,None,1,0.25,0.0,0,15,25,0
2026-10-28,Mudda Pappu,Veg_Mains,2,0,4,0,11.65,22.43,0,1,0.12,None,0,0.05,0.0,0,15,25,169
2026-10-29,Mudda Pappu,Veg_Mains,3,0,3,0,0.93,24.79,0,1,0.12,None,1,0.2,0.0,0,15,25,0
2026-10-30,Mudda Pappu,Veg_Mains,4,1,2,1,1.19,20.64,0,1,0.19,None,0,0.05,0.0,1,15,25,14
2026-10-31,Mudda Pappu,Veg_Mains,5,0,1,0,0.36,29.89,0,0,0.03,None,1,0.3,0.0,0,15,25,0
2026-11-01,Mudda Pappu,Veg_Mains,6,0,0,0,1.93,24.2,0,0,0.04,None,0,0.02,0.0,0,15,25,150
2026-11-02,Mudda Pappu,Veg_Mains,0,0,29,0,2.72,24.26,0,0,0.07,None,0,0.15,0.0,0,15,25,197
2026-11-03,Mudda Pappu,Veg_Mains,1,0,28,0,5.92,26.34,0,0,0.07,None,1,0.25,0.0,0,15,25,0
2026-11-04,Mudda Pappu,Veg_Mains,2,0,27,0,0.98,34.84,0,1,0.09,None,0,0.05,0.0,0,15,25,200
2026-11-05,Mudda Pappu,Veg_Mains,3,0,26,0,2.7,34.67,0,0,0.14,None,1,0.2,0.0,0,15,25,0
2026-11-06,Mudda Pappu,Veg_Mains,4,0,25,0,1.04,20.33,0,0,0.04,None,0,0.05,0.0,0,15,25,159
2026-11-07,Mudda Pappu,Veg_Mains,5,0,24,0,14.34,19.62,0,1,0.1,None,1,0.3,0.0,0,15,25,0
2026-11-08,Mudda Pappu,Veg_Mains,6,0,23,0,0.65,24.11,0,0,0.12,None,0,0.02,0.0,0,15,25,149
2026-11-09,Mudda Pappu,Veg_Mains,0,1,22,1,0.35,19.15,0,0,0.22,None,0,0.15,0.0,1,15,25,14
2026-11-10,Mudda Pappu,Veg_Mains,1,0,21,0,4.49,25.31,0,0,0.12,None,1,0.25,0.0,0,15,25,0
2026-11-11,Mudda Pappu,Veg_Mains,2,0,20,0,12.01,30.81,0,0,0.12,None,0,0.05,0.0,0,15,25,152
2026-11-12,Mudda Pappu,Veg_Mains,3,0,19,0,7.73,20.99,0,0,0.12,None,1,0.2,0.0,0,15,25,0
2026-11-13,Mudda Pappu,Veg_Mains,4,1,18,1,0.72,15.26,0,0,0.19,None,0,0.05,0.0,1,15,25,12
2026-11-14,Mudda Pappu,Veg_Mains,5,0,17,0,1.67,25.65,0,0,0.05,None,1,0.3,0.0,0,15,25,0
2026-11-15,Mudda Pappu,Veg_Mains,6,0,16,0,8.66,17.98,0,0,0.14,None,0,0.02,0.0,0,15,25,133
2026-11-16,Mudda Pappu,Veg_Mains,0,0,15,0,1.3,29.53,0,0,0.07,None,0,0.15,0.0,0,15,25,181
2026-11-17,Mudda Pappu,Veg_Mains,1,0,14,0,4.59,26.82,0,1,0.13,None,1,0.25,0.0,0,15,25,0
2026-11-18,Mudda Pappu,Veg_Mains,2,0,13,0,3.23,25.01,0,0,0.06,None,0,0.05,0.0,0,15,25,160
2026-11-19,Mudda Pappu,Veg_Mains,3,0,12,0,0.87,20.63,0,0,0.09,None,1,0.2,0.0,0,15,25,0
2026-11-20,Mudda Pappu,Veg_Mains,4,0,11,0,4.47,29.72,0,0,0.1,None,0,0.05,0.0,0,15,25,139
2026-11-21,Mudda Pappu,Veg_Mains,5,0,10,0,0.15,21.45,0,0,0.07,None,1,0.3,0.0,0,15,25,0
2026-11-22,Mudda Pappu,Veg_Mains,6,0,9,0,2.08,27.54,0,0,0.08,None,0,0.02,0.0,0,15,25,160
2026-11-23,Mudda Pappu,Veg_Mains,0,0,8,0,3.27,20.47,0,1,0.13,None,0,0.15,0.0,0,15,25,201
2026-11-24,Mudda Pappu,Veg_Mains,1,0,7,0,1.59,21.65,0,0,0.15,None,1,0.25,0.0,0,15,25,0
2026-11-25,Mudda Pappu,Veg_Mains,2,0,6,0,11.44,20.41,0,0,0.11,None,0,0.05,0.0,0,15,25,165
2026-11-26,Mudda Pappu,Veg_Mains,3,0,5,0,12.8,18.64,0,1,0.08,None,1,0.2,0.0,0,15,25,0
2026-11-27,Mudda Pappu,Veg_Mains,4,0,4,0,7.33,22.96,0,0,0.04,None,0,0.05,0.0,0,15,25,157
2026-11-28,Mudda Pappu,Veg_Mains,5,0,3,0,0.05,22.71,0,0,0.05,None,1,0.3,0.0,0,15,25,0
2026-11-29,Mudda Pappu,Veg_Mains,6,0,2,0,13.85,22.11,0,0,0.05,None,0,0.02,0.0,0,15,25,152
2026-11-30,Mudda Pappu,Veg_Mains,0,0,1,0,1.04,29.89,0,0,0.05,None,0,0.15,0.0,0,15,25,175
2026-12-01,Mudda Pappu,Veg_Mains,1,0,1,0,4.03,23.07,0,0,0.05,None,1,0.25,0.0,0,15,25,0
2026-12-02,Mudda Pappu,Veg_Mains,2,0,0,0,0.23,20.6,0,1,0.11,None,0,0.05,0.0,0,15,25,191
2026-12-03,Mudda Pappu,Veg_Mains,3,1,29,0,3.28,31.0,0,1,0.05,None,1,0.2,0.0,1,15,25,0
2026-12-04,Mudda Pappu,Veg_Mains,4,0,28,0,1.89,24.85,0,0,0.03,None,0,0.05,0.0,0,15,25,160
2026-12-05,Mudda Pappu,Veg_Mains,5,0,27,0,0.04,24.82,0,0,0.1,None,1,0.3,0.0,0,15,25,0
2026-12-06,Mudda Pappu,Veg_Mains,6,0,26,0,3.25,23.2,0,0,0.05,None,0,0.02,0.0,0,15,25,155
2026-12-07,Mudda Pappu,Veg_Mains,0,0,25,0,3.09,21.62,0,1,0.08,None,0,0.15,0.0,0,15,25,222
2026-12-08,Mudda Pappu,Veg_Mains,1,0,24,0,6.39,26.33,0,0,0.12,None,1,0.25,0.0,0,15,25,0
2026-12-09,Mudda Pappu,Veg_Mains,2,0,23,0,3.87,25.48,0,0,0.15,None,0,0.05,0.0,0,15,25,149
2026-12-10,Mudda Pappu,Veg_Mains,3,0,22,0,0.11,16.03,0,0,0.12,None,1,0.2,0.0,0,15,25,0
2026-12-11,Mudda Pappu,Veg_Mains,4,0,21,0,0.7,27.35,0,0,0.14,None,0,0.05,0.0,0,15,25,126
2026-12-12,Mudda Pappu,Veg_Mains,5,0,20,0,0.23,31.99,0,0,0.06,None,1,0.3,0.0,0,15,25,0
2026-12-13,Mudda Pappu,Veg_Mains,6,0,19,0,2.78,23.73,0,0,0.05,None,0,0.02,0.0,0,15,25,158
2026-12-14,Mudda Pappu,Veg_Mains,0,0,18,0,0.51,30.51,0,1,0.14,None,0,0.15,0.0,0,15,25,187
2026-12-15,Mudda Pappu,Veg_Mains,1,0,17,0,2.57,24.71,0,0,0.03,None,1,0.25,0.0,0,15,25,0
2026-12-16,Mudda Pappu,Veg_Mains,2,0,16,0,1.59,21.4,0,0,0.07,None,0,0.05,0.0,0,15,25,152
2026-12-17,Mudda Pappu,Veg_Mains,3,0,15,0,1.51,21.06,0,0,0.06,None,1,0.2,0.0,0,15,25,0
2026-12-18,Mudda Pappu,Veg_Mains,4,0,14,0,2.32,22.33,0,0,0.11,None,0,0.05,0.0,0,15,25,154
2026-12-19,Mudda Pappu,Veg_Mains,5,0,13,0,1.16,23.17,0,0,0.03,None,1,0.3,0.0,0,15,25,0
2026-12-20,Mudda Pappu,Veg_Mains,6,0,12,0,4.1,29.06,0,0,0.11,None,0,0.02,0.0,0,15,25,151
2026-12-21,Mudda Pappu,Veg_Mains,0,0,11,0,3.44,27.62,0,0,0.1,None,0,0.15,0.0,0,15,25,178
2026-12-22,Mudda Pappu,Veg_Mains,1,0,10,0,8.24,26.39,0,0,0.08,None,1,0.25,0.0,0,15,25,0
2026-12-23,Mudda Pappu,Veg_Mains,2,0,9,0,0.6,24.18,0,0,0.04,None,0,0.05,0.0,0,15,25,159
2026-12-24,Mudda Pappu,Veg_Mains,3,0,8,0,0.23,28.47,0,0,0.09,None,1,0.2,0.0,0,15,25,0
2026-12-25,Mudda Pappu,Veg_Mains,4,0,7,0,0.74,29.94,0,0,0.1,None,0,0.05,0.0,0,15,25,130
2026-12-26,Mudda Pappu,Veg_Mains,5,0,6,0,7.7,28.2,0,0,0.08,None,1,0.3,0.0,0,15,25,0
2026-12-27,Mudda Pappu,Veg_Mains,6,0,5,0,0.09,24.18,0,0,0.11,None,0,0.02,0.0,0,15,25,160
2026-12-28,Mudda Pappu,Veg_Mains,0,0,4,0,0.49,20.07,0,0,0.12,None,0,0.15,0.0,0,15,25,175
2026-12-29,Mudda Pappu,Veg_Mains,1,0,3,0,3.79,20.31,0,0,0.08,None,1,0.25,0.0,0,15,25,0
2026-12-30,Mudda Pappu,Veg_Mains,2,0,2,0,3.42,25.31,0,1,0.04,None,0,0.05,0.0,0,15,25,201
2024-01-01,Paneer Butter Masala,Veg_Mains,0,0,1,0,9.03,27.59,0,0,0.04,None,0,0.15,0.0,0,40,60,179
2024-01-02,Paneer Butter Masala,Veg_Mains,1,0,0,0,0.61,25.97,0,0,0.06,None,1,0.25,0.0,0,40,60,0
2024-01-03,Paneer Butter Masala,Veg_Mains,2,0,29,0,4.61,19.35,0,0,0.09,None,0,0.05,0.0,0,40,60,162
2024-01-04,Paneer Butter Masala,Veg_Mains,3,0,28,0,1.74,23.83,0,0,0.08,None,1,0.2,0.0,0,40,60,0
2024-01-05,Paneer Butter Masala,Veg_Mains,4,0,27,0,0.61,27.95,0,0,0.05,None,0,0.05,0.0,0,40,60,0
2024-01-06,Paneer Butter Masala,Veg_Mains,5,0,26,0,1.32,22.12,0,0,0.09,None,1,0.3,0.0,0,40,60,203
2024-01-07,Paneer Butter Masala,Veg_Mains,6,0,25,0,0.23,28.73,0,0,0.04,None,0,0.02,0.0,0,40,60,162
2024-01-08,Paneer Butter Masala,Veg_Mains,0,0,24,0,3.04,20.22,0,1,0.08,None,0,0.15,0.0,0,40,60,227
2024-01-09,Paneer Butter Masala,Veg_Mains,1,0,23,0,1.67,31.26,0,0,0.03,None,1,0.25,0.0,0,40,60,0
2024-01-10,Paneer Butter Masala,Veg_Mains,2,0,22,0,0.86,30.91,0,0,0.03,None,0,0.05,0.0,0,40,60,177
2024-01-11,Paneer Butter Masala,Veg_Mains,3,0,21,0,0.62,25.39,0,1,0.14,None,1,0.2,0.0,0,40,60,0
2024-01-12,Paneer Butter Masala,Veg_Mains,4,0,20,0,5.91,19.15,0,0,0.09,None,0,0.05,0.0,0,40,60,0
2024-01-13,Paneer Butter Masala,Veg_Mains,5,0,19,0,1.17,32.54,0,0,0.15,None,1,0.3,0.0,0,40,60,185
2024-01-14,Paneer Butter Masala,Veg_Mains,6,0,18,0,0.98,24.23,0,0,0.08,None,0,0.02,0.0,0,40,60,161
2024-01-15,Paneer Butter Masala,Veg_Mains,0,0,17,0,3.0,27.35,0,0,0.13,None,0,0.15,0.0,0,40,60,167
2024-01-16,Paneer Butter Masala,Veg_Mains,1,0,16,0,0.05,18.8,0,0,0.04,None,1,0.25,0.0,0,40,60,0
2024-01-17,Paneer Butter Masala,Veg_Mains,2,0,15,0,6.3,23.71,0,0,0.11,None,0,0.05,0.0,0,40,60,157
2024-01-18,Paneer Butter Masala,Veg_Mains,3,0,14,0,1.29,28.13,0,0,0.14,None,1,0.2,0.0,0,40,60,0
2024-01-19,Paneer Butter Masala,Veg_Mains,4,0,13,0,6.86,26.17,0,0,0.04,None,0,0.05,0.0,0,40,60,0
2024-01-20,Paneer Butter Masala,Veg_Mains,5,0,12,0,0.81,27.63,0,0,0.12,None,1,0.3,0.0,0,40,60,209
2024-01-21,Paneer Butter Masala,Veg_Mains,6,0,11,0,0.84,21.99,0,1,0.07,None,0,0.02,0.0,0,40,60,203
2024-01-22,Paneer Butter Masala,Veg_Mains,0,0,10,0,3.85,35.88,0,0,0.02,None,0,0.15,0.0,0,40,60,193
2024-01-23,Paneer Butter Masala,Veg_Mains,1,1,9,0,5.75,24.71,0,0,0.07,None,1,0.25,0.0,1,40,60,0
2024-01-24,Paneer Butter Masala,Veg_Mains,2,0,8,0,3.57,21.46,0,0,0.15,None,0,0.05,0.0,0,40,60,151
2024-01-25,Paneer Butter Masala,Veg_Mains,3,0,7,0,3.64,19.49,0,1,0.13,None,1,0.2,0.0,0,40,60,0
2024-01-26,Paneer Butter Masala,Veg_Mains,4,0,6,0,4.77,29.54,0,1,0.06,None,0,0.05,0.0,0,40,60,0
2024-01-27,Paneer Butter Masala,Veg_Mains,5,0,5,0,2.35,27.75,0,0,0.02,None,1,0.3,0.0,0,40,60,211
2024-01-28,Paneer Butter Masala,Veg_Mains,6,0,4,0,0.73,22.08,0,0,0.09,None,0,0.02,0.0,0,40,60,139
2024-01-29,Paneer Butter Masala,Veg_Mains,0,0,3,0,0.95,21.83,0,0,0.15,None,0,0.15,0.0,0,40,60,154
2024-01-30,Paneer Butter Masala,Veg_Mains,1,0,2,0,0.86,32.06,0,0,0.06,None,1,0.25,0.0,0,40,60,0
2024-01-31,Paneer Butter Masala,Veg_Mains,2,0,1,0,4.25,23.06,0,0,0.04,None,0,0.05,0.0,0,40,60,168
2024-02-01,Paneer Butter Masala,Veg_Mains,3,0,29,0,1.71,20.9,0,0,0.1,None,1,0.2,0.0,0,40,60,0
2024-02-02,Paneer Butter Masala,Veg_Mains,4,0,28,0,5.82,21.07,0,0,0.1,None,0,0.05,0.0,0,40,60,0
2024-02-03,Paneer Butter Masala,Veg_Mains,5,0,27,0,3.09,27.65,0,0,0.09,None,1,0.3,0.0,0,40,60,190
2024-02-04,Paneer Butter Masala,Veg_Mains,6,0,26,0,0.07,23.03,0,1,0.06,None,0,0.02,0.0,0,40,60,195
2024-02-05,Paneer Butter Masala,Veg_Mains,0,0,25,0,0.59,27.52,0,0,0.12,None,0,0.15,0.0,0,40,60,162
2024-02-06,Paneer Butter Masala,Veg_Mains,1,0,24,0,1.68,24.19,0,0,0.12,None,1,0.25,0.0,0,40,60,0
2024-02-07,Paneer Butter Masala,Veg_Mains,2,0,23,0,0.03,26.3,0,1,0.09,None,0,0.05,0.0,0,40,60,180
2024-02-08,Paneer Butter Masala,Veg_Mains,3,0,22,0,4.19,27.5,0,0,0.08,None,1,0.2,0.0,0,40,60,0
2024-02-09,Paneer Butter Masala,Veg_Mains,4,0,21,0,0.37,24.41,0,0,0.12,None,0,0.05,0.0,0,40,60,0
2024-02-10,Paneer Butter Masala,Veg_Mains,5,0,20,0,5.18,23.12,0,0,0.15,None,1,0.3,0.0,0,40,60,177
2024-02-11,Paneer Butter Masala,Veg_Mains,6,0,19,0,2.45,28.43,0,0,0.08,None,0,0.02,0.0,0,40,60,158
2024-02-12,Paneer Butter Masala,Veg_Mains,0,0,18,0,2.63,24.56,0,0,0.13,None,0,0.15,0.0,0,40,60,167
2024-02-13,Paneer Butter Masala,Veg_Mains,1,1,17,0,2.22,30.8,0,0,0.1,None,1,0.25,0.0,1,40,60,0
2024-02-14,Paneer Butter Masala,Veg_Mains,2,0,16,0,0.63,21.77,0,0,0.07,None,0,0.05,0.0,0,40,60,178
2024-02-15,Paneer Butter Masala,Veg_Mains,3,0,15,0,0.53,22.69,0,1,0.13,None,1,0.2,0.0,0,40,60,0
2024-02-16,Paneer Butter Masala,Veg_Mains,4,1,14,1,0.49,18.15,0,1,0.28,None,0,0.05,0.0,1,40,60,0
2024-02-17,Paneer Butter Masala,Veg_Mains,5,0,13,0,6.0,22.6,0,1,0.15,None,1,0.3,0.0,0,40,60,227
2024-02-18,Paneer Butter Masala,Veg_Mains,6,1,12,0,2.8,24.43,0,0,0.11,None,0,0.02,0.0,1,40,60,14
2024-02-19,Paneer Butter Masala,Veg_Mains,0,0,11,0,5.74,25.46,0,0,0.09,None,0,0.15,0.0,0,40,60,185
2024-02-20,Paneer Butter Masala,Veg_Mains,1,0,10,0,0.04,27.74,0,0,0.1,None,1,0.25,0.0,0,40,60,0
2024-02-21,Paneer Butter Masala,Veg_Mains,2,0,9,0,4.59,31.51,0,1,0.14,None,0,0.05,0.0,0,40,60,183
2024-02-22,Paneer Butter Masala,Veg_Mains,3,0,8,0,1.2,19.78,0,0,0.04,None,1,0.2,0.0,0,40,60,0
2024-02-23,Paneer Butter Masala,Veg_Mains,4,0,7,0,1.93,20.76,0,0,0.04,None,0,0.05,0.0,0,40,60,0
2024-02-24,Paneer Butter Masala,Veg_Mains,5,0,6,0,1.36,32.86,0,0,0.12,None,1,0.3,0.0,0,40,60,188
2024-02-25,Paneer Butter Masala,Veg_Mains,6,0,5,0,4.14,22.88,0,0,0.08,None,0,0.02,0.0,0,40,60,168
2024-02-26,Paneer Butter Masala,Veg_Mains,0,0,4,0,0.87,27.31,0,0,0.09,None,0,0.15,0.0,0,40,60,160
2024-02-27,Paneer Butter Masala,Veg_Mains,1,0,3,0,1.42,22.41,0,0,0.14,None,1,0.25,0.0,0,40,60,0
2024-02-28,Paneer Butter Masala,Veg_Mains,2,0,2,0,2.31,30.92,0,0,0.12,None,0,0.05,0.0,0,40,60,143
2024-02-29,Paneer Butter Masala,Veg_Mains,3,0,1,0,12.92,32.64,0,0,0.05,None,1,0.2,0.0,0,40,60,0
2024-03-01,Paneer Butter Masala,Veg_Mains,4,0,1,0,6.81,25.19,0,0,0.15,None,0,0.05,0.0,0,40,60,0
2024-03-02,Paneer Butter Masala,Veg_Mains,5,0,0,0,3.31,28.02,0,1,0.09,None,1,0.3,0.0,0,40,60,242
2024-03-03,Paneer Butter Masala,Veg_Mains,6,0,29,0,0.83,17.78,0,0,0.1,None,0,0.02,0.0,0,40,60,143
2024-03-04,Paneer Butter Masala,Veg_Mains,0,0,28,0,0.43,25.19,0,0,0.15,None,0,0.15,0.0,0,40,60,153
2024-03-05,Paneer Butter Masala,Veg_Mains,1,0,27,0,1.59,30.77,0,0,0.14,None,1,0.25,0.0,0,40,60,0
2024-03-06,Paneer Butter Masala,Veg_Mains,2,0,26,0,5.53,26.35,0,0,0.04,None,0,0.05,0.0,0,40,60,170
2024-03-07,Paneer Butter Masala,Veg_Mains,3,0,25,0,6.29,29.8,0,0,0.07,None,1,0.2,0.0,0,40,60,0
2024-03-08,Paneer Butter Masala,Veg_Mains,4,0,24,0,6.9,31.71,0,0,0.09,None,0,0.05,0.0,0,40,60,0
2024-03-09,Paneer Butter Masala,Veg_Mains,5,0,23,0,4.74,27.53,0,1,0.12,None,1,0.3,0.0,0,40,60,237
2024-03-10,Paneer Butter Masala,Veg_Mains,6,0,22,0,2.53,26.92,0,0,0.13,Ramadan,0,0.02,0.15,0,40,60,123
2024-03-11,Paneer Butter Masala,Veg_Mains,0,0,21,0,3.84,28.48,0,0,0.09,Ramadan,0,0.15,0.15,0,40,60,134
2024-03-12,Paneer Butter Masala,Veg_Mains,1,0,20,0,8.83,26.12,0,0,0.1,Ramadan,1,0.25,0.15,0,40,60,0
2024-03-13,Paneer Butter Masala,Veg_Mains,2,0,19,0,0.5,25.9,0,0,0.1,Ramadan,0,0.05,0.15,0,40,60,133
2024-03-14,Paneer Butter Masala,Veg_Mains,3,0,18,0,1.53,29.38,0,0,0.06,Ramadan,1,0.2,0.15,0,40,60,0
2024-03-15,Paneer Butter Masala,Veg_Mains,4,0,17,0,1.28,23.66,0,0,0.08,Ramadan,0,0.05,0.15,0,40,60,0
2024-03-16,Paneer Butter Masala,Veg_Mains,5,0,16,0,1.35,24.78,0,0,0.1,Ramadan,1,0.3,0.15,0,40,60,165
2024-03-17,Paneer Butter Masala,Veg_Mains,6,0,15,0,6.85,24.9,0,0,0.04,Ramadan,0,0.02,0.15,0,40,60,138
2024-03-18,Paneer Butter Masala,Veg_Mains,0,0,14,0,1.74,31.02,0,0,0.09,Ramadan,0,0.15,0.15,0,40,60,142
2024-03-19,Paneer Butter Masala,Veg_Mains,1,0,13,0,0.51,32.01,0,0,0.11,Ramadan,1,0.25,0.15,0,40,60,0
2024-03-20,Paneer Butter Masala,Veg_Mains,2,0,12,0,0.82,24.04,0,0,0.13,Ramadan,0,0.05,0.15,0,40,60,122
2024-03-21,Paneer Butter Masala,Veg_Mains,3,0,11,0,6.8,26.3,0,0,0.14,Ramadan,1,0.2,0.15,0,40,60,0
2024-03-22,Paneer Butter Masala,Veg_Mains,4,0,10,0,0.94,19.37,0,0,0.07,Ramadan,0,0.05,0.15,0,40,60,0
2024-03-23,Paneer Butter Masala,Veg_Mains,5,0,9,0,0.45,24.85,0,1,0.12,Ramadan,1,0.3,0.15,0,40,60,196
2024-03-24,Paneer Butter Masala,Veg_Mains,6,0,8,0,0.89,25.68,0,1,0.09,Ramadan,0,0.02,0.15,0,40,60,159
2024-03-25,Paneer Butter Masala,Veg_Mains,0,0,7,0,2.42,29.12,0,0,0.02,Ramadan,0,0.15,0.15,0,40,60,172
2024-03-26,Paneer Butter Masala,Veg_Mains,1,0,6,0,7.37,17.64,0,0,0.03,Ramadan,1,0.25,0.15,0,40,60,0
2024-03-27,Paneer Butter Masala,Veg_Mains,2,0,5,0,1.48,21.98,0,0,0.07,Ramadan,0,0.05,0.15,0,40,60,157
2024-03-28,Paneer Butter Masala,Veg_Mains,3,0,4,0,0.73,25.74,0,0,0.05,Ramadan,1,0.2,0.15,0,40,60,0
2024-03-29,Paneer Butter Masala,Veg_Mains,4,0,3,0,4.42,24.86,0,0,0.08,Ramadan,0,0.05,0.15,0,40,60,0
2024-03-30,Paneer Butter Masala,Veg_Mains,5,0,2,0,2.68,28.89,0,0,0.03,Ramadan,1,0.3,0.15,0,40,60,166
2024-03-31,Paneer Butter Masala,Veg_Mains,6,0,1,0,3.23,27.44,0,0,0.13,Ramadan,0,0.02,0.15,0,40,60,126
2024-04-01,Paneer Butter Masala,Veg_Mains,0,0,0,0,0.0,37.45,0,0,0.14,Ramadan,0,0.15,0.15,0,40,60,146
2024-04-02,Paneer Butter Masala,Veg_Mains,1,0,29,0,0.01,41.0,0,0,0.11,Ramadan,1,0.25,0.15,0,40,60,0
2024-04-03,Paneer Butter Masala,Veg_Mains,2,0,28,0,0.83,37.3,0,0,0.13,Ramadan,0,0.05,0.15,0,40,60,136
2024-04-04,Paneer Butter Masala,Veg_Mains,3,0,27,0,0.46,39.11,0,0,0.12,Ramadan,1,0.2,0.15,0,40,60,0
2024-04-05,Paneer Butter Masala,Veg_Mains,4,0,26,0,0.0,38.16,0,0,0.07,Ramadan,0,0.05,0.15,0,40,60,0
2024-04-06,Paneer Butter Masala,Veg_Mains,5,0,25,0,5.13,37.75,0,1,0.05,Ramadan,1,0.3,0.15,0,40,60,212
2024-04-07,Paneer Butter Masala,Veg_Mains,6,0,24,0,0.06,41.11,0,0,0.03,Ramadan,0,0.02,0.15,0,40,60,146
2024-04-08,Paneer Butter Masala,Veg_Mains,0,0,23,0,2.0,40.41,0,0,0.1,Ramadan,0,0.15,0.15,0,40,60,149
2024-04-09,Paneer Butter Masala,Veg_Mains,1,0,22,0,0.33,41.77,0,0,0.03,Ramadan,1,0.25,0.15,0,40,60,0
2024-04-10,Paneer Butter Masala,Veg_Mains,2,0,21,0,2.1,38.26,0,0,0.09,None,0,0.05,0.0,0,40,60,167
2024-04-11,Paneer Butter Masala,Veg_Mains,3,0,20,0,1.05,41.01,0,0,0.04,None,1,0.2,0.0,0,40,60,0
2024-04-12,Paneer Butter Masala,Veg_Mains,4,0,19,0,2.19,40.38,0,0,0.05,None,0,0.05,0.0,0,40,60,0
2024-04-13,Paneer Butter Masala,Veg_Mains,5,0,18,0,0.59,40.44,0,0,0.1,None,1,0.3,0.0,0,40,60,190
2024-04-14,Paneer Butter Masala,Veg_Mains,6,0,17,0,0.24,40.35,0,0,0.13,None,0,0.02,0.0,0,40,60,146
2024-04-15,Paneer Butter Masala,Veg_Mains,0,0,16,0,1.79,43.76,0,0,0.03,None,0,0.15,0.0,0,40,60,175
2024-04-16,Paneer Butter Masala,Veg_Mains,1,0,15,0,0.32,41.27,0,1,0.07,None,1,0.25,0.0,0,40,60,0
2024-04-17,Paneer Butter Masala,Veg_Mains,2,0,14,0,0.45,40.54,0,0,0.12,None,0,0.05,0.0,0,40,60,146
2024-04-18,Paneer Butter Masala,Veg_Mains,3,0,13,0,4.04,39.82,0,0,0.04,None,1,0.2,0.0,0,40,60,0
2024-04-19,Paneer Butter Masala,Veg_Mains,4,0,12,0,0.7,37.14,0,0,0.06,None,0,0.05,0.0,0,40,60,0
2024-04-20,Paneer Butter Masala,Veg_Mains,5,0,11,0,0.75,41.57,0,0,0.03,None,1,0.3,0.0,0,40,60,211
2024-04-21,Paneer Butter Masala,Veg_Mains,6,0,10,0,1.15,38.25,0,0,0.02,None,0,0.02,0.0,0,40,60,167
2024-04-22,Paneer Butter Masala,Veg_Mains,0,0,9,0,1.84,42.8,0,0,0.14,None,0,0.15,0.0,0,40,60,170
2024-04-23,Paneer Butter Masala,Veg_Mains,1,0,8,0,1.85,40.23,0,1,0.08,None,1,0.25,0.0,0,40,60,0
2024-04-24,Paneer Butter Masala,Veg_Mains,2,0,7,0,0.12,40.41,0,1,0.05,None,0,0.05,0.0,0,40,60,221
2024-04-25,Paneer Butter Masala,Veg_Mains,3,0,6,0,0.92,40.87,0,0,0.03,None,1,0.2,0.0,0,40,60,0
2024-04-26,Paneer Butter Masala,Veg_Mains,4,0,5,0,0.24,40.45,0,0,0.11,None,0,0.05,0.0,0,40,60,0
2024-04-27,Paneer Butter Masala,Veg_Mains,5,0,4,0,0.73,41.77,0,0,0.1,None,1,0.3,0.0,0,40,60,188
2024-04-28,Paneer Butter Masala,Veg_Mains,6,0,3,0,0.12,39.42,0,0,0.09,None,0,0.02,0.0,0,40,60,146
2024-04-29,Paneer Butter Masala,Veg_Mains,0,0,2,0,0.03,42.32,0,0,0.05,None,0,0.15,0.0,0,40,60,193
2024-04-30,Paneer Butter Masala,Veg_Mains,1,0,1,0,0.06,37.22,0,0,0.12,None,1,0.25,0.0,0,40,60,0
2024-05-01,Paneer Butter Masala,Veg_Mains,2,0,1,0,2.72,39.35,0,0,0.09,None,0,0.05,0.0,0,40,60,157
2024-05-02,Paneer Butter Masala,Veg_Mains,3,0,0,0,0.0,41.83,0,0,0.09,None,1,0.2,0.0,0,40,60,0
2024-05-03,Paneer Butter Masala,Veg_Mains,4,0,29,0,1.02,37.92,0,0,0.11,None,0,0.05,0.0,0,40,60,0
2024-05-04,Paneer Butter Masala,Veg_Mains,5,0,28,0,5.12,44.81,0,1,0.09,None,1,0.3,0.0,0,40,60,243
2024-05-05,Paneer Butter Masala,Veg_Mains,6,0,27,0,0.93,42.01,0,0,0.09,None,0,0.02,0.0,0,40,60,141
2024-05-06,Paneer Butter Masala,Veg_Mains,0,0,26,0,1.91,39.4,0,1,0.04,None,0,0.15,0.0,0,40,60,209
2024-05-07,Paneer Butter Masala,Veg_Mains,1,0,25,0,1.12,36.89,0,0,0.05,None,1,0.25,0.0,0,40,60,0
2024-05-08,Paneer Butter Masala,Veg_Mains,2,0,24,0,0.29,43.07,0,0,0.08,None,0,0.05,0.0,0,40,60,180
2024-05-09,Paneer Butter Masala,Veg_Mains,3,0,23,0,1.24,41.13,0,0,0.05,None,1,0.2,0.0,0,40,60,0
2024-05-10,Paneer Butter Masala,Veg_Mains,4,0,22,0,0.47,38.02,0,1,0.09,None,0,0.05,0.0,0,40,60,0
2024-05-11,Paneer Butter Masala,Veg_Mains,5,0,21,0,0.03,41.88,0,0,0.04,None,1,0.3,0.0,0,40,60,197
2024-05-12,Paneer Butter Masala,Veg_Mains,6,0,20,0,0.0,39.85,0,1,0.1,None,0,0.02,0.0,0,40,60,177
2024-05-13,Paneer Butter Masala,Veg_Mains,0,0,19,0,3.41,43.5,0,0,0.12,None,0,0.15,0.0,0,40,60,161
2024-05-14,Paneer Butter Masala,Veg_Mains,1,0,18,0,0.71,38.44,0,0,0.13,None,1,0.25,0.0,0,40,60,0
2024-05-15,Paneer Butter Masala,Veg_Mains,2,0,17,0,0.6,42.92,0,0,0.15,None,0,0.05,0.0,0,40,60,138
2024-05-16,Paneer Butter Masala,Veg_Mains,3,0,16,0,1.1,41.14,0,0,0.03,None,1,0.2,0.0,0,40,60,0
2024-05-17,Paneer Butter Masala,Veg_Mains,4,0,15,0,1.84,37.55,0,0,0.13,None,0,0.05,0.0,0,40,60,0
2024-05-18,Paneer Butter Masala,Veg_Mains,5,0,14,0,0.63,38.59,0,0,0.14,None,1,0.3,0.0,0,40,60,186
2024-05-19,Paneer Butter Masala,Veg_Mains,6,0,13,0,0.41,42.63,0,0,0.14,None,0,0.02,0.0,0,40,60,146
2024-05-20,Paneer Butter Masala,Veg_Mains,0,0,12,0,0.54,40.38,0,0,0.13,None,0,0.15,0.0,0,40,60,160
2024-05-21,Paneer Butter Masala,Veg_Mains,1,0,11,0,4.71,38.3,0,0,0.1,None,1,0.25,0.0,0,40,60,0
2024-05-22,Paneer Butter Masala,Veg_Mains,2,0,10,0,0.09,40.0,0,0,0.13,None,0,0.05,0.0,0,40,60,155
2024-05-23,Paneer Butter Masala,Veg_Mains,3,0,9,0,0.32,41.98,0,0,0.06,None,1,0.2,0.0,0,40,60,0
2024-05-24,Paneer Butter Masala,Veg_Mains,4,0,8,0,4.11,42.78,0,0,0.09,None,0,0.05,0.0,0,40,60,0
2024-05-25,Paneer Butter Masala,Veg_Mains,5,0,7,0,0.04,39.63,0,0,0.15,None,1,0.3,0.0,0,40,60,187
2024-05-26,Paneer Butter Masala,Veg_Mains,6,0,6,0,0.81,38.41,0,0,0.03,None,0,0.02,0.0,0,40,60,162
2024-05-27,Paneer Butter Masala,Veg_Mains,0,0,5,0,0.01,39.4,0,1,0.13,None,0,0.15,0.0,0,40,60,224
2024-05-28,Paneer Butter Masala,Veg_Mains,1,0,4,0,0.4,39.58,0,0,0.07,None,1,0.25,0.0,0,40,60,0
2024-05-29,Paneer Butter Masala,Veg_Mains,2,0,3,0,0.14,40.22,0,0,0.02,None,0,0.05,0.0,0,40,60,154
2024-05-30,Paneer Butter Masala,Veg_Mains,3,0,2,0,0.02,39.11,0,0,0.08,None,1,0.2,0.0,0,40,60,0
2024-05-31,Paneer Butter Masala,Veg_Mains,4,0,1,0,5.83,39.58,0,0,0.11,None,0,0.05,0.0,0,40,60,0
2024-06-01,Paneer Butter Masala,Veg_Mains,5,0,0,0,28.2,30.9,0,0,0.03,None,1,0.3,0.0,0,40,60,262
2024-06-02,Paneer Butter Masala,Veg_Mains,6,0,29,0,17.86,27.59,0,0,0.07,None,0,0.02,0.0,0,40,60,155
2024-06-03,Paneer Butter Masala,Veg_Mains,0,0,28,0,37.14,32.16,0,0,0.03,None,0,0.15,0.0,0,40,60,208
2024-06-04,Paneer Butter Masala,Veg_Mains,1,0,27,0,7.35,28.25,0,1,0.12,None,1,0.25,0.0,0,40,60,0
2024-06-05,Paneer Butter Masala,Veg_Mains,2,0,26,0,25.56,31.67,0,0,0.07,None,0,0.05,0.0,0,40,60,192
2024-06-06,Paneer Butter Masala,Veg_Mains,3,0,25,0,13.97,29.17,0,0,0.06,None,1,0.2,0.0,0,40,60,0
2024-06-07,Paneer Butter Masala,Veg_Mains,4,0,24,0,23.84,32.2,0,0,0.04,None,0,0.05,0.0,0,40,60,0
2024-06-08,Paneer Butter Masala,Veg_Mains,5,0,23,0,10.73,31.76,0,1,0.12,None,1,0.3,0.0,0,40,60,230
2024-06-09,Paneer Butter Masala,Veg_Mains,6,0,22,0,26.08,28.13,0,0,0.02,None,0,0.02,0.0,0,40,60,203
2024-06-10,Paneer Butter Masala,Veg_Mains,0,0,21,0,48.86,31.18,1,0,0.07,None,0,0.15,0.0,0,40,60,194
2024-06-11,Paneer Butter Masala,Veg_Mains,1,0,20,0,8.16,27.55,0,0,0.14,None,1,0.25,0.0,0,40,60,0
2024-06-12,Paneer Butter Masala,Veg_Mains,2,0,19,0,8.73,33.5,0,0,0.1,None,0,0.05,0.0,0,40,60,159
2024-06-13,Paneer Butter Masala,Veg_Mains,3,0,18,0,59.96,33.63,1,1,0.06,None,1,0.2,0.0,0,40,60,0
2024-06-14,Paneer Butter Masala,Veg_Mains,4,0,17,0,17.83,34.43,0,0,0.06,None,0,0.05,0.0,0,40,60,0
2024-06-15,Paneer Butter Masala,Veg_Mains,5,0,16,0,6.63,35.56,0,0,0.04,None,1,0.3,0.0,0,40,60,188
2024-06-16,Paneer Butter Masala,Veg_Mains,6,0,15,0,21.58,28.42,0,0,0.06,None,0,0.02,0.0,0,40,60,180
2024-06-17,Paneer Butter Masala,Veg_Mains,0,0,14,0,5.67,21.38,0,0,0.11,None,0,0.15,0.0,0,40,60,176
2024-06-18,Paneer Butter Masala,Veg_Mains,1,0,13,0,6.13,31.06,0,0,0.03,None,1,0.25,0.0,0,40,60,0
2024-06-19,Paneer Butter Masala,Veg_Mains,2,0,12,0,13.97,29.09,0,0,0.03,None,0,0.05,0.0,0,40,60,170
2024-06-20,Paneer Butter Masala,Veg_Mains,3,0,11,0,28.1,29.16,0,0,0.15,None,1,0.2,0.0,0,40,60,0
2024-06-21,Paneer Butter Masala,Veg_Mains,4,0,10,0,29.17,26.24,0,0,0.08,None,0,0.05,0.0,0,40,60,0
2024-06-22,Paneer Butter Masala,Veg_Mains,5,0,9,0,8.87,27.57,0,0,0.09,None,1,0.3,0.0,0,40,60,215
2024-06-23,Paneer Butter Masala,Veg_Mains,6,0,8,0,8.09,28.65,0,0,0.1,None,0,0.02,0.0,0,40,60,162
2024-06-24,Paneer Butter Masala,Veg_Mains,0,0,7,0,9.64,27.6,0,0,0.12,None,0,0.15,0.0,0,40,60,173
2024-06-25,Paneer Butter Masala,Veg_Mains,1,0,6,0,16.26,29.82,0,1,0.09,None,1,0.25,0.0,0,40,60,0
2024-06-26,Paneer Butter Masala,Veg_Mains,2,0,5,0,24.08,24.51,0,0,0.1,None,0,0.05,0.0,0,40,60,189
2024-06-27,Paneer Butter Masala,Veg_Mains,3,0,4,0,23.74,27.46,0,0,0.13,None,1,0.2,0.0,0,40,60,0
2024-06-28,Paneer Butter Masala,Veg_Mains,4,0,3,0,7.13,31.27,0,0,0.03,None,0,0.05,0.0,0,40,60,0
2024-06-29,Paneer Butter Masala,Veg_Mains,5,0,2,0,6.37,31.28,0,0,0.04,None,1,0.3,0.0,0,40,60,210
2024-06-30,Paneer Butter Masala,Veg_Mains,6,0,1,0,25.61,35.42,0,0,0.08,None,0,0.02,0.0,0,40,60,178
2024-07-01,Paneer Butter Masala,Veg_Mains,0,0,1,0,6.81,28.49,0,1,0.03,None,0,0.15,0.0,0,40,60,199
2024-07-02,Paneer Butter Masala,Veg_Mains,1,0,0,0,38.73,29.69,0,1,0.1,None,1,0.25,0.0,0,40,60,0
2024-07-03,Paneer Butter Masala,Veg_Mains,2,0,29,0,5.98,28.79,0,1,0.06,None,0,0.05,0.0,0,40,60,178
2024-07-04,Paneer Butter Masala,Veg_Mains,3,0,28,0,24.22,30.54,0,0,0.12,None,1,0.2,0.0,0,40,60,0
2024-07-05,Paneer Butter Masala,Veg_Mains,4,0,27,0,15.01,27.08,0,1,0.09,None,0,0.05,0.0,0,40,60,0
2024-07-06,Paneer Butter Masala,Veg_Mains,5,0,26,0,21.33,30.57,0,1,0.06,None,1,0.3,0.0,0,40,60,274
2024-07-07,Paneer Butter Masala,Veg_Mains,6,0,25,0,12.16,27.27,0,0,0.02,None,0,0.02,0.0,0,40,60,152
2024-07-08,Paneer Butter Masala,Veg_Mains,0,0,24,0,32.19,35.13,0,0,0.03,None,0,0.15,0.0,0,40,60,208
2024-07-09,Paneer Butter Masala,Veg_Mains,1,0,23,0,17.14,30.8,0,1,0.13,None,1,0.25,0.0,0,40,60,0
2024-07-10,Paneer Butter Masala,Veg_Mains,2,0,22,0,9.27,32.66,0,0,0.1,None,0,0.05,0.0,0,40,60,149
2024-07-11,Paneer Butter Masala,Veg_Mains,3,0,21,0,13.69,27.47,0,0,0.14,None,1,0.2,0.0,0,40,60,0
2024-07-12,Paneer Butter Masala,Veg_Mains,4,0,20,0,8.8,26.04,0,0,0.04,None,0,0.05,0.0,0,40,60,0
2024-07-13,Paneer Butter Masala,Veg_Mains,5,0,19,0,17.75,25.63,0,0,0.05,None,1,0.3,0.0,0,40,60,234
2024-07-14,Paneer Butter Masala,Veg_Mains,6,0,18,0,14.44,27.34,0,0,0.09,None,0,0.02,0.0,0,40,60,152
2024-07-15,Paneer Butter Masala,Veg_Mains,0,0,17,0,2.54,25.25,0,0,0.1,None,0,0.15,0.0,0,40,60,167
2024-07-16,Paneer Butter Masala,Veg_Mains,1,0,16,0,21.5,27.34,0,0,0.12,None,1,0.25,0.0,0,40,60,0
2024-07-17,Paneer Butter Masala,Veg_Mains,2,0,15,0,36.51,30.62,0,1,0.11,None,0,0.05,0.0,0,40,60,195
2024-07-18,Paneer Butter Masala,Veg_Mains,3,0,14,0,10.54,30.28,0,0,0.06,None,1,0.2,0.0,0,40,60,0
2024-07-19,Paneer Butter Masala,Veg_Mains,4,0,13,0,5.52,32.76,0,0,0.08,None,0,0.05,0.0,0,40,60,0
2024-07-20,Paneer Butter Masala,Veg_Mains,5,0,12,0,39.81,25.01,0,0,0.07,None,1,0.3,0.0,0,40,60,227
2024-07-21,Paneer Butter Masala,Veg_Mains,6,0,11,0,14.67,29.55,0,0,0.11,None,0,0.02,0.0,0,40,60,165
2024-07-22,Paneer Butter Masala,Veg_Mains,0,0,10,0,11.27,29.96,0,1,0.07,None,0,0.15,0.0,0,40,60,210
2024-07-23,Paneer Butter Masala,Veg_Mains,1,0,9,0,19.8,25.38,0,0,0.09,None,1,0.25,0.0,0,40,60,0
2024-07-24,Paneer Butter Masala,Veg_Mains,2,0,8,0,20.11,26.81,0,0,0.03,None,0,0.05,0.0,0,40,60,196
2024-07-25,Paneer Butter Masala,Veg_Mains,3,0,7,0,6.3,30.72,0,0,0.08,None,1,0.2,0.0,0,40,60,0
2024-07-26,Paneer Butter Masala,Veg_Mains,4,0,6,0,11.35,29.68,0,0,0.05,None,0,0.05,0.0,0,40,60,0
2024-07-27,Paneer Butter Masala,Veg_Mains,5,0,5,0,26.05,28.89,0,0,0.08,None,1,0.3,0.0,0,40,60,241
2024-07-28,Paneer Butter Masala,Veg_Mains,6,0,4,0,7.98,30.72,0,0,0.1,None,0,0.02,0.0,0,40,60,157
2024-07-29,Paneer Butter Masala,Veg_Mains,0,1,3,1,14.25,29.55,0,0,0.28,None,0,0.15,0.0,1,40,60,13
2024-07-30,Paneer Butter Masala,Veg_Mains,1,0,2,0,13.74,28.77,0,0,0.12,None,1,0.25,0.0,0,40,60,0
2024-07-31,Paneer Butter Masala,Veg_Mains,2,0,1,0,30.35,31.55,0,0,0.12,None,0,0.05,0.0,0,40,60,182
2024-08-01,Paneer Butter Masala,Veg_Mains,3,0,1,0,16.33,27.35,0,0,0.07,None,1,0.2,0.0,0,40,60,0
2024-08-02,Paneer Butter Masala,Veg_Mains,4,0,0,0,2.22,30.64,0,0,0.12,None,0,0.05,0.0,0,40,60,0
2024-08-03,Paneer Butter Masala,Veg_Mains,5,0,29,0,8.58,27.18,0,1,0.07,None,1,0.3,0.0,0,40,60,239
2024-08-04,Paneer Butter Masala,Veg_Mains,6,0,28,0,16.97,27.44,0,1,0.09,None,0,0.02,0.0,0,40,60,180
2024-08-05,Paneer Butter Masala,Veg_Mains,0,0,27,0,29.41,27.08,0,1,0.09,Shravan,0,0.4,0.02,0,40,60,299
2024-08-06,Paneer Butter Masala,Veg_Mains,1,0,26,0,16.31,28.12,0,0,0.11,Shravan,1,0.4,0.02,0,40,60,0
2024-08-07,Paneer Butter Masala,Veg_Mains,2,0,25,0,8.51,33.08,0,1,0.08,Shravan,0,0.4,0.02,0,40,60,252
2024-08-08,Paneer Butter Masala,Veg_Mains,3,0,24,0,42.61,32.78,1,0,0.11,Shravan,1,0.4,0.02,0,40,60,0
2024-08-09,Paneer Butter Masala,Veg_Mains,4,0,23,0,25.95,33.61,0,0,0.14,Shravan,0,0.4,0.02,0,40,60,0
2024-08-10,Paneer Butter Masala,Veg_Mains,5,0,22,0,10.93,29.56,0,0,0.13,Shravan,1,0.4,0.02,0,40,60,220
2024-08-11,Paneer Butter Masala,Veg_Mains,6,0,21,0,21.84,27.77,0,0,0.12,Shravan,0,0.4,0.02,0,40,60,250
2024-08-12,Paneer Butter Masala,Veg_Mains,0,0,20,0,12.77,31.81,0,0,0.03,Shravan,0,0.4,0.02,0,40,60,208
2024-08-13,Paneer Butter Masala,Veg_Mains,1,0,19,0,0.54,29.77,0,0,0.15,Shravan,1,0.4,0.02,0,40,60,0
2024-08-14,Paneer Butter Masala,Veg_Mains,2,0,18,0,8.96,29.29,0,0,0.02,Shravan,0,0.4,0.02,0,40,60,199
2024-08-15,Paneer Butter Masala,Veg_Mains,3,0,17,0,18.89,30.15,0,0,0.14,Shravan,1,0.4,0.02,0,40,60,0
2024-08-16,Paneer Butter Masala,Veg_Mains,4,0,16,0,15.37,25.07,0,0,0.03,Shravan,0,0.4,0.02,0,40,60,0
2024-08-17,Paneer Butter Masala,Veg_Mains,5,0,15,0,12.28,29.05,0,0,0.1,Shravan,1,0.4,0.02,0,40,60,223
2024-08-18,Paneer Butter Masala,Veg_Mains,6,0,14,0,30.2,29.21,0,1,0.11,Shravan,0,0.4,0.02,0,40,60,280
2024-08-19,Paneer Butter Masala,Veg_Mains,0,0,13,0,58.82,30.02,1,0,0.12,Shravan,0,0.4,0.02,0,40,60,229
2024-08-20,Paneer Butter Masala,Veg_Mains,1,0,12,0,5.28,31.34,0,0,0.14,Shravan,1,0.4,0.02,0,40,60,0
2024-08-21,Paneer Butter Masala,Veg_Mains,2,0,11,0,3.29,30.49,0,0,0.12,Shravan,0,0.4,0.02,0,40,60,199
2024-08-22,Paneer Butter Masala,Veg_Mains,3,0,10,0,27.79,26.12,0,0,0.09,Shravan,1,0.4,0.02,0,40,60,0
2024-08-23,Paneer Butter Masala,Veg_Mains,4,0,9,0,5.17,31.81,0,1,0.11,Shravan,0,0.4,0.02,0,40,60,0
2024-08-24,Paneer Butter Masala,Veg_Mains,5,0,8,0,12.46,28.06,0,1,0.15,Shravan,1,0.4,0.02,0,40,60,235
2024-08-25,Paneer Butter Masala,Veg_Mains,6,0,7,0,25.46,31.22,0,0,0.11,Shravan,0,0.4,0.02,0,40,60,217
2024-08-26,Paneer Butter Masala,Veg_Mains,0,0,6,0,11.94,32.06,0,0,0.08,Shravan,0,0.4,0.02,0,40,60,221
2024-08-27,Paneer Butter Masala,Veg_Mains,1,0,5,0,13.19,34.23,0,0,0.08,Shravan,1,0.4,0.02,0,40,60,0
2024-08-28,Paneer Butter Masala,Veg_Mains,2,0,4,0,6.62,30.03,0,0,0.13,Shravan,0,0.4,0.02,0,40,60,210
2024-08-29,Paneer Butter Masala,Veg_Mains,3,0,3,0,2.64,30.96,0,0,0.04,Shravan,1,0.4,0.02,0,40,60,0
2024-08-30,Paneer Butter Masala,Veg_Mains,4,0,2,0,27.07,26.55,0,1,0.07,Shravan,0,0.4,0.02,0,40,60,0
2024-08-31,Paneer Butter Masala,Veg_Mains,5,0,1,0,28.96,29.25,0,1,0.12,Shravan,1,0.4,0.02,0,40,60,281
2024-09-01,Paneer Butter Masala,Veg_Mains,6,0,0,0,22.12,31.71,0,0,0.05,Shravan,0,0.4,0.02,0,40,60,260
2024-09-02,Paneer Butter Masala,Veg_Mains,0,0,29,0,57.99,39.33,1,1,0.13,Shravan,0,0.4,0.02,0,40,60,274
2024-09-03,Paneer Butter Masala,Veg_Mains,1,0,28,0,31.67,28.39,0,0,0.06,Shravan,1,0.4,0.02,0,40,60,0
2024-09-04,Paneer Butter Masala,Veg_Mains,2,0,27,0,17.83,31.36,0,0,0.07,None,0,0.05,0.0,0,40,60,169
2024-09-05,Paneer Butter Masala,Veg_Mains,3,0,26,0,24.0,30.15,0,0,0.11,None,1,0.2,0.0,0,40,60,0
2024-09-06,Paneer Butter Masala,Veg_Mains,4,0,25,0,11.22,27.41,0,1,0.11,None,0,0.05,0.0,0,40,60,0
2024-09-07,Paneer Butter Masala,Veg_Mains,5,0,24,0,12.34,30.43,0,0,0.06,None,1,0.3,0.0,0,40,60,194
2024-09-08,Paneer Butter Masala,Veg_Mains,6,0,23,0,14.79,35.44,0,0,0.03,None,0,0.02,0.0,0,40,60,176
2024-09-09,Paneer Butter Masala,Veg_Mains,0,0,22,0,12.44,26.02,0,0,0.06,None,0,0.15,0.0,0,40,60,181
2024-09-10,Paneer Butter Masala,Veg_Mains,1,0,21,0,9.94,26.68,0,0,0.05,None,1,0.25,0.0,0,40,60,0
2024-09-11,Paneer Butter Masala,Veg_Mains,2,1,20,0,4.97,29.75,0,0,0.1,None,0,0.05,0.0,1,40,60,16
2024-09-12,Paneer Butter Masala,Veg_Mains,3,0,19,0,5.97,27.25,0,1,0.14,None,1,0.2,0.0,0,40,60,0
2024-09-13,Paneer Butter Masala,Veg_Mains,4,0,18,0,13.88,29.87,0,0,0.08,None,0,0.05,0.0,0,40,60,0
2024-09-14,Paneer Butter Masala,Veg_Mains,5,0,17,0,16.36,29.48,0,0,0.14,None,1,0.3,0.0,0,40,60,181
2024-09-15,Paneer Butter Masala,Veg_Mains,6,0,16,0,15.57,32.42,0,0,0.05,None,0,0.02,0.0,0,40,60,156
2024-09-16,Paneer Butter Masala,Veg_Mains,0,0,15,0,15.81,27.85,0,0,0.11,None,0,0.15,0.0,0,40,60,172
2024-09-17,Paneer Butter Masala,Veg_Mains,1,0,14,0,27.1,29.44,0,1,0.1,None,1,0.25,0.0,0,40,60,0
2024-09-18,Paneer Butter Masala,Veg_Mains,2,0,13,0,13.42,36.42,0,0,0.11,None,0,0.05,0.0,0,40,60,159
2024-09-19,Paneer Butter Masala,Veg_Mains,3,0,12,0,10.53,32.58,0,0,0.06,None,1,0.2,0.0,0,40,60,0
2024-09-20,Paneer Butter Masala,Veg_Mains,4,0,11,0,11.08,34.33,0,0,0.04,None,0,0.05,0.0,0,40,60,0
2024-09-21,Paneer Butter Masala,Veg_Mains,5,0,10,0,12.74,28.16,0,0,0.09,None,1,0.3,0.0,0,40,60,193
2024-09-22,Paneer Butter Masala,Veg_Mains,6,0,9,0,33.31,26.56,0,0,0.14,None,0,0.02,0.0,0,40,60,155
2024-09-23,Paneer Butter Masala,Veg_Mains,0,0,8,0,31.62,31.45,0,0,0.08,None,0,0.15,0.0,0,40,60,208
2024-09-24,Paneer Butter Masala,Veg_Mains,1,0,7,0,28.23,30.34,0,0,0.03,None,1,0.25,0.0,0,40,60,0
2024-09-25,Paneer Butter Masala,Veg_Mains,2,0,6,0,13.22,25.75,0,0,0.07,None,0,0.05,0.0,0,40,60,163
2024-09-26,Paneer Butter Masala,Veg_Mains,3,0,5,0,3.43,24.36,0,0,0.11,None,1,0.2,0.0,0,40,60,0
2024-09-27,Paneer Butter Masala,Veg_Mains,4,0,4,0,6.7,30.26,0,0,0.06,None,0,0.05,0.0,0,40,60,0
2024-09-28,Paneer Butter Masala,Veg_Mains,5,0,3,0,17.17,25.65,0,0,0.12,None,1,0.3,0.0,0,40,60,199
2024-09-29,Paneer Butter Masala,Veg_Mains,6,0,2,0,30.0,33.73,0,1,0.13,None,0,0.02,0.0,0,40,60,201
2024-09-30,Paneer Butter Masala,Veg_Mains,0,0,1,0,8.32,29.81,0,1,0.14,None,0,0.15,0.0,0,40,60,198
2024-10-01,Paneer Butter Masala,Veg_Mains,1,0,1,0,1.41,22.76,0,1,0.08,None,1,0.25,0.0,0,40,60,0
2024-10-02,Paneer Butter Masala,Veg_Mains,2,0,0,0,1.38,32.05,0,0,0.11,None,0,0.05,0.0,0,40,60,157
2024-10-03,Paneer Butter Masala,Veg_Mains,3,0,29,0,4.36,30.59,0,0,0.12,Navratri,1,0.45,0.05,0,40,60,0
2024-10-04,Paneer Butter Masala,Veg_Mains,4,0,28,0,0.56,31.1,0,0,0.14,Navratri,0,0.45,0.05,0,40,60,0
2024-10-05,Paneer Butter Masala,Veg_Mains,5,0,27,0,6.6,32.46,0,0,0.08,Navratri,1,0.45,0.05,0,40,60,204
2024-10-06,Paneer Butter Masala,Veg_Mains,6,0,26,0,0.73,28.4,0,0,0.04,Navratri,0,0.45,0.05,0,40,60,232
2024-10-07,Paneer Butter Masala,Veg_Mains,0,0,25,0,4.77,28.71,0,0,0.14,Navratri,0,0.45,0.05,0,40,60,188
2024-10-08,Paneer Butter Masala,Veg_Mains,1,0,24,0,0.74,18.9,0,0,0.13,Navratri,1,0.45,0.05,0,40,60,0
2024-10-09,Paneer Butter Masala,Veg_Mains,2,0,23,0,0.09,30.74,0,0,0.02,Navratri,0,0.45,0.05,0,40,60,224
2024-10-10,Paneer Butter Masala,Veg_Mains,3,0,22,0,6.57,29.66,0,0,0.14,Navratri,1,0.45,0.05,0,40,60,0
2024-10-11,Paneer Butter Masala,Veg_Mains,4,0,21,0,20.42,29.65,0,1,0.13,Navratri,0,0.45,0.05,0,40,60,0
2024-10-12,Paneer Butter Masala,Veg_Mains,5,0,20,0,1.13,22.61,0,0,0.05,Navratri,1,0.45,0.05,0,40,60,240
2024-10-13,Paneer Butter Masala,Veg_Mains,6,0,19,0,2.61,26.32,0,1,0.12,None,0,0.02,0.0,0,40,60,174
2024-10-14,Paneer Butter Masala,Veg_Mains,0,0,18,0,1.26,25.64,0,0,0.05,None,0,0.15,0.0,0,40,60,197
2024-10-15,Paneer Butter Masala,Veg_Mains,1,0,17,0,3.4,22.39,0,0,0.14,None,1,0.25,0.0,0,40,60,0
2024-10-16,Paneer Butter Masala,Veg_Mains,2,0,16,0,0.97,26.62,0,0,0.04,None,0,0.05,0.0,0,40,60,175
2024-10-17,Paneer Butter Masala,Veg_Mains,3,0,15,0,0.06,27.09,0,0,0.13,None,1,0.2,0.0,0,40,60,0
2024-10-18,Paneer Butter Masala,Veg_Mains,4,0,14,0,0.97,23.75,0,1,0.1,None,0,0.05,0.0,0,40,60,0
2024-10-19,Paneer Butter Masala,Veg_Mains,5,0,13,0,6.39,26.33,0,0,0.13,None,1,0.3,0.0,0,40,60,179
2024-10-20,Paneer Butter Masala,Veg_Mains,6,0,12,0,17.68,26.15,0,0,0.13,None,0,0.02,0.0,0,40,60,150
2024-10-21,Paneer Butter Masala,Veg_Mains,0,0,11,0,0.27,22.33,0,0,0.05,None,0,0.15,0.0,0,40,60,166
2024-10-22,Paneer Butter Masala,Veg_Mains,1,0,10,0,1.18,20.94,0,0,0.05,None,1,0.25,0.0,0,40,60,0
2024-10-23,Paneer Butter Masala,Veg_Mains,2,0,9,0,6.0,26.33,0,0,0.03,None,0,0.05,0.0,0,40,60,172
2024-10-24,Paneer Butter Masala,Veg_Mains,3,0,8,0,0.47,20.75,0,0,0.06,None,1,0.2,0.0,0,40,60,0
2024-10-25,Paneer Butter Masala,Veg_Mains,4,0,7,0,0.18,20.26,0,0,0.09,None,0,0.05,0.0,0,40,60,0
2024-10-26,Paneer Butter Masala,Veg_Mains,5,0,6,0,5.5,28.22,0,1,0.14,None,1,0.3,0.0,0,40,60,223
2024-10-27,Paneer Butter Masala,Veg_Mains,6,0,5,0,1.35,19.12,0,1,0.07,None,0,0.02,0.0,0,40,60,192
2024-10-28,Paneer Butter Masala,Veg_Mains,0,0,4,0,2.02,19.98,0,0,0.05,None,0,0.15,0.0,0,40,60,185
2024-10-29,Paneer Butter Masala,Veg_Mains,1,0,3,0,0.74,26.16,0,0,0.13,None,1,0.25,0.0,0,40,60,0
2024-10-30,Paneer Butter Masala,Veg_Mains,2,0,2,0,1.41,22.87,0,0,0.09,None,0,0.05,0.0,0,40,60,162
2024-10-31,Paneer Butter Masala,Veg_Mains,3,0,1,0,0.74,23.56,0,0,0.02,None,1,0.2,0.0,0,40,60,0
2024-11-01,Paneer Butter Masala,Veg_Mains,4,0,0,0,1.84,27.76,0,0,0.03,None,0,0.05,0.0,0,40,60,0
2024-11-02,Paneer Butter Masala,Veg_Mains,5,0,29,0,1.89,31.36,0,0,0.08,None,1,0.3,0.0,0,40,60,210
2024-11-03,Paneer Butter Masala,Veg_Mains,6,0,28,0,0.09,22.6,0,0,0.1,None,0,0.02,0.0,0,40,60,148
2024-11-04,Paneer Butter Masala,Veg_Mains,0,0,27,0,2.4,29.8,0,0,0.02,None,0,0.15,0.0,0,40,60,189
2024-11-05,Paneer Butter Masala,Veg_Mains,1,0,26,0,0.57,29.88,0,0,0.12,None,1,0.25,0.0,0,40,60,0
2024-11-06,Paneer Butter Masala,Veg_Mains,2,0,25,0,7.94,20.53,0,0,0.03,None,0,0.05,0.0,0,40,60,159
2024-11-07,Paneer Butter Masala,Veg_Mains,3,0,24,0,2.84,25.78,0,0,0.06,None,1,0.2,0.0,0,40,60,0
2024-11-08,Paneer Butter Masala,Veg_Mains,4,1,23,1,0.03,28.97,0,0,0.3,None,0,0.05,0.0,1,40,60,0
2024-11-09,Paneer Butter Masala,Veg_Mains,5,0,22,0,1.26,21.8,0,1,0.14,None,1,0.3,0.0,0,40,60,226
2024-11-10,Paneer Butter Masala,Veg_Mains,6,0,21,0,0.85,26.94,0,0,0.11,None,0,0.02,0.0,0,40,60,153
2024-11-11,Paneer Butter Masala,Veg_Mains,0,0,20,0,0.02,27.8,0,0,0.11,None,0,0.15,0.0,0,40,60,176
2024-11-12,Paneer Butter Masala,Veg_Mains,1,0,19,0,0.61,28.7,0,0,0.08,None,1,0.25,0.0,0,40,60,0
2024-11-13,Paneer Butter Masala,Veg_Mains,2,0,18,0,2.72,20.16,0,0,0.09,None,0,0.05,0.0,0,40,60,165
2024-11-14,Paneer Butter Masala,Veg_Mains,3,0,17,0,5.16,32.64,0,1,0.07,None,1,0.2,0.0,0,40,60,0
2024-11-15,Paneer Butter Masala,Veg_Mains,4,0,16,0,0.38,21.35,0,1,0.05,None,0,0.05,0.0,0,40,60,0
2024-11-16,Paneer Butter Masala,Veg_Mains,5,0,15,0,0.57,18.02,0,1,0.13,None,1,0.3,0.0,0,40,60,222
2024-11-17,Paneer Butter Masala,Veg_Mains,6,0,14,0,3.53,18.92,0,0,0.05,None,0,0.02,0.0,0,40,60,164
2024-11-18,Paneer Butter Masala,Veg_Mains,0,0,13,0,1.3,29.61,0,0,0.05,None,0,0.15,0.0,0,40,60,193
2024-11-19,Paneer Butter Masala,Veg_Mains,1,0,12,0,1.44,26.94,0,0,0.08,None,1,0.25,0.0,0,40,60,0
2024-11-20,Paneer Butter Masala,Veg_Mains,2,0,11,0,1.94,32.83,0,0,0.04,None,0,0.05,0.0,0,40,60,172
2024-11-21,Paneer Butter Masala,Veg_Mains,3,0,10,0,2.85,22.17,0,1,0.11,None,1,0.2,0.0,0,40,60,0
2024-11-22,Paneer Butter Masala,Veg_Mains,4,0,9,0,5.06,18.75,0,0,0.03,None,0,0.05,0.0,0,40,60,0
2024-11-23,Paneer Butter Masala,Veg_Mains,5,0,8,0,1.51,30.15,0,0,0.04,None,1,0.3,0.0,0,40,60,218
2024-11-24,Paneer Butter Masala,Veg_Mains,6,0,7,0,9.52,18.69,0,0,0.14,None,0,0.02,0.0,0,40,60,142
2024-11-25,Paneer Butter Masala,Veg_Mains,0,0,6,0,3.94,26.4,0,1,0.04,None,0,0.15,0.0,0,40,60,233
2024-11-26,Paneer Butter Masala,Veg_Mains,1,0,5,0,5.58,24.15,0,0,0.09,None,1,0.25,0.0,0,40,60,0
2024-11-27,Paneer Butter Masala,Veg_Mains,2,0,4,0,0.02,31.03,0,0,0.11,None,0,0.05,0.0,0,40,60,156
2024-11-28,Paneer Butter Masala,Veg_Mains,3,0,3,0,3.49,26.77,0,0,0.06,None,1,0.2,0.0,0,40,60,0
2024-11-29,Paneer Butter Masala,Veg_Mains,4,0,2,0,4.25,23.65,0,1,0.03,None,0,0.05,0.0,0,40,60,0
2024-11-30,Paneer Butter Masala,Veg_Mains,5,0,1,0,0.07,23.51,0,1,0.14,None,1,0.3,0.0,0,40,60,224
2024-12-01,Paneer Butter Masala,Veg_Mains,6,0,1,0,0.09,24.27,0,0,0.06,None,0,0.02,0.0,0,40,60,162
2024-12-02,Paneer Butter Masala,Veg_Mains,0,0,0,0,0.97,20.92,0,1,0.07,None,0,0.15,0.0,0,40,60,227
2024-12-03,Paneer Butter Masala,Veg_Mains,1,0,29,0,0.76,27.54,0,1,0.03,None,1,0.25,0.0,0,40,60,0
2024-12-04,Paneer Butter Masala,Veg_Mains,2,0,28,0,2.03,21.9,0,0,0.06,None,0,0.05,0.0,0,40,60,154
2024-12-05,Paneer Butter Masala,Veg_Mains,3,0,27,0,0.48,27.86,0,0,0.07,None,1,0.2,0.0,0,40,60,0
2024-12-06,Paneer Butter Masala,Veg_Mains,4,0,26,0,3.08,27.09,0,1,0.06,None,0,0.05,0.0,0,40,60,0
2024-12-07,Paneer Butter Masala,Veg_Mains,5,0,25,0,3.35,20.42,0,1,0.07,None,1,0.3,0.0,0,40,60,227
2024-12-08,Paneer Butter Masala,Veg_Mains,6,1,24,0,0.51,24.17,0,1,0.15,None,0,0.02,0.0,1,40,60,17
2024-12-09,Paneer Butter Masala,Veg_Mains,0,0,23,0,1.59,17.7,0,0,0.06,None,0,0.15,0.0,0,40,60,184
2024-12-10,Paneer Butter Masala,Veg_Mains,1,0,22,0,5.12,26.18,0,0,0.14,None,1,0.25,0.0,0,40,60,0
2024-12-11,Paneer Butter Masala,Veg_Mains,2,0,21,0,0.4,23.19,0,0,0.1,None,0,0.05,0.0,0,40,60,144
2024-12-12,Paneer Butter Masala,Veg_Mains,3,0,20,0,4.39,27.92,0,0,0.1,None,1,0.2,0.0,0,40,60,0
2024-12-13,Paneer Butter Masala,Veg_Mains,4,0,19,0,3.97,26.3,0,0,0.08,None,0,0.05,0.0,0,40,60,0
2024-12-14,Paneer Butter Masala,Veg_Mains,5,0,18,0,0.9,25.3,0,0,0.09,None,1,0.3,0.0,0,40,60,199
2024-12-15,Paneer Butter Masala,Veg_Mains,6,0,17,0,6.63,31.49,0,0,0.03,None,0,0.02,0.0,0,40,60,170
2024-12-16,Paneer Butter Masala,Veg_Mains,0,0,16,0,0.46,21.01,0,0,0.11,None,0,0.15,0.0,0,40,60,180
2024-12-17,Paneer Butter Masala,Veg_Mains,1,0,15,0,1.05,27.61,0,0,0.1,None,1,0.25,0.0,0,40,60,0
2024-12-18,Paneer Butter Masala,Veg_Mains,2,0,14,0,0.3,27.83,0,1,0.14,None,0,0.05,0.0,0,40,60,174
2024-12-19,Paneer Butter Masala,Veg_Mains,3,0,13,0,3.74,26.11,0,0,0.05,None,1,0.2,0.0,0,40,60,0
2024-12-20,Paneer Butter Masala,Veg_Mains,4,0,12,0,2.39,30.67,0,0,0.05,None,0,0.05,0.0,0,40,60,0
2024-12-21,Paneer Butter Masala,Veg_Mains,5,0,11,0,6.21,26.1,0,1,0.1,None,1,0.3,0.0,0,40,60,215
2024-12-22,Paneer Butter Masala,Veg_Mains,6,0,10,0,0.43,29.57,0,0,0.04,None,0,0.02,0.0,0,40,60,170
2024-12-23,Paneer Butter Masala,Veg_Mains,0,0,9,0,2.9,29.33,0,0,0.02,None,0,0.15,0.0,0,40,60,190
2024-12-24,Paneer Butter Masala,Veg_Mains,1,1,8,0,0.34,24.04,0,0,0.1,None,1,0.25,0.0,1,40,60,0
2024-12-25,Paneer Butter Masala,Veg_Mains,2,0,7,0,3.05,32.88,0,0,0.06,None,0,0.05,0.0,0,40,60,167
2024-12-26,Paneer Butter Masala,Veg_Mains,3,0,6,0,1.36,22.92,0,0,0.11,None,1,0.2,0.0,0,40,60,0
2024-12-27,Paneer Butter Masala,Veg_Mains,4,0,5,0,3.63,24.38,0,0,0.11,None,0,0.05,0.0,0,40,60,0
2024-12-28,Paneer Butter Masala,Veg_Mains,5,0,4,0,0.87,25.87,0,1,0.07,None,1,0.3,0.0,0,40,60,226
2024-12-29,Paneer Butter Masala,Veg_Mains,6,0,3,0,18.29,16.74,0,0,0.03,None,0,0.02,0.0,0,40,60,177
2024-12-30,Paneer Butter Masala,Veg_Mains,0,0,2,0,3.13,25.69,0,1,0.04,None,0,0.15,0.0,0,40,60,201
2024-12-31,Paneer Butter Masala,Veg_Mains,1,0,1,0,0.41,20.53,0,0,0.05,None,1,0.25,0.0,0,40,60,0
2025-01-01,Paneer Butter Masala,Veg_Mains,2,0,1,0,1.27,26.02,0,1,0.09,None,0,0.05,0.0,0,40,60,198
2025-01-02,Paneer Butter Masala,Veg_Mains,3,0,0,0,1.7,23.24,0,0,0.03,None,1,0.2,0.0,0,40,60,0
2025-01-03,Paneer Butter Masala,Veg_Mains,4,0,29,0,5.29,22.17,0,1,0.04,None,0,0.05,0.0,0,40,60,0
2025-01-04,Paneer Butter Masala,Veg_Mains,5,0,28,0,2.61,23.03,0,1,0.11,None,1,0.3,0.0,0,40,60,241
2025-01-05,Paneer Butter Masala,Veg_Mains,6,0,27,0,1.44,20.72,0,0,0.1,None,0,0.02,0.0,0,40,60,142
2025-01-06,Paneer Butter Masala,Veg_Mains,0,0,26,0,4.83,29.83,0,0,0.13,None,0,0.15,0.0,0,40,60,181
2025-01-07,Paneer Butter Masala,Veg_Mains,1,0,25,0,0.75,27.31,0,0,0.09,None,1,0.25,0.0,0,40,60,0
2025-01-08,Paneer Butter Masala,Veg_Mains,2,0,24,0,0.25,20.13,0,0,0.05,None,0,0.05,0.0,0,40,60,169
2025-01-09,Paneer Butter Masala,Veg_Mains,3,0,23,0,1.45,24.21,0,0,0.03,None,1,0.2,0.0,0,40,60,0
2025-01-10,Paneer Butter Masala,Veg_Mains,4,0,22,0,9.64,25.71,0,0,0.03,None,0,0.05,0.0,0,40,60,0
2025-01-11,Paneer Butter Masala,Veg_Mains,5,0,21,0,0.56,18.45,0,0,0.15,None,1,0.3,0.0,0,40,60,181
2025-01-12,Paneer Butter Masala,Veg_Mains,6,0,20,0,0.24,20.55,0,0,0.07,None,0,0.02,0.0,0,40,60,150
2025-01-13,Paneer Butter Masala,Veg_Mains,0,0,19,0,0.81,27.48,0,0,0.08,None,0,0.15,0.0,0,40,60,180
2025-01-14,Paneer Butter Masala,Veg_Mains,1,0,18,0,0.76,18.89,0,1,0.04,None,1,0.25,0.0,0,40,60,0
2025-01-15,Paneer Butter Masala,Veg_Mains,2,0,17,0,5.36,31.4,0,1,0.13,None,0,0.05,0.0,0,40,60,172
2025-01-16,Paneer Butter Masala,Veg_Mains,3,0,16,0,16.99,29.42,0,0,0.11,None,1,0.2,0.0,0,40,60,0
2025-01-17,Paneer Butter Masala,Veg_Mains,4,0,15,0,1.63,29.57,0,0,0.04,None,0,0.05,0.0,0,40,60,0
2025-01-18,Paneer Butter Masala,Veg_Mains,5,0,14,0,0.08,26.35,0,0,0.12,None,1,0.3,0.0,0,40,60,207
2025-01-19,Paneer Butter Masala,Veg_Mains,6,0,13,0,2.01,28.31,0,0,0.05,None,0,0.02,0.0,0,40,60,161
2025-01-20,Paneer Butter Masala,Veg_Mains,0,0,12,0,3.98,24.09,0,0,0.1,None,0,0.15,0.0,0,40,60,191
2025-01-21,Paneer Butter Masala,Veg_Mains,1,0,11,0,0.66,14.96,0,0,0.13,None,1,0.25,0.0,0,40,60,0
2025-01-22,Paneer Butter Masala,Veg_Mains,2,0,10,0,4.16,25.58,0,0,0.05,None,0,0.05,0.0,0,40,60,169
2025-01-23,Paneer Butter Masala,Veg_Mains,3,0,9,0,1.67,22.1,0,0,0.04,None,1,0.2,0.0,0,40,60,0
2025-01-24,Paneer Butter Masala,Veg_Mains,4,0,8,0,0.04,18.75,0,0,0.11,None,0,0.05,0.0,0,40,60,0
2025-01-25,Paneer Butter Masala,Veg_Mains,5,0,7,0,8.05,27.6,0,0,0.05,None,1,0.3,0.0,0,40,60,200
2025-01-26,Paneer Butter Masala,Veg_Mains,6,0,6,0,2.08,20.47,0,0,0.12,None,0,0.02,0.0,0,40,60,153
2025-01-27,Paneer Butter Masala,Veg_Mains,0,0,5,0,4.57,28.04,0,1,0.07,None,0,0.15,0.0,0,40,60,219
2025-01-28,Paneer Butter Masala,Veg_Mains,1,0,4,0,2.11,22.25,0,0,0.12,None,1,0.25,0.0,0,40,60,0
2025-01-29,Paneer Butter Masala,Veg_Mains,2,0,3,0,7.2,22.45,0,0,0.12,None,0,0.05,0.0,0,40,60,148
2025-01-30,Paneer Butter Masala,Veg_Mains,3,0,2,0,4.96,23.18,0,1,0.06,None,1,0.2,0.0,0,40,60,0
2025-01-31,Paneer Butter Masala,Veg_Mains,4,0,1,0,1.21,33.88,0,0,0.04,None,0,0.05,0.0,0,40,60,0
2025-02-01,Paneer Butter Masala,Veg_Mains,5,0,28,0,4.18,26.36,0,1,0.14,None,1,0.3,0.0,0,40,60,214
2025-02-02,Paneer Butter Masala,Veg_Mains,6,0,27,0,6.19,29.6,0,0,0.03,None,0,0.02,0.0,0,40,60,174
2025-02-03,Paneer Butter Masala,Veg_Mains,0,0,26,0,0.63,23.66,0,0,0.09,None,0,0.15,0.0,0,40,60,178
2025-02-04,Paneer Butter Masala,Veg_Mains,1,0,25,0,3.34,26.26,0,0,0.07,None,1,0.25,0.0,0,40,60,0
2025-02-05,Paneer Butter Masala,Veg_Mains,2,0,24,0,0.15,25.29,0,0,0.06,None,0,0.05,0.0,0,40,60,156
2025-02-06,Paneer Butter Masala,Veg_Mains,3,0,23,0,2.36,24.76,0,0,0.06,None,1,0.2,0.0,0,40,60,0
2025-02-07,Paneer Butter Masala,Veg_Mains,4,0,22,0,0.45,29.19,0,1,0.05,None,0,0.05,0.0,0,40,60,0
2025-02-08,Paneer Butter Masala,Veg_Mains,5,0,21,0,4.61,27.04,0,0,0.07,None,1,0.3,0.0,0,40,60,201
2025-02-09,Paneer Butter Masala,Veg_Mains,6,0,20,0,2.72,24.99,0,1,0.06,None,0,0.02,0.0,0,40,60,195
2025-02-10,Paneer Butter Masala,Veg_Mains,0,0,19,0,0.38,25.6,0,1,0.08,None,0,0.15,0.0,0,40,60,199
2025-02-11,Paneer Butter Masala,Veg_Mains,1,0,18,0,3.81,24.57,0,1,0.06,None,1,0.25,0.0,0,40,60,0
2025-02-12,Paneer Butter Masala,Veg_Mains,2,0,17,0,0.03,25.11,0,0,0.08,None,0,0.05,0.0,0,40,60,147
2025-02-13,Paneer Butter Masala,Veg_Mains,3,0,16,0,0.02,22.75,0,0,0.05,None,1,0.2,0.0,0,40,60,0
2025-02-14,Paneer Butter Masala,Veg_Mains,4,0,15,0,0.21,25.94,0,0,0.07,None,0,0.05,0.0,0,40,60,0
2025-02-15,Paneer Butter Masala,Veg_Mains,5,0,14,0,0.34,28.66,0,1,0.03,None,1,0.3,0.0,0,40,60,246
2025-02-16,Paneer Butter Masala,Veg_Mains,6,0,13,0,0.4,26.15,0,0,0.14,None,0,0.02,0.0,0,40,60,147
2025-02-17,Paneer Butter Masala,Veg_Mains,0,0,12,0,0.04,25.88,0,0,0.12,None,0,0.15,0.0,0,40,60,156
2025-02-18,Paneer Butter Masala,Veg_Mains,1,0,11,0,3.53,16.07,0,0,0.06,None,1,0.25,0.0,0,40,60,0
2025-02-19,Paneer Butter Masala,Veg_Mains,2,0,10,0,2.38,24.12,0,0,0.03,None,0,0.05,0.0,0,40,60,175
2025-02-20,Paneer Butter Masala,Veg_Mains,3,0,9,0,4.33,30.26,0,0,0.1,None,1,0.2,0.0,0,40,60,0
2025-02-21,Paneer Butter Masala,Veg_Mains,4,0,8,0,0.21,28.45,0,0,0.06,None,0,0.05,0.0,0,40,60,0
2025-02-22,Paneer Butter Masala,Veg_Mains,5,0,7,0,1.44,23.89,0,0,0.06,None,1,0.3,0.0,0,40,60,193
2025-02-23,Paneer Butter Masala,Veg_Mains,6,0,6,0,0.68,30.64,0,0,0.03,None,0,0.02,0.0,0,40,60,155
2025-02-24,Paneer Butter Masala,Veg_Mains,0,0,5,0,2.82,22.58,0,0,0.04,None,0,0.15,0.0,0,40,60,174
2025-02-25,Paneer Butter Masala,Veg_Mains,1,0,4,0,7.81,27.65,0,0,0.13,None,1,0.25,0.0,0,40,60,0
2025-02-26,Paneer Butter Masala,Veg_Mains,2,0,3,0,1.19,23.28,0,0,0.12,None,0,0.05,0.0,0,40,60,165
2025-02-27,Paneer Butter Masala,Veg_Mains,3,0,2,0,4.09,18.32,0,1,0.08,None,1,0.2,0.0,0,40,60,0
2025-02-28,Paneer Butter Masala,Veg_Mains,4,0,1,0,7.21,31.05,0,1,0.06,Ramadan,0,0.05,0.15,0,40,60,0
2025-03-01,Paneer Butter Masala,Veg_Mains,5,0,1,0,2.93,22.78,0,0,0.12,Ramadan,1,0.3,0.15,0,40,60,156
2025-03-02,Paneer Butter Masala,Veg_Mains,6,0,0,0,1.32,32.76,0,0,0.04,Ramadan,0,0.02,0.15,0,40,60,131
2025-03-03,Paneer Butter Masala,Veg_Mains,0,0,29,0,10.26,31.66,0,0,0.14,Ramadan,0,0.15,0.15,0,40,60,146
2025-03-04,Paneer Butter Masala,Veg_Mains,1,0,28,0,0.4,28.39,0,0,0.02,Ramadan,1,0.25,0.15,0,40,60,0
2025-03-05,Paneer Butter Masala,Veg_Mains,2,0,27,0,3.91,31.07,0,0,0.15,Ramadan,0,0.05,0.15,0,40,60,123
2025-03-06,Paneer Butter Masala,Veg_Mains,3,0,26,0,0.38,29.03,0,0,0.07,Ramadan,1,0.2,0.15,0,40,60,0
2025-03-07,Paneer Butter Masala,Veg_Mains,4,0,25,0,4.5,23.52,0,1,0.04,Ramadan,0,0.05,0.15,0,40,60,0
2025-03-08,Paneer Butter Masala,Veg_Mains,5,0,24,0,0.66,27.52,0,1,0.11,Ramadan,1,0.3,0.15,0,40,60,200
2025-03-09,Paneer Butter Masala,Veg_Mains,6,0,23,0,0.9,23.53,0,0,0.09,Ramadan,0,0.02,0.15,0,40,60,140
2025-03-10,Paneer Butter Masala,Veg_Mains,0,1,22,1,3.9,25.31,0,0,0.18,Ramadan,0,0.15,0.15,1,40,60,13
2025-03-11,Paneer Butter Masala,Veg_Mains,1,0,21,0,1.22,19.35,0,1,0.04,Ramadan,1,0.25,0.15,0,40,60,0
2025-03-12,Paneer Butter Masala,Veg_Mains,2,0,20,0,2.45,32.73,0,0,0.14,Ramadan,0,0.05,0.15,0,40,60,122
2025-03-13,Paneer Butter Masala,Veg_Mains,3,0,19,0,7.6,22.82,0,0,0.09,Ramadan,1,0.2,0.15,0,40,60,0
2025-03-14,Paneer Butter Masala,Veg_Mains,4,0,18,0,1.98,21.96,0,0,0.13,Ramadan,0,0.05,0.15,0,40,60,0
2025-03-15,Paneer Butter Masala,Veg_Mains,5,0,17,0,2.58,25.12,0,0,0.02,Ramadan,1,0.3,0.15,0,40,60,165
2025-03-16,Paneer Butter Masala,Veg_Mains,6,0,16,0,2.54,22.79,0,0,0.06,Ramadan,0,0.02,0.15,0,40,60,133
2025-03-17,Paneer Butter Masala,Veg_Mains,0,0,15,0,1.01,29.06,0,0,0.08,Ramadan,0,0.15,0.15,0,40,60,141
2025-03-18,Paneer Butter Masala,Veg_Mains,1,0,14,0,2.37,24.88,0,0,0.06,Ramadan,1,0.25,0.15,0,40,60,0
2025-03-19,Paneer Butter Masala,Veg_Mains,2,0,13,0,9.95,30.48,0,0,0.11,Ramadan,0,0.05,0.15,0,40,60,134
2025-03-20,Paneer Butter Masala,Veg_Mains,3,0,12,0,1.56,26.32,0,1,0.1,Ramadan,1,0.2,0.15,0,40,60,0
2025-03-21,Paneer Butter Masala,Veg_Mains,4,0,11,0,0.61,29.51,0,0,0.08,Ramadan,0,0.05,0.15,0,40,60,0
2025-03-22,Paneer Butter Masala,Veg_Mains,5,0,10,0,0.48,23.84,0,0,0.08,Ramadan,1,0.3,0.15,0,40,60,169
2025-03-23,Paneer Butter Masala,Veg_Mains,6,0,9,0,6.49,25.32,0,1,0.07,Ramadan,0,0.02,0.15,0,40,60,162
2025-03-24,Paneer Butter Masala,Veg_Mains,0,0,8,0,8.35,21.35,0,0,0.12,Ramadan,0,0.15,0.15,0,40,60,142
2025-03-25,Paneer Butter Masala,Veg_Mains,1,0,7,0,1.09,29.85,0,0,0.13,Ramadan,1,0.25,0.15,0,40,60,0
2025-03-26,Paneer Butter Masala,Veg_Mains,2,0,6,0,1.76,30.67,0,0,0.05,Ramadan,0,0.05,0.15,0,40,60,140
2025-03-27,Paneer Butter Masala,Veg_Mains,3,0,5,0,2.63,18.27,0,1,0.04,Ramadan,1,0.2,0.15,0,40,60,0
2025-03-28,Paneer Butter Masala,Veg_Mains,4,0,4,0,2.11,23.87,0,0,0.15,Ramadan,0,0.05,0.15,0,40,60,0
2025-03-29,Paneer Butter Masala,Veg_Mains,5,0,3,0,4.8,26.93,0,1,0.08,Ramadan,1,0.3,0.15,0,40,60,203
2025-03-30,Paneer Butter Masala,Veg_Mains,6,0,2,0,0.68,30.28,0,1,0.09,Ramadan,0,0.02,0.15,0,40,60,156
2025-03-31,Paneer Butter Masala,Veg_Mains,0,0,1,0,1.06,22.58,0,0,0.08,None,0,0.15,0.0,0,40,60,174
2025-04-01,Paneer Butter Masala,Veg_Mains,1,0,0,0,0.42,39.88,0,1,0.03,None,1,0.25,0.0,0,40,60,0
2025-04-02,Paneer Butter Masala,Veg_Mains,2,0,29,0,0.0,39.8,0,0,0.08,None,0,0.05,0.0,0,40,60,147
2025-04-03,Paneer Butter Masala,Veg_Mains,3,0,28,0,3.1,42.19,0,1,0.15,None,1,0.2,0.0,0,40,60,0
2025-04-04,Paneer Butter Masala,Veg_Mains,4,0,27,0,0.16,37.82,0,1,0.03,None,0,0.05,0.0,0,40,60,0
2025-04-05,Paneer Butter Masala,Veg_Mains,5,0,26,0,0.13,39.49,0,1,0.14,None,1,0.3,0.0,0,40,60,223
2025-04-06,Paneer Butter Masala,Veg_Mains,6,0,25,0,0.13,42.18,0,1,0.06,None,0,0.02,0.0,0,40,60,180
2025-04-07,Paneer Butter Masala,Veg_Mains,0,1,24,1,2.48,37.25,0,0,0.25,None,0,0.15,0.0,1,40,60,13
2025-04-08,Paneer Butter Masala,Veg_Mains,1,0,23,0,0.06,38.3,0,0,0.08,None,1,0.25,0.0,0,40,60,0
2025-04-09,Paneer Butter Masala,Veg_Mains,2,0,22,0,0.1,38.91,0,0,0.02,None,0,0.05,0.0,0,40,60,170
2025-04-10,Paneer Butter Masala,Veg_Mains,3,0,21,0,0.66,40.42,0,0,0.11,None,1,0.2,0.0,0,40,60,0
2025-04-11,Paneer Butter Masala,Veg_Mains,4,0,20,0,0.12,41.52,0,1,0.08,None,0,0.05,0.0,0,40,60,0
2025-04-12,Paneer Butter Masala,Veg_Mains,5,0,19,0,0.01,41.86,0,0,0.07,None,1,0.3,0.0,0,40,60,196
2025-04-13,Paneer Butter Masala,Veg_Mains,6,0,18,0,1.05,35.75,0,0,0.03,None,0,0.02,0.0,0,40,60,169
2025-04-14,Paneer Butter Masala,Veg_Mains,0,0,17,0,2.34,39.14,0,0,0.04,None,0,0.15,0.0,0,40,60,204
2025-04-15,Paneer Butter Masala,Veg_Mains,1,0,16,0,0.09,38.64,0,0,0.05,None,1,0.25,0.0,0,40,60,0
2025-04-16,Paneer Butter Masala,Veg_Mains,2,0,15,0,0.2,43.07,0,1,0.13,None,0,0.05,0.0,0,40,60,179
2025-04-17,Paneer Butter Masala,Veg_Mains,3,0,14,0,0.0,42.44,0,0,0.06,None,1,0.2,0.0,0,40,60,0
2025-04-18,Paneer Butter Masala,Veg_Mains,4,0,13,0,0.97,39.2,0,1,0.04,None,0,0.05,0.0,0,40,60,0
2025-04-19,Paneer Butter Masala,Veg_Mains,5,0,12,0,0.69,43.9,0,0,0.03,None,1,0.3,0.0,0,40,60,200
2025-04-20,Paneer Butter Masala,Veg_Mains,6,0,11,0,0.21,37.8,0,1,0.13,None,0,0.02,0.0,0,40,60,182
2025-04-21,Paneer Butter Masala,Veg_Mains,0,0,10,0,0.03,40.55,0,0,0.08,None,0,0.15,0.0,0,40,60,170
2025-04-22,Paneer Butter Masala,Veg_Mains,1,0,9,0,0.17,40.81,0,0,0.04,None,1,0.25,0.0,0,40,60,0
2025-04-23,Paneer Butter Masala,Veg_Mains,2,0,8,0,2.72,39.84,0,0,0.03,None,0,0.05,0.0,0,40,60,157
2025-04-24,Paneer Butter Masala,Veg_Mains,3,0,7,0,1.19,41.17,0,0,0.06,None,1,0.2,0.0,0,40,60,0
2025-04-25,Paneer Butter Masala,Veg_Mains,4,0,6,0,1.12,40.97,0,0,0.04,None,0,0.05,0.0,0,40,60,0
2025-04-26,Paneer Butter Masala,Veg_Mains,5,0,5,0,1.15,39.23,0,0,0.08,None,1,0.3,0.0,0,40,60,210
2025-04-27,Paneer Butter Masala,Veg_Mains,6,1,4,0,0.26,40.09,0,0,0.11,None,0,0.02,0.0,1,40,60,14
2025-04-28,Paneer Butter Masala,Veg_Mains,0,0,3,0,0.74,38.31,0,1,0.08,None,0,0.15,0.0,0,40,60,217
2025-04-29,Paneer Butter Masala,Veg_Mains,1,0,2,0,2.89,36.97,0,0,0.05,None,1,0.25,0.0,0,40,60,0
2025-04-30,Paneer Butter Masala,Veg_Mains,2,0,1,0,0.02,37.45,0,0,0.04,None,0,0.05,0.0,0,40,60,168
2025-05-01,Paneer Butter Masala,Veg_Mains,3,0,1,0,0.21,36.9,0,0,0.12,None,1,0.2,0.0,0,40,60,0
2025-05-02,Paneer Butter Masala,Veg_Mains,4,0,0,0,0.25,42.33,0,0,0.11,None,0,0.05,0.0,0,40,60,0
2025-05-03,Paneer Butter Masala,Veg_Mains,5,0,29,0,1.16,39.08,0,0,0.06,None,1,0.3,0.0,0,40,60,194
2025-05-04,Paneer Butter Masala,Veg_Mains,6,0,28,0,0.49,39.08,0,0,0.09,None,0,0.02,0.0,0,40,60,159
2025-05-05,Paneer Butter Masala,Veg_Mains,0,0,27,0,1.47,35.66,0,1,0.06,None,0,0.15,0.0,0,40,60,199
2025-05-06,Paneer Butter Masala,Veg_Mains,1,0,26,0,0.14,40.59,0,1,0.04,None,1,0.25,0.0,0,40,60,0
2025-05-07,Paneer Butter Masala,Veg_Mains,2,0,25,0,0.07,40.76,0,0,0.04,None,0,0.05,0.0,0,40,60,171
2025-05-08,Paneer Butter Masala,Veg_Mains,3,0,24,0,0.02,38.2,0,1,0.13,None,1,0.2,0.0,0,40,60,0
2025-05-09,Paneer Butter Masala,Veg_Mains,4,0,23,0,0.84,39.89,0,1,0.09,None,0,0.05,0.0,0,40,60,0
2025-05-10,Paneer Butter Masala,Veg_Mains,5,0,22,0,1.66,38.72,0,0,0.1,None,1,0.3,0.0,0,40,60,187
2025-05-11,Paneer Butter Masala,Veg_Mains,6,0,21,0,0.13,39.77,0,0,0.14,None,0,0.02,0.0,0,40,60,139
2025-05-12,Paneer Butter Masala,Veg_Mains,0,0,20,0,0.04,39.4,0,0,0.1,None,0,0.15,0.0,0,40,60,175
2025-05-13,Paneer Butter Masala,Veg_Mains,1,0,19,0,6.74,38.31,0,0,0.12,None,1,0.25,0.0,0,40,60,0
2025-05-14,Paneer Butter Masala,Veg_Mains,2,0,18,0,0.02,40.06,0,0,0.04,None,0,0.05,0.0,0,40,60,173
2025-05-15,Paneer Butter Masala,Veg_Mains,3,0,17,0,2.33,42.04,0,0,0.07,None,1,0.2,0.0,0,40,60,0
2025-05-16,Paneer Butter Masala,Veg_Mains,4,1,16,1,0.45,35.66,0,0,0.27,None,0,0.05,0.0,1,40,60,0
2025-05-17,Paneer Butter Masala,Veg_Mains,5,0,15,0,0.02,39.31,0,0,0.12,None,1,0.3,0.0,0,40,60,205
2025-05-18,Paneer Butter Masala,Veg_Mains,6,0,14,0,0.0,37.66,0,0,0.02,None,0,0.02,0.0,0,40,60,180
2025-05-19,Paneer Butter Masala,Veg_Mains,0,0,13,0,1.97,38.67,0,0,0.13,None,0,0.15,0.0,0,40,60,170
2025-05-20,Paneer Butter Masala,Veg_Mains,1,0,12,0,0.84,39.99,0,0,0.09,None,1,0.25,0.0,0,40,60,0
2025-05-21,Paneer Butter Masala,Veg_Mains,2,0,11,0,0.43,45.28,1,1,0.06,None,0,0.05,0.0,0,40,60,217
2025-05-22,Paneer Butter Masala,Veg_Mains,3,0,10,0,0.82,38.12,0,0,0.05,None,1,0.2,0.0,0,40,60,0
2025-05-23,Paneer Butter Masala,Veg_Mains,4,0,9,0,0.16,40.96,0,0,0.11,None,0,0.05,0.0,0,40,60,0
2025-05-24,Paneer Butter Masala,Veg_Mains,5,0,8,0,0.22,40.5,0,1,0.07,None,1,0.3,0.0,0,40,60,232
2025-05-25,Paneer Butter Masala,Veg_Mains,6,0,7,0,0.0,36.79,0,1,0.06,None,0,0.02,0.0,0,40,60,188
2025-05-26,Paneer Butter Masala,Veg_Mains,0,0,6,0,0.82,42.55,0,0,0.12,None,0,0.15,0.0,0,40,60,173
2025-05-27,Paneer Butter Masala,Veg_Mains,1,0,5,0,4.69,43.11,0,0,0.05,None,1,0.25,0.0,0,40,60,0
2025-05-28,Paneer Butter Masala,Veg_Mains,2,0,4,0,0.04,43.75,0,0,0.14,None,0,0.05,0.0,0,40,60,151
2025-05-29,Paneer Butter Masala,Veg_Mains,3,0,3,0,0.0,39.84,0,0,0.11,None,1,0.2,0.0,0,40,60,0
2025-05-30,Paneer Butter Masala,Veg_Mains,4,0,2,0,0.06,39.9,0,0,0.04,None,0,0.05,0.0,0,40,60,0
2025-05-31,Paneer Butter Masala,Veg_Mains,5,0,1,0,1.87,40.0,0,0,0.12,None,1,0.3,0.0,0,40,60,182
2025-06-01,Paneer Butter Masala,Veg_Mains,6,0,0,0,25.41,28.89,0,0,0.03,None,0,0.02,0.0,0,40,60,195
2025-06-02,Paneer Butter Masala,Veg_Mains,0,0,29,0,26.88,27.02,0,0,0.04,None,0,0.15,0.0,0,40,60,211
2025-06-03,Paneer Butter Masala,Veg_Mains,1,0,28,0,16.96,32.21,0,0,0.07,None,1,0.25,0.0,0,40,60,0
2025-06-04,Paneer Butter Masala,Veg_Mains,2,0,27,0,12.66,33.5,0,0,0.09,None,0,0.05,0.0,0,40,60,157
2025-06-05,Paneer Butter Masala,Veg_Mains,3,0,26,0,12.02,29.55,0,0,0.02,None,1,0.2,0.0,0,40,60,0
2025-06-06,Paneer Butter Masala,Veg_Mains,4,0,25,0,28.15,25.81,0,0,0.08,None,0,0.05,0.0,0,40,60,0
2025-06-07,Paneer Butter Masala,Veg_Mains,5,0,24,0,11.82,31.98,0,0,0.13,None,1,0.3,0.0,0,40,60,200
2025-06-08,Paneer Butter Masala,Veg_Mains,6,0,23,0,16.3,26.01,0,0,0.14,None,0,0.02,0.0,0,40,60,151
2025-06-09,Paneer Butter Masala,Veg_Mains,0,0,22,0,6.45,32.61,0,0,0.03,None,0,0.15,0.0,0,40,60,167
2025-06-10,Paneer Butter Masala,Veg_Mains,1,0,21,0,8.05,25.65,0,0,0.03,None,1,0.25,0.0,0,40,60,0
2025-06-11,Paneer Butter Masala,Veg_Mains,2,0,20,0,8.23,29.14,0,0,0.04,None,0,0.05,0.0,0,40,60,168
2025-06-12,Paneer Butter Masala,Veg_Mains,3,0,19,0,68.93,32.61,1,0,0.13,None,1,0.2,0.0,0,40,60,0
2025-06-13,Paneer Butter Masala,Veg_Mains,4,0,18,0,4.6,30.57,0,0,0.04,None,0,0.05,0.0,0,40,60,0
2025-06-14,Paneer Butter Masala,Veg_Mains,5,0,17,0,41.11,28.18,1,0,0.05,None,1,0.3,0.0,0,40,60,249
2025-06-15,Paneer Butter Masala,Veg_Mains,6,0,16,0,18.98,31.17,0,0,0.13,None,0,0.02,0.0,0,40,60,152
2025-06-16,Paneer Butter Masala,Veg_Mains,0,0,15,0,5.36,26.81,0,0,0.07,None,0,0.15,0.0,0,40,60,175
2025-06-17,Paneer Butter Masala,Veg_Mains,1,0,14,0,22.08,28.67,0,0,0.07,None,1,0.25,0.0,0,40,60,0
2025-06-18,Paneer Butter Masala,Veg_Mains,2,0,13,0,18.16,32.57,0,0,0.13,None,0,0.05,0.0,0,40,60,154
2025-06-19,Paneer Butter Masala,Veg_Mains,3,0,12,0,42.4,28.65,1,0,0.04,None,1,0.2,0.0,0,40,60,0
2025-06-20,Paneer Butter Masala,Veg_Mains,4,0,11,0,35.76,30.01,0,1,0.03,None,0,0.05,0.0,0,40,60,0
2025-06-21,Paneer Butter Masala,Veg_Mains,5,0,10,0,14.15,35.24,0,0,0.07,None,1,0.3,0.0,0,40,60,204
2025-06-22,Paneer Butter Masala,Veg_Mains,6,0,9,0,7.41,32.01,0,1,0.08,None,0,0.02,0.0,0,40,60,178
2025-06-23,Paneer Butter Masala,Veg_Mains,0,0,8,0,20.98,28.03,0,0,0.06,None,0,0.15,0.0,0,40,60,222
2025-06-24,Paneer Butter Masala,Veg_Mains,1,0,7,0,1.68,27.14,0,0,0.13,None,1,0.25,0.0,0,40,60,0
2025-06-25,Paneer Butter Masala,Veg_Mains,2,0,6,0,18.61,30.84,0,0,0.02,None,0,0.05,0.0,0,40,60,176
2025-06-26,Paneer Butter Masala,Veg_Mains,3,0,5,0,25.11,32.13,0,0,0.12,None,1,0.2,0.0,0,40,60,0
2025-06-27,Paneer Butter Masala,Veg_Mains,4,0,4,0,12.76,33.15,0,0,0.03,None,0,0.05,0.0,0,40,60,0
2025-06-28,Paneer Butter Masala,Veg_Mains,5,0,3,0,13.78,23.69,0,1,0.11,None,1,0.3,0.0,0,40,60,229
2025-06-29,Paneer Butter Masala,Veg_Mains,6,0,2,0,2.46,33.14,0,0,0.13,None,0,0.02,0.0,0,40,60,152
2025-06-30,Paneer Butter Masala,Veg_Mains,0,0,1,0,70.63,36.56,1,0,0.12,None,0,0.15,0.0,0,40,60,193
2025-07-01,Paneer Butter Masala,Veg_Mains,1,0,1,0,16.48,24.6,0,0,0.13,None,1,0.25,0.0,0,40,60,0
2025-07-02,Paneer Butter Masala,Veg_Mains,2,0,0,0,12.81,32.22,0,0,0.14,None,0,0.05,0.0,0,40,60,157
2025-07-03,Paneer Butter Masala,Veg_Mains,3,0,29,0,4.66,30.09,0,1,0.08,None,1,0.2,0.0,0,40,60,0
2025-07-04,Paneer Butter Masala,Veg_Mains,4,0,28,0,3.57,30.12,0,0,0.09,None,0,0.05,0.0,0,40,60,0
2025-07-05,Paneer Butter Masala,Veg_Mains,5,0,27,0,6.32,32.87,0,1,0.08,None,1,0.3,0.0,0,40,60,216
2025-07-06,Paneer Butter Masala,Veg_Mains,6,0,26,0,23.21,26.37,0,0,0.07,None,0,0.02,0.0,0,40,60,183
2025-07-07,Paneer Butter Masala,Veg_Mains,0,0,25,0,24.02,31.2,0,0,0.04,None,0,0.15,0.0,0,40,60,207
2025-07-08,Paneer Butter Masala,Veg_Mains,1,0,24,0,26.46,29.96,0,0,0.11,None,1,0.25,0.0,0,40,60,0
2025-07-09,Paneer Butter Masala,Veg_Mains,2,1,23,0,12.81,27.19,0,0,0.12,None,0,0.05,0.0,1,40,60,15
2025-07-10,Paneer Butter Masala,Veg_Mains,3,0,22,0,30.11,31.18,0,0,0.05,None,1,0.2,0.0,0,40,60,0
2025-07-11,Paneer Butter Masala,Veg_Mains,4,0,21,0,9.52,33.1,0,0,0.14,None,0,0.05,0.0,0,40,60,0
2025-07-12,Paneer Butter Masala,Veg_Mains,5,0,20,0,21.23,31.55,0,1,0.05,None,1,0.3,0.0,0,40,60,284
2025-07-13,Paneer Butter Masala,Veg_Mains,6,0,19,0,2.1,27.98,0,0,0.02,None,0,0.02,0.0,0,40,60,165
2025-07-14,Paneer Butter Masala,Veg_Mains,0,0,18,0,5.93,28.76,0,0,0.09,None,0,0.15,0.0,0,40,60,172
2025-07-15,Paneer Butter Masala,Veg_Mains,1,0,17,0,23.34,30.68,0,0,0.09,None,1,0.25,0.0,0,40,60,0
2025-07-16,Paneer Butter Masala,Veg_Mains,2,0,16,0,13.89,34.32,0,0,0.13,None,0,0.05,0.0,0,40,60,148
2025-07-17,Paneer Butter Masala,Veg_Mains,3,0,15,0,28.73,33.48,0,0,0.04,None,1,0.2,0.0,0,40,60,0
2025-07-18,Paneer Butter Masala,Veg_Mains,4,0,14,0,22.37,30.87,0,0,0.07,None,0,0.05,0.0,0,40,60,0
2025-07-19,Paneer Butter Masala,Veg_Mains,5,0,13,0,7.32,28.71,0,1,0.11,None,1,0.3,0.0,0,40,60,219
2025-07-20,Paneer Butter Masala,Veg_Mains,6,0,12,0,64.65,31.17,1,1,0.1,None,0,0.02,0.0,0,40,60,218
2025-07-21,Paneer Butter Masala,Veg_Mains,0,0,11,0,16.5,32.46,0,0,0.13,None,0,0.15,0.0,0,40,60,162
2025-07-22,Paneer Butter Masala,Veg_Mains,1,0,10,0,8.2,28.8,0,0,0.08,None,1,0.25,0.0,0,40,60,0
2025-07-23,Paneer Butter Masala,Veg_Mains,2,0,9,0,9.53,31.39,0,0,0.13,None,0,0.05,0.0,0,40,60,172
2025-07-24,Paneer Butter Masala,Veg_Mains,3,0,8,0,27.42,25.59,0,0,0.03,None,1,0.2,0.0,0,40,60,0
2025-07-25,Paneer Butter Masala,Veg_Mains,4,0,7,0,25.67,26.35,0,1,0.06,Shravan,0,0.4,0.02,0,40,60,0
2025-07-26,Paneer Butter Masala,Veg_Mains,5,0,6,0,7.4,30.24,0,0,0.14,Shravan,1,0.4,0.02,0,40,60,205
2025-07-27,Paneer Butter Masala,Veg_Mains,6,0,5,0,8.15,29.49,0,0,0.06,Shravan,0,0.4,0.02,0,40,60,217
2025-07-28,Paneer Butter Masala,Veg_Mains,0,1,4,1,13.53,25.47,0,1,0.2,Shravan,0,0.4,0.02,1,40,60,23
2025-07-29,Paneer Butter Masala,Veg_Mains,1,0,3,0,3.33,27.91,0,0,0.03,Shravan,1,0.4,0.02,0,40,60,0
2025-07-30,Paneer Butter Masala,Veg_Mains,2,0,2,0,31.43,27.99,0,1,0.05,Shravan,0,0.4,0.02,0,40,60,306
2025-07-31,Paneer Butter Masala,Veg_Mains,3,0,1,0,10.42,29.18,0,0,0.06,Shravan,1,0.4,0.02,0,40,60,0
2025-08-01,Paneer Butter Masala,Veg_Mains,4,0,1,0,36.62,25.1,0,0,0.06,Shravan,0,0.4,0.02,0,40,60,0
2025-08-02,Paneer Butter Masala,Veg_Mains,5,0,0,0,7.33,29.43,0,0,0.12,Shravan,1,0.4,0.02,0,40,60,187
2025-08-03,Paneer Butter Masala,Veg_Mains,6,0,29,0,15.27,34.33,0,0,0.14,Shravan,0,0.4,0.02,0,40,60,174
2025-08-04,Paneer Butter Masala,Veg_Mains,0,0,28,0,10.46,27.27,0,1,0.03,Shravan,0,0.4,0.02,0,40,60,283
2025-08-05,Paneer Butter Masala,Veg_Mains,1,0,27,0,12.49,26.1,0,0,0.03,Shravan,1,0.4,0.02,0,40,60,0
2025-08-06,Paneer Butter Masala,Veg_Mains,2,0,26,0,9.79,30.59,0,1,0.03,Shravan,0,0.4,0.02,0,40,60,260
2025-08-07,Paneer Butter Masala,Veg_Mains,3,0,25,0,17.87,25.41,0,1,0.08,Shravan,1,0.4,0.02,0,40,60,0
2025-08-08,Paneer Butter Masala,Veg_Mains,4,0,24,0,30.73,28.85,0,1,0.14,Shravan,0,0.4,0.02,0,40,60,0
2025-08-09,Paneer Butter Masala,Veg_Mains,5,0,23,0,5.54,29.47,0,0,0.14,Shravan,1,0.4,0.02,0,40,60,190
2025-08-10,Paneer Butter Masala,Veg_Mains,6,0,22,0,4.81,32.38,0,0,0.12,Shravan,0,0.4,0.02,0,40,60,199
2025-08-11,Paneer Butter Masala,Veg_Mains,0,0,21,0,9.76,32.27,0,0,0.07,Shravan,0,0.4,0.02,0,40,60,207
2025-08-12,Paneer Butter Masala,Veg_Mains,1,0,20,0,40.6,33.02,1,0,0.03,Shravan,1,0.4,0.02,0,40,60,0
2025-08-13,Paneer Butter Masala,Veg_Mains,2,0,19,0,16.51,34.76,0,1,0.13,Shravan,0,0.4,0.02,0,40,60,242
2025-08-14,Paneer Butter Masala,Veg_Mains,3,0,18,0,11.01,29.49,0,0,0.02,Shravan,1,0.4,0.02,0,40,60,0
2025-08-15,Paneer Butter Masala,Veg_Mains,4,0,17,0,23.19,22.85,0,1,0.1,Shravan,0,0.4,0.02,0,40,60,0
2025-08-16,Paneer Butter Masala,Veg_Mains,5,0,16,0,33.64,31.29,0,0,0.07,Shravan,1,0.4,0.02,0,40,60,252
2025-08-17,Paneer Butter Masala,Veg_Mains,6,0,15,0,28.08,30.19,0,1,0.06,Shravan,0,0.4,0.02,0,40,60,294
2025-08-18,Paneer Butter Masala,Veg_Mains,0,0,14,0,27.95,33.59,0,0,0.04,Shravan,0,0.4,0.02,0,40,60,235
2025-08-19,Paneer Butter Masala,Veg_Mains,1,0,13,0,9.44,27.66,0,0,0.04,Shravan,1,0.4,0.02,0,40,60,0
2025-08-20,Paneer Butter Masala,Veg_Mains,2,0,12,0,21.32,34.85,0,1,0.12,Shravan,0,0.4,0.02,0,40,60,271
2025-08-21,Paneer Butter Masala,Veg_Mains,3,0,11,0,32.23,33.67,0,0,0.08,Shravan,1,0.4,0.02,0,40,60,0
2025-08-22,Paneer Butter Masala,Veg_Mains,4,0,10,0,40.36,29.48,1,0,0.02,Shravan,0,0.4,0.02,0,40,60,0
2025-08-23,Paneer Butter Masala,Veg_Mains,5,0,9,0,34.21,26.86,0,1,0.05,Shravan,1,0.4,0.02,0,40,60,315
2025-08-24,Paneer Butter Masala,Veg_Mains,6,0,8,0,11.72,30.28,0,0,0.04,None,0,0.02,0.0,0,40,60,164
2025-08-25,Paneer Butter Masala,Veg_Mains,0,0,7,0,16.87,34.93,0,0,0.12,None,0,0.15,0.0,0,40,60,178
2025-08-26,Paneer Butter Masala,Veg_Mains,1,0,6,0,19.73,31.51,0,0,0.1,None,1,0.25,0.0,0,40,60,0
2025-08-27,Paneer Butter Masala,Veg_Mains,2,0,5,0,23.76,29.02,0,0,0.14,None,0,0.05,0.0,0,40,60,173
2025-08-28,Paneer Butter Masala,Veg_Mains,3,0,4,0,51.46,33.12,1,0,0.08,None,1,0.2,0.0,0,40,60,0
2025-08-29,Paneer Butter Masala,Veg_Mains,4,0,3,0,14.76,27.18,0,0,0.12,None,0,0.05,0.0,0,40,60,0
2025-08-30,Paneer Butter Masala,Veg_Mains,5,0,2,0,21.86,27.78,0,1,0.11,None,1,0.3,0.0,0,40,60,292
2025-08-31,Paneer Butter Masala,Veg_Mains,6,0,1,0,12.87,31.63,0,0,0.08,None,0,0.02,0.0,0,40,60,168
2025-09-01,Paneer Butter Masala,Veg_Mains,0,0,0,0,31.96,29.61,0,0,0.05,None,0,0.15,0.0,0,40,60,223
2025-09-02,Paneer Butter Masala,Veg_Mains,1,0,29,0,20.1,29.96,0,0,0.09,None,1,0.25,0.0,0,40,60,0
2025-09-03,Paneer Butter Masala,Veg_Mains,2,0,28,0,18.87,32.24,0,0,0.1,None,0,0.05,0.0,0,40,60,157
2025-09-04,Paneer Butter Masala,Veg_Mains,3,0,27,0,40.76,27.15,1,0,0.03,None,1,0.2,0.0,0,40,60,0
2025-09-05,Paneer Butter Masala,Veg_Mains,4,0,26,0,11.03,30.21,0,0,0.1,None,0,0.05,0.0,0,40,60,0
2025-09-06,Paneer Butter Masala,Veg_Mains,5,0,25,0,8.78,29.69,0,0,0.08,None,1,0.3,0.0,0,40,60,196
2025-09-07,Paneer Butter Masala,Veg_Mains,6,0,24,0,21.97,32.55,0,1,0.14,None,0,0.02,0.0,0,40,60,206
2025-09-08,Paneer Butter Masala,Veg_Mains,0,0,23,0,11.75,31.35,0,0,0.09,None,0,0.15,0.0,0,40,60,167
2025-09-09,Paneer Butter Masala,Veg_Mains,1,0,22,0,12.87,22.78,0,0,0.15,None,1,0.25,0.0,0,40,60,0
2025-09-10,Paneer Butter Masala,Veg_Mains,2,0,21,0,19.57,29.0,0,0,0.03,None,0,0.05,0.0,0,40,60,157
2025-09-11,Paneer Butter Masala,Veg_Mains,3,0,20,0,21.86,28.85,0,0,0.08,None,1,0.2,0.0,0,40,60,0
2025-09-12,Paneer Butter Masala,Veg_Mains,4,0,19,0,4.57,31.71,0,0,0.14,None,0,0.05,0.0,0,40,60,0
2025-09-13,Paneer Butter Masala,Veg_Mains,5,0,18,0,24.27,30.32,0,0,0.14,None,1,0.3,0.0,0,40,60,233
2025-09-14,Paneer Butter Masala,Veg_Mains,6,0,17,0,10.29,28.15,0,0,0.09,None,0,0.02,0.0,0,40,60,159
2025-09-15,Paneer Butter Masala,Veg_Mains,0,0,16,0,9.3,31.37,0,1,0.07,None,0,0.15,0.0,0,40,60,194
2025-09-16,Paneer Butter Masala,Veg_Mains,1,0,15,0,53.8,29.21,1,0,0.03,None,1,0.25,0.0,0,40,60,0
2025-09-17,Paneer Butter Masala,Veg_Mains,2,1,14,0,22.05,32.09,0,0,0.13,None,0,0.05,0.0,1,40,60,17
2025-09-18,Paneer Butter Masala,Veg_Mains,3,0,13,0,43.07,22.69,1,0,0.03,None,1,0.2,0.0,0,40,60,0
2025-09-19,Paneer Butter Masala,Veg_Mains,4,0,12,0,20.38,28.21,0,0,0.02,None,0,0.05,0.0,0,40,60,0
2025-09-20,Paneer Butter Masala,Veg_Mains,5,0,11,0,15.17,26.69,0,0,0.11,None,1,0.3,0.0,0,40,60,181
2025-09-21,Paneer Butter Masala,Veg_Mains,6,0,10,0,4.05,35.6,0,0,0.13,None,0,0.02,0.0,0,40,60,144
2025-09-22,Paneer Butter Masala,Veg_Mains,0,0,9,0,11.3,25.86,0,0,0.07,Navratri,0,0.45,0.05,0,40,60,227
2025-09-23,Paneer Butter Masala,Veg_Mains,1,0,8,0,4.47,29.46,0,0,0.14,Navratri,1,0.45,0.05,0,40,60,0
2025-09-24,Paneer Butter Masala,Veg_Mains,2,0,7,0,4.55,33.68,0,0,0.05,Navratri,0,0.45,0.05,0,40,60,232
2025-09-25,Paneer Butter Masala,Veg_Mains,3,0,6,0,3.94,35.02,0,0,0.08,Navratri,1,0.45,0.05,0,40,60,0
2025-09-26,Paneer Butter Masala,Veg_Mains,4,0,5,0,23.19,33.02,0,0,0.13,Navratri,0,0.45,0.05,0,40,60,0
2025-09-27,Paneer Butter Masala,Veg_Mains,5,0,4,0,14.78,33.18,0,0,0.08,Navratri,1,0.45,0.05,0,40,60,230
2025-09-28,Paneer Butter Masala,Veg_Mains,6,0,3,0,23.49,25.04,0,0,0.13,Navratri,0,0.45,0.05,0,40,60,234
2025-09-29,Paneer Butter Masala,Veg_Mains,0,0,2,0,26.44,30.25,0,0,0.1,Navratri,0,0.45,0.05,0,40,60,247
2025-09-30,Paneer Butter Masala,Veg_Mains,1,0,1,0,9.36,38.68,0,0,0.07,Navratri,1,0.45,0.05,0,40,60,0
2025-10-01,Paneer Butter Masala,Veg_Mains,2,0,1,0,0.27,27.83,0,0,0.05,Navratri,0,0.45,0.05,0,40,60,225
2025-10-02,Paneer Butter Masala,Veg_Mains,3,0,0,0,0.64,18.13,0,0,0.1,Navratri,1,0.45,0.05,0,40,60,0
2025-10-03,Paneer Butter Masala,Veg_Mains,4,0,29,0,3.25,33.83,0,0,0.04,None,0,0.05,0.0,0,40,60,0
2025-10-04,Paneer Butter Masala,Veg_Mains,5,0,28,0,0.36,28.18,0,0,0.09,None,1,0.3,0.0,0,40,60,199
2025-10-05,Paneer Butter Masala,Veg_Mains,6,0,27,0,7.45,20.19,0,0,0.11,None,0,0.02,0.0,0,40,60,165
2025-10-06,Paneer Butter Masala,Veg_Mains,0,0,26,0,0.64,31.98,0,1,0.11,None,0,0.15,0.0,0,40,60,191
2025-10-07,Paneer Butter Masala,Veg_Mains,1,0,25,0,0.62,27.56,0,0,0.06,None,1,0.25,0.0,0,40,60,0
2025-10-08,Paneer Butter Masala,Veg_Mains,2,0,24,0,1.16,29.4,0,0,0.04,None,0,0.05,0.0,0,40,60,174
2025-10-09,Paneer Butter Masala,Veg_Mains,3,0,23,0,6.94,24.7,0,0,0.06,None,1,0.2,0.0,0,40,60,0
2025-10-10,Paneer Butter Masala,Veg_Mains,4,0,22,0,1.79,25.61,0,0,0.08,None,0,0.05,0.0,0,40,60,0
2025-10-11,Paneer Butter Masala,Veg_Mains,5,0,21,0,1.16,22.14,0,0,0.03,None,1,0.3,0.0,0,40,60,218
2025-10-12,Paneer Butter Masala,Veg_Mains,6,0,20,0,1.94,23.58,0,0,0.12,None,0,0.02,0.0,0,40,60,155
2025-10-13,Paneer Butter Masala,Veg_Mains,0,0,19,0,6.14,29.74,0,0,0.13,None,0,0.15,0.0,0,40,60,178
2025-10-14,Paneer Butter Masala,Veg_Mains,1,1,18,0,0.23,34.28,0,0,0.03,None,1,0.25,0.0,1,40,60,0
2025-10-15,Paneer Butter Masala,Veg_Mains,2,0,17,0,0.23,20.63,0,1,0.05,None,0,0.05,0.0,0,40,60,216
2025-10-16,Paneer Butter Masala,Veg_Mains,3,0,16,0,17.13,30.21,0,0,0.1,None,1,0.2,0.0,0,40,60,0
2025-10-17,Paneer Butter Masala,Veg_Mains,4,0,15,0,2.31,19.81,0,0,0.03,None,0,0.05,0.0,0,40,60,0
2025-10-18,Paneer Butter Masala,Veg_Mains,5,0,14,0,0.02,26.21,0,0,0.14,None,1,0.3,0.0,0,40,60,210
2025-10-19,Paneer Butter Masala,Veg_Mains,6,0,13,0,3.28,25.91,0,0,0.1,None,0,0.02,0.0,0,40,60,138
2025-10-20,Paneer Butter Masala,Veg_Mains,0,0,12,0,1.08,26.42,0,0,0.04,None,0,0.15,0.0,0,40,60,179
2025-10-21,Paneer Butter Masala,Veg_Mains,1,0,11,0,6.67,28.53,0,0,0.1,None,1,0.25,0.0,0,40,60,0
2025-10-22,Paneer Butter Masala,Veg_Mains,2,0,10,0,1.0,21.71,0,0,0.09,None,0,0.05,0.0,0,40,60,150
2025-10-23,Paneer Butter Masala,Veg_Mains,3,0,9,0,1.25,25.11,0,0,0.08,None,1,0.2,0.0,0,40,60,0
2025-10-24,Paneer Butter Masala,Veg_Mains,4,0,8,0,1.68,33.84,0,0,0.11,None,0,0.05,0.0,0,40,60,0
2025-10-25,Paneer Butter Masala,Veg_Mains,5,0,7,0,3.81,23.24,0,0,0.05,None,1,0.3,0.0,0,40,60,188
2025-10-26,Paneer Butter Masala,Veg_Mains,6,0,6,0,7.09,17.24,0,0,0.07,None,0,0.02,0.0,0,40,60,163
2025-10-27,Paneer Butter Masala,Veg_Mains,0,0,5,0,0.67,19.63,0,1,0.04,None,0,0.15,0.0,0,40,60,210
2025-10-28,Paneer Butter Masala,Veg_Mains,1,0,4,0,2.52,22.09,0,0,0.13,None,1,0.25,0.0,0,40,60,0
2025-10-29,Paneer Butter Masala,Veg_Mains,2,0,3,0,1.08,24.93,0,0,0.12,None,0,0.05,0.0,0,40,60,141
2025-10-30,Paneer Butter Masala,Veg_Mains,3,0,2,0,0.17,23.49,0,0,0.02,None,1,0.2,0.0,0,40,60,0
2025-10-31,Paneer Butter Masala,Veg_Mains,4,0,1,0,5.48,25.35,0,0,0.1,None,0,0.05,0.0,0,40,60,0
2025-11-01,Paneer Butter Masala,Veg_Mains,5,0,0,0,0.33,17.55,0,1,0.05,None,1,0.3,0.0,0,40,60,243
2025-11-02,Paneer Butter Masala,Veg_Mains,6,0,29,0,2.02,25.07,0,1,0.11,None,0,0.02,0.0,0,40,60,189
2025-11-03,Paneer Butter Masala,Veg_Mains,0,0,28,0,0.14,21.5,0,1,0.04,None,0,0.15,0.0,0,40,60,221
2025-11-04,Paneer Butter Masala,Veg_Mains,1,0,27,0,0.01,15.53,0,0,0.11,None,1,0.25,0.0,0,40,60,0
2025-11-05,Paneer Butter Masala,Veg_Mains,2,0,26,0,8.46,27.64,0,1,0.12,None,0,0.05,0.0,0,40,60,189
2025-11-06,Paneer Butter Masala,Veg_Mains,3,0,25,0,0.91,25.11,0,0,0.07,None,1,0.2,0.0,0,40,60,0
2025-11-07,Paneer Butter Masala,Veg_Mains,4,0,24,0,1.44,26.07,0,0,0.1,None,0,0.05,0.0,0,40,60,0
2025-11-08,Paneer Butter Masala,Veg_Mains,5,0,23,0,6.73,33.14,0,1,0.04,None,1,0.3,0.0,0,40,60,279
2025-11-09,Paneer Butter Masala,Veg_Mains,6,0,22,0,0.96,24.69,0,1,0.15,None,0,0.02,0.0,0,40,60,174
2025-11-10,Paneer Butter Masala,Veg_Mains,0,0,21,0,7.64,28.24,0,0,0.05,None,0,0.15,0.0,0,40,60,179
2025-11-11,Paneer Butter Masala,Veg_Mains,1,0,20,0,4.6,30.72,0,1,0.11,None,1,0.25,0.0,0,40,60,0
2025-11-12,Paneer Butter Masala,Veg_Mains,2,0,19,0,0.71,23.6,0,0,0.14,None,0,0.05,0.0,0,40,60,152
2025-11-13,Paneer Butter Masala,Veg_Mains,3,0,18,0,4.24,28.11,0,0,0.11,None,1,0.2,0.0,0,40,60,0
2025-11-14,Paneer Butter Masala,Veg_Mains,4,0,17,0,1.92,21.73,0,1,0.08,None,0,0.05,0.0,0,40,60,0
2025-11-15,Paneer Butter Masala,Veg_Mains,5,0,16,0,5.25,23.11,0,0,0.09,None,1,0.3,0.0,0,40,60,204
2025-11-16,Paneer Butter Masala,Veg_Mains,6,0,15,0,0.95,24.06,0,1,0.07,None,0,0.02,0.0,0,40,60,185
2025-11-17,Paneer Butter Masala,Veg_Mains,0,0,14,0,1.23,27.5,0,0,0.08,None,0,0.15,0.0,0,40,60,172
2025-11-18,Paneer Butter Masala,Veg_Mains,1,0,13,0,1.72,17.14,0,0,0.12,None,1,0.25,0.0,0,40,60,0
2025-11-19,Paneer Butter Masala,Veg_Mains,2,0,12,0,1.38,17.08,0,0,0.05,None,0,0.05,0.0,0,40,60,169
2025-11-20,Paneer Butter Masala,Veg_Mains,3,0,11,0,0.16,33.39,0,1,0.09,None,1,0.2,0.0,0,40,60,0
2025-11-21,Paneer Butter Masala,Veg_Mains,4,1,10,1,1.48,26.35,0,0,0.27,None,0,0.05,0.0,1,40,60,0
2025-11-22,Paneer Butter Masala,Veg_Mains,5,0,9,0,2.08,21.12,0,0,0.12,None,1,0.3,0.0,0,40,60,174
2025-11-23,Paneer Butter Masala,Veg_Mains,6,0,8,0,0.38,19.84,0,0,0.04,None,0,0.02,0.0,0,40,60,166
2025-11-24,Paneer Butter Masala,Veg_Mains,0,0,7,0,3.43,24.39,0,1,0.09,None,0,0.15,0.0,0,40,60,219
2025-11-25,Paneer Butter Masala,Veg_Mains,1,0,6,0,9.04,24.07,0,0,0.09,None,1,0.25,0.0,0,40,60,0
2025-11-26,Paneer Butter Masala,Veg_Mains,2,0,5,0,9.87,18.33,0,0,0.07,None,0,0.05,0.0,0,40,60,160
2025-11-27,Paneer Butter Masala,Veg_Mains,3,0,4,0,5.08,32.32,0,1,0.08,None,1,0.2,0.0,0,40,60,0
2025-11-28,Paneer Butter Masala,Veg_Mains,4,0,3,0,0.12,23.24,0,1,0.09,None,0,0.05,0.0,0,40,60,0
2025-11-29,Paneer Butter Masala,Veg_Mains,5,0,2,0,1.42,20.84,0,0,0.11,None,1,0.3,0.0,0,40,60,191
2025-11-30,Paneer Butter Masala,Veg_Mains,6,0,1,0,0.41,20.47,0,0,0.06,None,0,0.02,0.0,0,40,60,167
2025-12-01,Paneer Butter Masala,Veg_Mains,0,0,1,0,1.05,26.19,0,0,0.13,None,0,0.15,0.0,0,40,60,172
2025-12-02,Paneer Butter Masala,Veg_Mains,1,0,0,0,0.68,21.02,0,0,0.12,None,1,0.25,0.0,0,40,60,0
2025-12-03,Paneer Butter Masala,Veg_Mains,2,0,29,0,2.98,26.89,0,0,0.02,None,0,0.05,0.0,0,40,60,161
2025-12-04,Paneer Butter Masala,Veg_Mains,3,0,28,0,7.33,19.93,0,1,0.05,None,1,0.2,0.0,0,40,60,0
2025-12-05,Paneer Butter Masala,Veg_Mains,4,0,27,0,5.09,22.22,0,0,0.11,None,0,0.05,0.0,0,40,60,0
2025-12-06,Paneer Butter Masala,Veg_Mains,5,0,26,0,0.22,27.36,0,0,0.09,None,1,0.3,0.0,0,40,60,206
2025-12-07,Paneer Butter Masala,Veg_Mains,6,0,25,0,1.75,27.0,0,0,0.03,None,0,0.02,0.0,0,40,60,168
2025-12-08,Paneer Butter Masala,Veg_Mains,0,0,24,0,0.09,26.94,0,0,0.11,None,0,0.15,0.0,0,40,60,162
2025-12-09,Paneer Butter Masala,Veg_Mains,1,0,23,0,1.94,18.78,0,0,0.13,None,1,0.25,0.0,0,40,60,0
2025-12-10,Paneer Butter Masala,Veg_Mains,2,0,22,0,0.69,24.94,0,0,0.03,None,0,0.05,0.0,0,40,60,167
2025-12-11,Paneer Butter Masala,Veg_Mains,3,0,21,0,4.62,26.92,0,0,0.14,None,1,0.2,0.0,0,40,60,0
2025-12-12,Paneer Butter Masala,Veg_Mains,4,0,20,0,0.59,27.01,0,0,0.13,None,0,0.05,0.0,0,40,60,0
2025-12-13,Paneer Butter Masala,Veg_Mains,5,0,19,0,5.74,26.85,0,0,0.05,None,1,0.3,0.0,0,40,60,207
2025-12-14,Paneer Butter Masala,Veg_Mains,6,0,18,0,0.8,23.36,0,0,0.09,None,0,0.02,0.0,0,40,60,165
2025-12-15,Paneer Butter Masala,Veg_Mains,0,0,17,0,2.61,20.03,0,0,0.04,None,0,0.15,0.0,0,40,60,159
2025-12-16,Paneer Butter Masala,Veg_Mains,1,0,16,0,0.89,21.02,0,0,0.15,None,1,0.25,0.0,0,40,60,0
2025-12-17,Paneer Butter Masala,Veg_Mains,2,0,15,0,9.6,28.67,0,0,0.1,None,0,0.05,0.0,0,40,60,158
2025-12-18,Paneer Butter Masala,Veg_Mains,3,0,14,0,2.63,16.08,0,0,0.02,None,1,0.2,0.0,0,40,60,0
2025-12-19,Paneer Butter Masala,Veg_Mains,4,1,13,1,1.29,16.48,0,0,0.17,None,0,0.05,0.0,1,40,60,0
2025-12-20,Paneer Butter Masala,Veg_Mains,5,0,12,0,0.78,22.18,0,1,0.06,None,1,0.3,0.0,0,40,60,236
2025-12-21,Paneer Butter Masala,Veg_Mains,6,0,11,0,9.77,23.74,0,0,0.1,None,0,0.02,0.0,0,40,60,156
2025-12-22,Paneer Butter Masala,Veg_Mains,0,0,10,0,0.59,27.49,0,1,0.04,None,0,0.15,0.0,0,40,60,225
2025-12-23,Paneer Butter Masala,Veg_Mains,1,0,9,0,8.7,26.51,0,0,0.14,None,1,0.25,0.0,0,40,60,0
2025-12-24,Paneer Butter Masala,Veg_Mains,2,0,8,0,16.28,26.94,0,0,0.08,None,0,0.05,0.0,0,40,60,147
2025-12-25,Paneer Butter Masala,Veg_Mains,3,0,7,0,0.27,24.62,0,0,0.1,None,1,0.2,0.0,0,40,60,0
2025-12-26,Paneer Butter Masala,Veg_Mains,4,0,6,0,0.29,18.71,0,0,0.13,None,0,0.05,0.0,0,40,60,0
2025-12-27,Paneer Butter Masala,Veg_Mains,5,0,5,0,1.66,25.84,0,0,0.06,None,1,0.3,0.0,0,40,60,198
2025-12-28,Paneer Butter Masala,Veg_Mains,6,0,4,0,1.15,28.74,0,0,0.14,None,0,0.02,0.0,0,40,60,154
2025-12-29,Paneer Butter Masala,Veg_Mains,0,0,3,0,2.31,23.98,0,0,0.08,None,0,0.15,0.0,0,40,60,178
2025-12-30,Paneer Butter Masala,Veg_Mains,1,0,2,0,2.34,23.63,0,0,0.04,None,1,0.25,0.0,0,40,60,0
2025-12-31,Paneer Butter Masala,Veg_Mains,2,0,1,0,4.89,20.74,0,0,0.12,None,0,0.05,0.0,0,40,60,155
2026-01-01,Paneer Butter Masala,Veg_Mains,3,0,1,0,1.56,23.12,0,0,0.12,None,1,0.2,0.0,0,40,60,0
2026-01-02,Paneer Butter Masala,Veg_Mains,4,0,0,0,1.99,27.96,0,0,0.14,None,0,0.05,0.0,0,40,60,0
2026-01-03,Paneer Butter Masala,Veg_Mains,5,0,29,0,1.01,27.64,0,0,0.11,None,1,0.3,0.0,0,40,60,192
2026-01-04,Paneer Butter Masala,Veg_Mains,6,0,28,0,6.49,24.21,0,0,0.13,None,0,0.02,0.0,0,40,60,153
2026-01-05,Paneer Butter Masala,Veg_Mains,0,0,27,0,1.55,25.96,0,0,0.09,None,0,0.15,0.0,0,40,60,166
2026-01-06,Paneer Butter Masala,Veg_Mains,1,0,26,0,5.92,24.33,0,0,0.11,None,1,0.25,0.0,0,40,60,0
2026-01-07,Paneer Butter Masala,Veg_Mains,2,0,25,0,14.96,28.97,0,0,0.05,None,0,0.05,0.0,0,40,60,172
2026-01-08,Paneer Butter Masala,Veg_Mains,3,0,24,0,3.36,27.83,0,0,0.02,None,1,0.2,0.0,0,40,60,0
2026-01-09,Paneer Butter Masala,Veg_Mains,4,0,23,0,2.8,29.67,0,0,0.06,None,0,0.05,0.0,0,40,60,0
2026-01-10,Paneer Butter Masala,Veg_Mains,5,0,22,0,3.8,17.96,0,0,0.05,None,1,0.3,0.0,0,40,60,219
2026-01-11,Paneer Butter Masala,Veg_Mains,6,0,21,0,0.51,15.7,0,1,0.08,None,0,0.02,0.0,0,40,60,187
2026-01-12,Paneer Butter Masala,Veg_Mains,0,0,20,0,0.87,27.01,0,1,0.14,None,0,0.15,0.0,0,40,60,192
2026-01-13,Paneer Butter Masala,Veg_Mains,1,0,19,0,0.03,32.3,0,1,0.04,None,1,0.25,0.0,0,40,60,0
2026-01-14,Paneer Butter Masala,Veg_Mains,2,0,18,0,0.76,23.8,0,0,0.05,None,0,0.05,0.0,0,40,60,169
2026-01-15,Paneer Butter Masala,Veg_Mains,3,0,17,0,1.91,27.96,0,1,0.06,None,1,0.2,0.0,0,40,60,0
2026-01-16,Paneer Butter Masala,Veg_Mains,4,0,16,0,0.21,25.12,0,0,0.12,None,0,0.05,0.0,0,40,60,0
2026-01-17,Paneer Butter Masala,Veg_Mains,5,0,15,0,2.24,27.81,0,0,0.06,None,1,0.3,0.0,0,40,60,213
2026-01-18,Paneer Butter Masala,Veg_Mains,6,0,14,0,1.55,22.59,0,0,0.04,None,0,0.02,0.0,0,40,60,144
2026-01-19,Paneer Butter Masala,Veg_Mains,0,1,13,1,1.49,31.77,0,0,0.21,None,0,0.15,0.0,1,40,60,14
2026-01-20,Paneer Butter Masala,Veg_Mains,1,0,12,0,0.4,25.92,0,0,0.05,None,1,0.25,0.0,0,40,60,0
2026-01-21,Paneer Butter Masala,Veg_Mains,2,0,11,0,0.06,22.44,0,0,0.09,None,0,0.05,0.0,0,40,60,151
2026-01-22,Paneer Butter Masala,Veg_Mains,3,0,10,0,2.44,22.16,0,0,0.14,None,1,0.2,0.0,0,40,60,0
2026-01-23,Paneer Butter Masala,Veg_Mains,4,0,9,0,1.11,28.19,0,0,0.08,None,0,0.05,0.0,0,40,60,0
2026-01-24,Paneer Butter Masala,Veg_Mains,5,0,8,0,0.45,26.21,0,0,0.08,None,1,0.3,0.0,0,40,60,200
2026-01-25,Paneer Butter Masala,Veg_Mains,6,0,7,0,1.97,24.44,0,1,0.11,None,0,0.02,0.0,0,40,60,178
2026-01-26,Paneer Butter Masala,Veg_Mains,0,0,6,0,3.19,23.75,0,0,0.1,None,0,0.15,0.0,0,40,60,171
2026-01-27,Paneer Butter Masala,Veg_Mains,1,0,5,0,1.49,19.67,0,0,0.06,None,1,0.25,0.0,0,40,60,0
2026-01-28,Paneer Butter Masala,Veg_Mains,2,0,4,0,2.1,28.08,0,0,0.09,None,0,0.05,0.0,0,40,60,160
2026-01-29,Paneer Butter Masala,Veg_Mains,3,0,3,0,1.73,23.08,0,0,0.08,None,1,0.2,0.0,0,40,60,0
2026-01-30,Paneer Butter Masala,Veg_Mains,4,0,2,0,2.11,22.23,0,1,0.13,None,0,0.05,0.0,0,40,60,0
2026-01-31,Paneer Butter Masala,Veg_Mains,5,0,1,0,7.47,26.57,0,0,0.14,None,1,0.3,0.0,0,40,60,190
2026-02-01,Paneer Butter Masala,Veg_Mains,6,0,28,0,0.1,28.98,0,0,0.11,None,0,0.02,0.0,0,40,60,148
2026-02-02,Paneer Butter Masala,Veg_Mains,0,0,27,0,11.81,23.88,0,0,0.06,None,0,0.15,0.0,0,40,60,178
2026-02-03,Paneer Butter Masala,Veg_Mains,1,0,26,0,4.55,27.37,0,0,0.1,None,1,0.25,0.0,0,40,60,0
2026-02-04,Paneer Butter Masala,Veg_Mains,2,0,25,0,0.26,26.3,0,0,0.09,None,0,0.05,0.0,0,40,60,180
2026-02-05,Paneer Butter Masala,Veg_Mains,3,0,24,0,0.51,23.28,0,0,0.1,None,1,0.2,0.0,0,40,60,0
2026-02-06,Paneer Butter Masala,Veg_Mains,4,0,23,0,2.82,22.21,0,1,0.07,None,0,0.05,0.0,0,40,60,0
2026-02-07,Paneer Butter Masala,Veg_Mains,5,0,22,0,1.08,23.79,0,1,0.12,None,1,0.3,0.0,0,40,60,237
2026-02-08,Paneer Butter Masala,Veg_Mains,6,0,21,0,2.82,19.53,0,1,0.05,None,0,0.02,0.0,0,40,60,190
2026-02-09,Paneer Butter Masala,Veg_Mains,0,0,20,0,2.54,31.92,0,0,0.04,None,0,0.15,0.0,0,40,60,177
2026-02-10,Paneer Butter Masala,Veg_Mains,1,0,19,0,3.1,27.45,0,0,0.12,None,1,0.25,0.0,0,40,60,0
2026-02-11,Paneer Butter Masala,Veg_Mains,2,0,18,0,1.42,18.95,0,0,0.06,None,0,0.05,0.0,0,40,60,153
2026-02-12,Paneer Butter Masala,Veg_Mains,3,1,17,0,0.34,32.08,0,0,0.1,None,1,0.2,0.0,1,40,60,0
2026-02-13,Paneer Butter Masala,Veg_Mains,4,0,16,0,1.01,35.89,0,0,0.03,None,0,0.05,0.0,0,40,60,0
2026-02-14,Paneer Butter Masala,Veg_Mains,5,0,15,0,2.19,29.39,0,0,0.15,None,1,0.3,0.0,0,40,60,175
2026-02-15,Paneer Butter Masala,Veg_Mains,6,0,14,0,1.82,22.73,0,1,0.12,None,0,0.02,0.0,0,40,60,177
2026-02-16,Paneer Butter Masala,Veg_Mains,0,0,13,0,1.52,27.32,0,0,0.13,None,0,0.15,0.0,0,40,60,173
2026-02-17,Paneer Butter Masala,Veg_Mains,1,1,12,0,5.88,22.14,0,0,0.14,Ramadan,1,0.25,0.15,1,40,60,0
2026-02-18,Paneer Butter Masala,Veg_Mains,2,0,11,0,0.88,15.09,0,0,0.02,Ramadan,0,0.05,0.15,0,40,60,147
2026-02-19,Paneer Butter Masala,Veg_Mains,3,0,10,0,3.85,27.81,0,0,0.06,Ramadan,1,0.2,0.15,0,40,60,0
2026-02-20,Paneer Butter Masala,Veg_Mains,4,0,9,0,1.53,20.25,0,0,0.08,Ramadan,0,0.05,0.15,0,40,60,0
2026-02-21,Paneer Butter Masala,Veg_Mains,5,0,8,0,8.27,27.75,0,0,0.09,Ramadan,1,0.3,0.15,0,40,60,170
2026-02-22,Paneer Butter Masala,Veg_Mains,6,0,7,0,0.76,23.22,0,0,0.14,Ramadan,0,0.02,0.15,0,40,60,121
2026-02-23,Paneer Butter Masala,Veg_Mains,0,1,6,1,8.33,22.7,0,1,0.28,Ramadan,0,0.15,0.15,1,40,60,14
2026-02-24,Paneer Butter Masala,Veg_Mains,1,0,5,0,3.71,26.98,0,1,0.05,Ramadan,1,0.25,0.15,0,40,60,0
2026-02-25,Paneer Butter Masala,Veg_Mains,2,0,4,0,3.25,24.15,0,0,0.07,Ramadan,0,0.05,0.15,0,40,60,125
2026-02-26,Paneer Butter Masala,Veg_Mains,3,0,3,0,1.58,33.11,0,0,0.04,Ramadan,1,0.2,0.15,0,40,60,0
2026-02-27,Paneer Butter Masala,Veg_Mains,4,0,2,0,7.19,29.31,0,0,0.12,Ramadan,0,0.05,0.15,0,40,60,0
2026-02-28,Paneer Butter Masala,Veg_Mains,5,0,1,0,0.95,21.01,0,1,0.02,Ramadan,1,0.3,0.15,0,40,60,208
2026-03-01,Paneer Butter Masala,Veg_Mains,6,0,1,0,2.48,24.96,0,0,0.03,Ramadan,0,0.02,0.15,0,40,60,146
2026-03-02,Paneer Butter Masala,Veg_Mains,0,0,0,0,9.23,26.75,0,0,0.12,Ramadan,0,0.15,0.15,0,40,60,148
2026-03-03,Paneer Butter Masala,Veg_Mains,1,0,29,0,2.74,28.02,0,0,0.09,Ramadan,1,0.25,0.15,0,40,60,0
2026-03-04,Paneer Butter Masala,Veg_Mains,2,0,28,0,0.2,25.68,0,0,0.02,Ramadan,0,0.05,0.15,0,40,60,162
2026-03-05,Paneer Butter Masala,Veg_Mains,3,0,27,0,1.55,23.88,0,1,0.07,Ramadan,1,0.2,0.15,0,40,60,0
2026-03-06,Paneer Butter Masala,Veg_Mains,4,0,26,0,0.06,24.96,0,0,0.06,Ramadan,0,0.05,0.15,0,40,60,0
2026-03-07,Paneer Butter Masala,Veg_Mains,5,0,25,0,2.02,32.57,0,0,0.05,Ramadan,1,0.3,0.15,0,40,60,181
2026-03-08,Paneer Butter Masala,Veg_Mains,6,0,24,0,0.83,22.02,0,0,0.12,Ramadan,0,0.02,0.15,0,40,60,127
2026-03-09,Paneer Butter Masala,Veg_Mains,0,0,23,0,1.05,26.97,0,0,0.04,Ramadan,0,0.15,0.15,0,40,60,158
2026-03-10,Paneer Butter Masala,Veg_Mains,1,0,22,0,1.03,21.82,0,0,0.02,Ramadan,1,0.25,0.15,0,40,60,0
2026-03-11,Paneer Butter Masala,Veg_Mains,2,0,21,0,5.62,27.81,0,1,0.07,Ramadan,0,0.05,0.15,0,40,60,180
2026-03-12,Paneer Butter Masala,Veg_Mains,3,0,20,0,8.91,23.91,0,0,0.13,Ramadan,1,0.2,0.15,0,40,60,0
2026-03-13,Paneer Butter Masala,Veg_Mains,4,0,19,0,0.54,22.59,0,0,0.05,Ramadan,0,0.05,0.15,0,40,60,0
2026-03-14,Paneer Butter Masala,Veg_Mains,5,0,18,0,4.9,30.8,0,0,0.05,Ramadan,1,0.3,0.15,0,40,60,164
2026-03-15,Paneer Butter Masala,Veg_Mains,6,0,17,0,4.22,22.53,0,1,0.11,Ramadan,0,0.02,0.15,0,40,60,148
2026-03-16,Paneer Butter Masala,Veg_Mains,0,0,16,0,3.0,32.93,0,0,0.13,Ramadan,0,0.15,0.15,0,40,60,147
2026-03-17,Paneer Butter Masala,Veg_Mains,1,0,15,0,0.24,27.13,0,0,0.13,Ramadan,1,0.25,0.15,0,40,60,0
2026-03-18,Paneer Butter Masala,Veg_Mains,2,0,14,0,1.01,29.83,0,0,0.09,Ramadan,0,0.05,0.15,0,40,60,138
2026-03-19,Paneer Butter Masala,Veg_Mains,3,0,13,0,6.27,20.77,0,0,0.02,Ramadan,1,0.2,0.15,0,40,60,0
2026-03-20,Paneer Butter Masala,Veg_Mains,4,0,12,0,7.31,23.9,0,0,0.14,None,0,0.05,0.0,0,40,60,0
2026-03-21,Paneer Butter Masala,Veg_Mains,5,0,11,0,3.48,12.88,0,0,0.09,None,1,0.3,0.0,0,40,60,191
2026-03-22,Paneer Butter Masala,Veg_Mains,6,0,10,0,0.51,25.65,0,0,0.12,None,0,0.02,0.0,0,40,60,144
2026-03-23,Paneer Butter Masala,Veg_Mains,0,0,9,0,7.75,18.14,0,0,0.1,None,0,0.15,0.0,0,40,60,181
2026-03-24,Paneer Butter Masala,Veg_Mains,1,0,8,0,5.19,29.67,0,0,0.11,None,1,0.25,0.0,0,40,60,0
2026-03-25,Paneer Butter Masala,Veg_Mains,2,0,7,0,0.0,21.72,0,0,0.05,None,0,0.05,0.0,0,40,60,158
2026-03-26,Paneer Butter Masala,Veg_Mains,3,0,6,0,1.79,20.97,0,0,0.13,None,1,0.2,0.0,0,40,60,0
2026-03-27,Paneer Butter Masala,Veg_Mains,4,0,5,0,3.45,28.35,0,0,0.12,None,0,0.05,0.0,0,40,60,0
2026-03-28,Paneer Butter Masala,Veg_Mains,5,0,4,0,1.88,27.82,0,0,0.14,None,1,0.3,0.0,0,40,60,194
2026-03-29,Paneer Butter Masala,Veg_Mains,6,0,3,0,6.89,25.09,0,0,0.07,None,0,0.02,0.0,0,40,60,155
2026-03-30,Paneer Butter Masala,Veg_Mains,0,0,2,0,9.37,25.35,0,0,0.09,None,0,0.15,0.0,0,40,60,166
2026-03-31,Paneer Butter Masala,Veg_Mains,1,0,1,0,1.02,25.64,0,0,0.03,None,1,0.25,0.0,0,40,60,0
2026-04-01,Paneer Butter Masala,Veg_Mains,2,0,0,0,0.56,37.27,0,0,0.1,None,0,0.05,0.0,0,40,60,151
2026-04-02,Paneer Butter Masala,Veg_Mains,3,0,29,0,0.39,39.19,0,0,0.02,None,1,0.2,0.0,0,40,60,0
2026-04-03,Paneer Butter Masala,Veg_Mains,4,0,28,0,0.22,41.22,0,0,0.14,None,0,0.05,0.0,0,40,60,0
2026-04-04,Paneer Butter Masala,Veg_Mains,5,0,27,0,0.51,40.94,0,0,0.13,None,1,0.3,0.0,0,40,60,194
2026-04-05,Paneer Butter Masala,Veg_Mains,6,0,26,0,0.49,36.95,0,0,0.03,None,0,0.02,0.0,0,40,60,171
2026-04-06,Paneer Butter Masala,Veg_Mains,0,0,25,0,0.04,36.56,0,1,0.04,None,0,0.15,0.0,0,40,60,236
2026-04-07,Paneer Butter Masala,Veg_Mains,1,0,24,0,0.14,38.82,0,0,0.06,None,1,0.25,0.0,0,40,60,0
2026-04-08,Paneer Butter Masala,Veg_Mains,2,0,23,0,1.35,40.74,0,0,0.15,None,0,0.05,0.0,0,40,60,150
2026-04-09,Paneer Butter Masala,Veg_Mains,3,0,22,0,0.3,36.85,0,0,0.13,None,1,0.2,0.0,0,40,60,0
2026-04-10,Paneer Butter Masala,Veg_Mains,4,0,21,0,0.98,38.3,0,0,0.14,None,0,0.05,0.0,0,40,60,0
2026-04-11,Paneer Butter Masala,Veg_Mains,5,0,20,0,0.21,43.01,0,0,0.09,None,1,0.3,0.0,0,40,60,189
2026-04-12,Paneer Butter Masala,Veg_Mains,6,0,19,0,0.1,41.29,0,0,0.1,None,0,0.02,0.0,0,40,60,145
2026-04-13,Paneer Butter Masala,Veg_Mains,0,0,18,0,0.19,41.93,0,0,0.11,None,0,0.15,0.0,0,40,60,182
2026-04-14,Paneer Butter Masala,Veg_Mains,1,0,17,0,0.01,40.2,0,0,0.06,None,1,0.25,0.0,0,40,60,0
2026-04-15,Paneer Butter Masala,Veg_Mains,2,0,16,0,0.29,39.19,0,1,0.08,None,0,0.05,0.0,0,40,60,173
2026-04-16,Paneer Butter Masala,Veg_Mains,3,0,15,0,1.93,38.32,0,0,0.11,None,1,0.2,0.0,0,40,60,0
2026-04-17,Paneer Butter Masala,Veg_Mains,4,0,14,0,0.07,38.32,0,0,0.08,None,0,0.05,0.0,0,40,60,0
2026-04-18,Paneer Butter Masala,Veg_Mains,5,0,13,0,0.43,38.39,0,0,0.04,None,1,0.3,0.0,0,40,60,225
2026-04-19,Paneer Butter Masala,Veg_Mains,6,0,12,0,0.19,41.62,0,0,0.02,None,0,0.02,0.0,0,40,60,156
2026-04-20,Paneer Butter Masala,Veg_Mains,0,0,11,0,4.52,41.99,0,0,0.08,None,0,0.15,0.0,0,40,60,168
2026-04-21,Paneer Butter Masala,Veg_Mains,1,0,10,0,7.38,40.27,0,1,0.05,None,1,0.25,0.0,0,40,60,0
2026-04-22,Paneer Butter Masala,Veg_Mains,2,0,9,0,0.36,44.4,0,1,0.07,None,0,0.05,0.0,0,40,60,210
2026-04-23,Paneer Butter Masala,Veg_Mains,3,0,8,0,0.59,39.19,0,0,0.09,None,1,0.2,0.0,0,40,60,0
2026-04-24,Paneer Butter Masala,Veg_Mains,4,0,7,0,4.41,41.23,0,0,0.04,None,0,0.05,0.0,0,40,60,0
2026-04-25,Paneer Butter Masala,Veg_Mains,5,0,6,0,0.03,41.62,0,1,0.11,None,1,0.3,0.0,0,40,60,214
2026-04-26,Paneer Butter Masala,Veg_Mains,6,0,5,0,1.44,39.94,0,0,0.08,None,0,0.02,0.0,0,40,60,148
2026-04-27,Paneer Butter Masala,Veg_Mains,0,0,4,0,0.05,39.42,0,0,0.13,None,0,0.15,0.0,0,40,60,165
2026-04-28,Paneer Butter Masala,Veg_Mains,1,0,3,0,0.27,44.44,0,1,0.03,None,1,0.25,0.0,0,40,60,0
2026-04-29,Paneer Butter Masala,Veg_Mains,2,0,2,0,0.22,39.93,0,1,0.09,None,0,0.05,0.0,0,40,60,173
2026-04-30,Paneer Butter Masala,Veg_Mains,3,0,1,0,0.02,38.64,0,0,0.11,None,1,0.2,0.0,0,40,60,0
2026-05-01,Paneer Butter Masala,Veg_Mains,4,0,1,0,0.01,40.24,0,0,0.06,None,0,0.05,0.0,0,40,60,0
2026-05-02,Paneer Butter Masala,Veg_Mains,5,0,0,0,0.02,41.71,0,0,0.13,None,1,0.3,0.0,0,40,60,190
2026-05-03,Paneer Butter Masala,Veg_Mains,6,0,29,0,0.06,39.32,0,0,0.14,None,0,0.02,0.0,0,40,60,145
2026-05-04,Paneer Butter Masala,Veg_Mains,0,0,28,0,0.38,39.28,0,1,0.1,None,0,0.15,0.0,0,40,60,198
2026-05-05,Paneer Butter Masala,Veg_Mains,1,0,27,0,0.18,39.36,0,0,0.11,None,1,0.25,0.0,0,40,60,0
2026-05-06,Paneer Butter Masala,Veg_Mains,2,0,26,0,0.15,41.18,0,0,0.07,None,0,0.05,0.0,0,40,60,173
2026-05-07,Paneer Butter Masala,Veg_Mains,3,0,25,0,0.99,43.05,0,0,0.09,None,1,0.2,0.0,0,40,60,0
2026-05-08,Paneer Butter Masala,Veg_Mains,4,0,24,0,0.04,40.65,0,1,0.14,None,0,0.05,0.0,0,40,60,0
2026-05-09,Paneer Butter Masala,Veg_Mains,5,0,23,0,5.49,42.34,0,0,0.14,None,1,0.3,0.0,0,40,60,175
2026-05-10,Paneer Butter Masala,Veg_Mains,6,0,22,0,2.0,39.34,0,1,0.04,None,0,0.02,0.0,0,40,60,191
2026-05-11,Paneer Butter Masala,Veg_Mains,0,0,21,0,0.06,42.23,0,0,0.1,None,0,0.15,0.0,0,40,60,174
2026-05-12,Paneer Butter Masala,Veg_Mains,1,0,20,0,0.22,39.26,0,0,0.04,None,1,0.25,0.0,0,40,60,0
2026-05-13,Paneer Butter Masala,Veg_Mains,2,0,19,0,3.25,41.48,0,0,0.03,None,0,0.05,0.0,0,40,60,180
2026-05-14,Paneer Butter Masala,Veg_Mains,3,0,18,0,0.34,42.72,0,0,0.08,None,1,0.2,0.0,0,40,60,0
2026-05-15,Paneer Butter Masala,Veg_Mains,4,0,17,0,0.7,40.82,0,0,0.12,None,0,0.05,0.0,0,40,60,0
2026-05-16,Paneer Butter Masala,Veg_Mains,5,1,16,0,0.15,41.96,0,0,0.03,None,1,0.3,0.0,1,40,60,21
2026-05-17,Paneer Butter Masala,Veg_Mains,6,0,15,0,1.23,39.99,0,0,0.05,None,0,0.02,0.0,0,40,60,158
2026-05-18,Paneer Butter Masala,Veg_Mains,0,0,14,0,1.25,42.27,0,0,0.15,None,0,0.15,0.0,0,40,60,155
2026-05-19,Paneer Butter Masala,Veg_Mains,1,0,13,0,0.2,38.31,0,0,0.02,None,1,0.25,0.0,0,40,60,0
2026-05-20,Paneer Butter Masala,Veg_Mains,2,0,12,0,0.12,39.28,0,1,0.08,None,0,0.05,0.0,0,40,60,198
2026-05-21,Paneer Butter Masala,Veg_Mains,3,0,11,0,0.0,40.65,0,0,0.09,None,1,0.2,0.0,0,40,60,0
2026-05-22,Paneer Butter Masala,Veg_Mains,4,0,10,0,1.66,41.43,0,0,0.13,None,0,0.05,0.0,0,40,60,0
2026-05-23,Paneer Butter Masala,Veg_Mains,5,0,9,0,1.79,38.53,0,1,0.13,None,1,0.3,0.0,0,40,60,199
2026-05-24,Paneer Butter Masala,Veg_Mains,6,0,8,0,0.03,39.95,0,0,0.09,None,0,0.02,0.0,0,40,60,149
2026-05-25,Paneer Butter Masala,Veg_Mains,0,0,7,0,1.52,42.82,0,0,0.08,None,0,0.15,0.0,0,40,60,175
2026-05-26,Paneer Butter Masala,Veg_Mains,1,0,6,0,2.84,40.69,0,0,0.02,None,1,0.25,0.0,0,40,60,0
2026-05-27,Paneer Butter Masala,Veg_Mains,2,0,5,0,0.08,40.7,0,0,0.04,None,0,0.05,0.0,0,40,60,163
2026-05-28,Paneer Butter Masala,Veg_Mains,3,0,4,0,0.84,40.93,0,0,0.04,None,1,0.2,0.0,0,40,60,0
2026-05-29,Paneer Butter Masala,Veg_Mains,4,0,3,0,1.04,40.07,0,0,0.12,None,0,0.05,0.0,0,40,60,0
2026-05-30,Paneer Butter Masala,Veg_Mains,5,0,2,0,0.45,40.31,0,0,0.12,None,1,0.3,0.0,0,40,60,174
2026-05-31,Paneer Butter Masala,Veg_Mains,6,0,1,0,0.14,37.03,0,0,0.12,None,0,0.02,0.0,0,40,60,145
2026-06-01,Paneer Butter Masala,Veg_Mains,0,0,0,0,79.14,33.46,1,0,0.14,None,0,0.15,0.0,0,40,60,184
2026-06-02,Paneer Butter Masala,Veg_Mains,1,0,29,0,21.71,29.85,0,1,0.08,None,1,0.25,0.0,0,40,60,0
2026-06-03,Paneer Butter Masala,Veg_Mains,2,0,28,0,26.79,29.41,0,0,0.03,None,0,0.05,0.0,0,40,60,197
2026-06-04,Paneer Butter Masala,Veg_Mains,3,0,27,0,16.8,31.26,0,1,0.07,None,1,0.2,0.0,0,40,60,0
2026-06-05,Paneer Butter Masala,Veg_Mains,4,0,26,0,20.57,30.84,0,0,0.05,None,0,0.05,0.0,0,40,60,0
2026-06-06,Paneer Butter Masala,Veg_Mains,5,1,25,0,21.55,28.11,0,0,0.05,None,1,0.3,0.0,1,40,60,24
2026-06-07,Paneer Butter Masala,Veg_Mains,6,0,24,0,7.69,31.54,0,0,0.07,None,0,0.02,0.0,0,40,60,149
2026-06-08,Paneer Butter Masala,Veg_Mains,0,0,23,0,8.64,32.37,0,0,0.08,None,0,0.15,0.0,0,40,60,169
2026-06-09,Paneer Butter Masala,Veg_Mains,1,0,22,0,8.26,29.25,0,1,0.14,None,1,0.25,0.0,0,40,60,0
2026-06-10,Paneer Butter Masala,Veg_Mains,2,0,21,0,16.76,32.76,0,1,0.08,None,0,0.05,0.0,0,40,60,198
2026-06-11,Paneer Butter Masala,Veg_Mains,3,0,20,0,32.12,29.79,0,0,0.15,None,1,0.2,0.0,0,40,60,0
2026-06-12,Paneer Butter Masala,Veg_Mains,4,0,19,0,60.44,36.62,1,0,0.08,None,0,0.05,0.0,0,40,60,0
2026-06-13,Paneer Butter Masala,Veg_Mains,5,1,18,0,11.54,31.84,0,0,0.04,None,1,0.3,0.0,1,40,60,19
2026-06-14,Paneer Butter Masala,Veg_Mains,6,0,17,0,24.68,32.67,0,0,0.09,None,0,0.02,0.0,0,40,60,185
2026-06-15,Paneer Butter Masala,Veg_Mains,0,0,16,0,23.17,28.7,0,1,0.07,None,0,0.15,0.0,0,40,60,221
2026-06-16,Paneer Butter Masala,Veg_Mains,1,0,15,0,25.43,31.29,0,0,0.11,None,1,0.25,0.0,0,40,60,0
2026-06-17,Paneer Butter Masala,Veg_Mains,2,0,14,0,3.21,29.19,0,0,0.09,None,0,0.05,0.0,0,40,60,151
2026-06-18,Paneer Butter Masala,Veg_Mains,3,0,13,0,6.63,33.37,0,1,0.04,None,1,0.2,0.0,0,40,60,0
2026-06-19,Paneer Butter Masala,Veg_Mains,4,0,12,0,15.58,32.51,0,0,0.05,None,0,0.05,0.0,0,40,60,0
2026-06-20,Paneer Butter Masala,Veg_Mains,5,0,11,0,12.14,37.38,0,0,0.02,None,1,0.3,0.0,0,40,60,207
2026-06-21,Paneer Butter Masala,Veg_Mains,6,0,10,0,53.55,30.33,1,0,0.09,None,0,0.02,0.0,0,40,60,197
2026-06-22,Paneer Butter Masala,Veg_Mains,0,0,9,0,63.95,35.92,1,1,0.08,None,0,0.15,0.0,0,40,60,235
2026-06-23,Paneer Butter Masala,Veg_Mains,1,0,8,0,18.38,28.23,0,0,0.03,None,1,0.25,0.0,0,40,60,0
2026-06-24,Paneer Butter Masala,Veg_Mains,2,0,7,0,20.64,30.57,0,1,0.13,None,0,0.05,0.0,0,40,60,195
2026-06-25,Paneer Butter Masala,Veg_Mains,3,0,6,0,48.11,29.52,1,0,0.11,None,1,0.2,0.0,0,40,60,0
2026-06-26,Paneer Butter Masala,Veg_Mains,4,0,5,0,27.66,27.09,0,1,0.14,None,0,0.05,0.0,0,40,60,0
2026-06-27,Paneer Butter Masala,Veg_Mains,5,0,4,0,16.46,24.03,0,0,0.14,None,1,0.3,0.0,0,40,60,192
2026-06-28,Paneer Butter Masala,Veg_Mains,6,0,3,0,25.88,28.74,0,0,0.1,None,0,0.02,0.0,0,40,60,170
2026-06-29,Paneer Butter Masala,Veg_Mains,0,0,2,0,20.21,32.63,0,0,0.13,None,0,0.15,0.0,0,40,60,187
2026-06-30,Paneer Butter Masala,Veg_Mains,1,0,1,0,28.92,30.06,0,0,0.04,None,1,0.25,0.0,0,40,60,0
2026-07-01,Paneer Butter Masala,Veg_Mains,2,1,1,0,33.05,31.35,0,0,0.09,None,0,0.05,0.0,1,40,60,17
2026-07-02,Paneer Butter Masala,Veg_Mains,3,0,0,0,15.2,27.49,0,0,0.14,None,1,0.2,0.0,0,40,60,0
2026-07-03,Paneer Butter Masala,Veg_Mains,4,0,29,0,36.68,34.06,0,0,0.09,None,0,0.05,0.0,0,40,60,0
2026-07-04,Paneer Butter Masala,Veg_Mains,5,0,28,0,33.33,28.27,0,1,0.05,None,1,0.3,0.0,0,40,60,288
2026-07-05,Paneer Butter Masala,Veg_Mains,6,0,27,0,14.17,24.54,0,0,0.12,None,0,0.02,0.0,0,40,60,149
2026-07-06,Paneer Butter Masala,Veg_Mains,0,0,26,0,28.18,30.47,0,1,0.08,None,0,0.15,0.0,0,40,60,239
2026-07-07,Paneer Butter Masala,Veg_Mains,1,0,25,0,51.55,33.75,1,0,0.04,None,1,0.25,0.0,0,40,60,0
2026-07-08,Paneer Butter Masala,Veg_Mains,2,0,24,0,28.87,26.63,0,0,0.14,None,0,0.05,0.0,0,40,60,155
2026-07-09,Paneer Butter Masala,Veg_Mains,3,0,23,0,6.09,31.81,0,0,0.05,None,1,0.2,0.0,0,40,60,0
2026-07-10,Paneer Butter Masala,Veg_Mains,4,0,22,0,10.11,30.46,0,0,0.1,None,0,0.05,0.0,0,40,60,0
2026-07-11,Paneer Butter Masala,Veg_Mains,5,0,21,0,4.75,31.25,0,0,0.12,None,1,0.3,0.0,0,40,60,190
2026-07-12,Paneer Butter Masala,Veg_Mains,6,0,20,0,27.16,28.1,0,0,0.07,None,0,0.02,0.0,0,40,60,180
2026-07-13,Paneer Butter Masala,Veg_Mains,0,0,19,0,13.02,33.14,0,0,0.05,None,0,0.15,0.0,0,40,60,184
2026-07-14,Paneer Butter Masala,Veg_Mains,1,0,18,0,36.34,28.13,0,1,0.04,None,1,0.25,0.0,0,40,60,0
2026-07-15,Paneer Butter Masala,Veg_Mains,2,0,17,0,13.42,27.81,0,0,0.14,None,0,0.05,0.0,0,40,60,160
2026-07-16,Paneer Butter Masala,Veg_Mains,3,0,16,0,27.61,31.92,0,1,0.11,None,1,0.2,0.0,0,40,60,0
2026-07-17,Paneer Butter Masala,Veg_Mains,4,1,15,1,16.55,30.18,0,0,0.29,None,0,0.05,0.0,1,40,60,0
2026-07-18,Paneer Butter Masala,Veg_Mains,5,0,14,0,12.96,31.58,0,0,0.14,None,1,0.3,0.0,0,40,60,186
2026-07-19,Paneer Butter Masala,Veg_Mains,6,0,13,0,9.17,28.82,0,0,0.14,None,0,0.02,0.0,0,40,60,150
2026-07-20,Paneer Butter Masala,Veg_Mains,0,0,12,0,2.85,31.23,0,1,0.06,None,0,0.15,0.0,0,40,60,190
2026-07-21,Paneer Butter Masala,Veg_Mains,1,0,11,0,38.78,35.42,0,1,0.06,None,1,0.25,0.0,0,40,60,0
2026-07-22,Paneer Butter Masala,Veg_Mains,2,0,10,0,21.47,37.52,0,0,0.06,None,0,0.05,0.0,0,40,60,193
2026-07-23,Paneer Butter Masala,Veg_Mains,3,0,9,0,8.64,31.84,0,0,0.07,None,1,0.2,0.0,0,40,60,0
2026-07-24,Paneer Butter Masala,Veg_Mains,4,0,8,0,25.36,30.66,0,1,0.03,None,0,0.05,0.0,0,40,60,0
2026-07-25,Paneer Butter Masala,Veg_Mains,5,0,7,0,27.92,27.63,0,1,0.07,None,1,0.3,0.0,0,40,60,271
2026-07-26,Paneer Butter Masala,Veg_Mains,6,0,6,0,12.48,34.4,0,1,0.05,None,0,0.02,0.0,0,40,60,183
2026-07-27,Paneer Butter Masala,Veg_Mains,0,0,5,0,5.88,31.53,0,0,0.03,None,0,0.15,0.0,0,40,60,196
2026-07-28,Paneer Butter Masala,Veg_Mains,1,0,4,0,2.6,38.67,0,1,0.04,None,1,0.25,0.0,0,40,60,0
2026-07-29,Paneer Butter Masala,Veg_Mains,2,0,3,0,37.37,32.52,0,1,0.12,None,0,0.05,0.0,0,40,60,231
2026-07-30,Paneer Butter Masala,Veg_Mains,3,0,2,0,30.41,31.15,0,0,0.1,None,1,0.2,0.0,0,40,60,0
2026-07-31,Paneer Butter Masala,Veg_Mains,4,0,1,0,31.24,31.27,0,0,0.04,None,0,0.05,0.0,0,40,60,0
2026-08-01,Paneer Butter Masala,Veg_Mains,5,0,1,0,21.26,36.11,0,1,0.05,Shravan,1,0.4,0.02,0,40,60,306
2026-08-02,Paneer Butter Masala,Veg_Mains,6,0,0,0,5.83,33.81,0,0,0.06,Shravan,0,0.4,0.02,0,40,60,217
2026-08-03,Paneer Butter Masala,Veg_Mains,0,0,29,0,50.85,31.99,1,0,0.07,Shravan,0,0.4,0.02,0,40,60,234
2026-08-04,Paneer Butter Masala,Veg_Mains,1,0,28,0,3.01,32.89,0,0,0.13,Shravan,1,0.4,0.02,0,40,60,0
2026-08-05,Paneer Butter Masala,Veg_Mains,2,0,27,0,19.96,29.8,0,0,0.07,Shravan,0,0.4,0.02,0,40,60,200
2026-08-06,Paneer Butter Masala,Veg_Mains,3,0,26,0,8.73,34.56,0,0,0.08,Shravan,1,0.4,0.02,0,40,60,0
2026-08-07,Paneer Butter Masala,Veg_Mains,4,0,25,0,30.82,31.62,0,1,0.06,Shravan,0,0.4,0.02,0,40,60,0
2026-08-08,Paneer Butter Masala,Veg_Mains,5,0,24,0,18.87,34.39,0,0,0.1,Shravan,1,0.4,0.02,0,40,60,206
2026-08-09,Paneer Butter Masala,Veg_Mains,6,0,23,0,12.07,32.33,0,0,0.08,Shravan,0,0.4,0.02,0,40,60,200
2026-08-10,Paneer Butter Masala,Veg_Mains,0,0,22,0,5.45,30.68,0,1,0.11,Shravan,0,0.4,0.02,0,40,60,239
2026-08-11,Paneer Butter Masala,Veg_Mains,1,0,21,0,40.16,31.05,1,0,0.11,Shravan,1,0.4,0.02,0,40,60,0
2026-08-12,Paneer Butter Masala,Veg_Mains,2,0,20,0,11.1,27.85,0,0,0.08,Shravan,0,0.4,0.02,0,40,60,213
2026-08-13,Paneer Butter Masala,Veg_Mains,3,0,19,0,21.04,30.2,0,0,0.11,Shravan,1,0.4,0.02,0,40,60,0
2026-08-14,Paneer Butter Masala,Veg_Mains,4,0,18,0,6.24,31.01,0,0,0.04,Shravan,0,0.4,0.02,0,40,60,0
2026-08-15,Paneer Butter Masala,Veg_Mains,5,0,17,0,10.57,25.95,0,0,0.14,Shravan,1,0.4,0.02,0,40,60,194
2026-08-16,Paneer Butter Masala,Veg_Mains,6,0,16,0,38.92,28.74,0,0,0.08,Shravan,0,0.4,0.02,0,40,60,260
2026-08-17,Paneer Butter Masala,Veg_Mains,0,0,15,0,3.35,24.56,0,1,0.05,Shravan,0,0.4,0.02,0,40,60,262
2026-08-18,Paneer Butter Masala,Veg_Mains,1,0,14,0,23.53,29.69,0,0,0.05,Shravan,1,0.4,0.02,0,40,60,0
2026-08-19,Paneer Butter Masala,Veg_Mains,2,0,13,0,13.01,26.12,0,1,0.09,Shravan,0,0.4,0.02,0,40,60,245
2026-08-20,Paneer Butter Masala,Veg_Mains,3,1,12,0,15.8,29.21,0,0,0.06,Shravan,1,0.4,0.02,1,40,60,0
2026-08-21,Paneer Butter Masala,Veg_Mains,4,0,11,0,6.4,31.87,0,0,0.04,Shravan,0,0.4,0.02,0,40,60,0
2026-08-22,Paneer Butter Masala,Veg_Mains,5,0,10,0,25.07,32.05,0,0,0.15,Shravan,1,0.4,0.02,0,40,60,243
2026-08-23,Paneer Butter Masala,Veg_Mains,6,0,9,0,2.25,29.93,0,0,0.11,Shravan,0,0.4,0.02,0,40,60,206
2026-08-24,Paneer Butter Masala,Veg_Mains,0,0,8,0,12.37,30.53,0,0,0.08,Shravan,0,0.4,0.02,0,40,60,203
2026-08-25,Paneer Butter Masala,Veg_Mains,1,0,7,0,25.19,28.28,0,0,0.13,Shravan,1,0.4,0.02,0,40,60,0
2026-08-26,Paneer Butter Masala,Veg_Mains,2,0,6,0,26.32,25.09,0,0,0.07,Shravan,0,0.4,0.02,0,40,60,241
2026-08-27,Paneer Butter Masala,Veg_Mains,3,0,5,0,26.85,25.36,0,0,0.03,Shravan,1,0.4,0.02,0,40,60,0
2026-08-28,Paneer Butter Masala,Veg_Mains,4,0,4,0,9.52,33.99,0,0,0.07,Shravan,0,0.4,0.02,0,40,60,0
2026-08-29,Paneer Butter Masala,Veg_Mains,5,0,3,0,13.92,35.0,0,0,0.08,Shravan,1,0.4,0.02,0,40,60,221
2026-08-30,Paneer Butter Masala,Veg_Mains,6,0,2,0,16.35,29.61,0,0,0.1,Shravan,0,0.4,0.02,0,40,60,213
2026-08-31,Paneer Butter Masala,Veg_Mains,0,0,1,0,23.97,24.17,0,0,0.13,Shravan,0,0.4,0.02,0,40,60,231
2026-09-01,Paneer Butter Masala,Veg_Mains,1,0,0,0,81.02,27.81,1,0,0.07,None,1,0.25,0.0,0,40,60,0
2026-09-02,Paneer Butter Masala,Veg_Mains,2,0,29,0,9.62,33.81,0,0,0.03,None,0,0.05,0.0,0,40,60,170
2026-09-03,Paneer Butter Masala,Veg_Mains,3,0,28,0,17.1,34.04,0,1,0.14,None,1,0.2,0.0,0,40,60,0
2026-09-04,Paneer Butter Masala,Veg_Mains,4,0,27,0,39.22,29.82,0,0,0.02,None,0,0.05,0.0,0,40,60,0
2026-09-05,Paneer Butter Masala,Veg_Mains,5,0,26,0,2.77,27.93,0,1,0.05,None,1,0.3,0.0,0,40,60,232
2026-09-06,Paneer Butter Masala,Veg_Mains,6,0,25,0,26.87,35.25,0,0,0.1,None,0,0.02,0.0,0,40,60,179
2026-09-07,Paneer Butter Masala,Veg_Mains,0,0,24,0,59.75,34.63,1,0,0.06,None,0,0.15,0.0,0,40,60,205
2026-09-08,Paneer Butter Masala,Veg_Mains,1,0,23,0,3.09,28.05,0,0,0.06,None,1,0.25,0.0,0,40,60,0
2026-09-09,Paneer Butter Masala,Veg_Mains,2,0,22,0,11.44,27.1,0,0,0.1,None,0,0.05,0.0,0,40,60,168
2026-09-10,Paneer Butter Masala,Veg_Mains,3,0,21,0,12.62,34.6,0,0,0.13,None,1,0.2,0.0,0,40,60,0
2026-09-11,Paneer Butter Masala,Veg_Mains,4,0,20,0,12.83,34.84,0,1,0.04,None,0,0.05,0.0,0,40,60,0
2026-09-12,Paneer Butter Masala,Veg_Mains,5,0,19,0,4.22,31.82,0,0,0.11,None,1,0.3,0.0,0,40,60,203
2026-09-13,Paneer Butter Masala,Veg_Mains,6,0,18,0,14.99,30.34,0,0,0.05,None,0,0.02,0.0,0,40,60,167
2026-09-14,Paneer Butter Masala,Veg_Mains,0,0,17,0,14.48,28.71,0,0,0.06,None,0,0.15,0.0,0,40,60,186
2026-09-15,Paneer Butter Masala,Veg_Mains,1,0,16,0,16.13,30.1,0,1,0.11,None,1,0.25,0.0,0,40,60,0
2026-09-16,Paneer Butter Masala,Veg_Mains,2,0,15,0,13.05,35.98,0,0,0.06,None,0,0.05,0.0,0,40,60,165
2026-09-17,Paneer Butter Masala,Veg_Mains,3,0,14,0,5.78,33.77,0,0,0.04,None,1,0.2,0.0,0,40,60,0
2026-09-18,Paneer Butter Masala,Veg_Mains,4,0,13,0,21.36,29.49,0,1,0.04,None,0,0.05,0.0,0,40,60,0
2026-09-19,Paneer Butter Masala,Veg_Mains,5,0,12,0,47.3,31.85,1,0,0.07,None,1,0.3,0.0,0,40,60,203
2026-09-20,Paneer Butter Masala,Veg_Mains,6,1,11,0,13.55,33.82,0,0,0.03,None,0,0.02,0.0,1,40,60,14
2026-09-21,Paneer Butter Masala,Veg_Mains,0,1,10,1,4.07,27.23,0,1,0.24,None,0,0.15,0.0,1,40,60,15
2026-09-22,Paneer Butter Masala,Veg_Mains,1,0,9,0,31.22,28.77,0,1,0.02,None,1,0.25,0.0,0,40,60,0
2026-09-23,Paneer Butter Masala,Veg_Mains,2,0,8,0,66.89,30.05,1,0,0.14,None,0,0.05,0.0,0,40,60,164
2026-09-24,Paneer Butter Masala,Veg_Mains,3,0,7,0,24.59,24.99,0,1,0.05,None,1,0.2,0.0,0,40,60,0
2026-09-25,Paneer Butter Masala,Veg_Mains,4,0,6,0,22.12,27.03,0,1,0.07,None,0,0.05,0.0,0,40,60,0
2026-09-26,Paneer Butter Masala,Veg_Mains,5,0,5,0,11.66,26.06,0,0,0.05,None,1,0.3,0.0,0,40,60,216
2026-09-27,Paneer Butter Masala,Veg_Mains,6,0,4,0,53.14,28.31,1,0,0.11,None,0,0.02,0.0,0,40,60,150
2026-09-28,Paneer Butter Masala,Veg_Mains,0,0,3,0,44.39,33.84,1,0,0.06,None,0,0.15,0.0,0,40,60,196
2026-09-29,Paneer Butter Masala,Veg_Mains,1,0,2,0,26.58,34.14,0,1,0.14,None,1,0.25,0.0,0,40,60,0
2026-09-30,Paneer Butter Masala,Veg_Mains,2,0,1,0,7.06,25.97,0,0,0.02,None,0,0.05,0.0,0,40,60,164
2026-10-01,Paneer Butter Masala,Veg_Mains,3,0,1,0,5.85,20.28,0,0,0.11,None,1,0.2,0.0,0,40,60,0
2026-10-02,Paneer Butter Masala,Veg_Mains,4,0,0,0,5.11,32.46,0,0,0.15,None,0,0.05,0.0,0,40,60,0
2026-10-03,Paneer Butter Masala,Veg_Mains,5,0,29,0,0.43,20.27,0,0,0.07,None,1,0.3,0.0,0,40,60,196
2026-10-04,Paneer Butter Masala,Veg_Mains,6,0,28,0,2.53,27.86,0,0,0.14,None,0,0.02,0.0,0,40,60,150
2026-10-05,Paneer Butter Masala,Veg_Mains,0,0,27,0,1.25,24.77,0,1,0.12,None,0,0.15,0.0,0,40,60,204
2026-10-06,Paneer Butter Masala,Veg_Mains,1,0,26,0,0.29,28.72,0,0,0.15,None,1,0.25,0.0,0,40,60,0
2026-10-07,Paneer Butter Masala,Veg_Mains,2,0,25,0,2.28,31.18,0,0,0.12,None,0,0.05,0.0,0,40,60,152
2026-10-08,Paneer Butter Masala,Veg_Mains,3,0,24,0,5.24,20.99,0,1,0.12,None,1,0.2,0.0,0,40,60,0
2026-10-09,Paneer Butter Masala,Veg_Mains,4,0,23,0,0.56,23.83,0,0,0.09,None,0,0.05,0.0,0,40,60,0
2026-10-10,Paneer Butter Masala,Veg_Mains,5,0,22,0,0.21,24.96,0,1,0.11,Navratri,1,0.45,0.05,0,40,60,253
2026-10-11,Paneer Butter Masala,Veg_Mains,6,0,21,0,7.83,21.67,0,0,0.05,Navratri,0,0.45,0.05,0,40,60,216
2026-10-12,Paneer Butter Masala,Veg_Mains,0,0,20,0,3.51,23.4,0,0,0.03,Navratri,0,0.45,0.05,0,40,60,216
2026-10-13,Paneer Butter Masala,Veg_Mains,1,0,19,0,0.29,24.3,0,0,0.05,Navratri,1,0.45,0.05,0,40,60,0
2026-10-14,Paneer Butter Masala,Veg_Mains,2,0,18,0,15.05,28.53,0,1,0.11,Navratri,0,0.45,0.05,0,40,60,239
2026-10-15,Paneer Butter Masala,Veg_Mains,3,0,17,0,2.38,29.15,0,0,0.05,Navratri,1,0.45,0.05,0,40,60,0
2026-10-16,Paneer Butter Masala,Veg_Mains,4,0,16,0,0.52,18.73,0,1,0.08,Navratri,0,0.45,0.05,0,40,60,0
2026-10-17,Paneer Butter Masala,Veg_Mains,5,0,15,0,2.28,24.04,0,0,0.06,Navratri,1,0.45,0.05,0,40,60,220
2026-10-18,Paneer Butter Masala,Veg_Mains,6,0,14,0,3.19,24.49,0,0,0.09,Navratri,0,0.45,0.05,0,40,60,207
2026-10-19,Paneer Butter Masala,Veg_Mains,0,1,13,1,9.64,28.01,0,1,0.18,Navratri,0,0.45,0.05,1,40,60,22
2026-10-20,Paneer Butter Masala,Veg_Mains,1,0,12,0,1.53,29.42,0,1,0.08,None,1,0.25,0.0,0,40,60,0
2026-10-21,Paneer Butter Masala,Veg_Mains,2,0,11,0,4.24,17.15,0,0,0.13,None,0,0.05,0.0,0,40,60,160
2026-10-22,Paneer Butter Masala,Veg_Mains,3,0,10,0,5.58,20.04,0,0,0.11,None,1,0.2,0.0,0,40,60,0
2026-10-23,Paneer Butter Masala,Veg_Mains,4,0,9,0,3.15,28.22,0,0,0.13,None,0,0.05,0.0,0,40,60,0
2026-10-24,Paneer Butter Masala,Veg_Mains,5,0,8,0,2.59,25.34,0,0,0.14,None,1,0.3,0.0,0,40,60,167
2026-10-25,Paneer Butter Masala,Veg_Mains,6,1,7,0,1.55,23.93,0,1,0.04,None,0,0.02,0.0,1,40,60,20
2026-10-26,Paneer Butter Masala,Veg_Mains,0,0,6,0,0.23,25.58,0,0,0.1,None,0,0.15,0.0,0,40,60,175
2026-10-27,Paneer Butter Masala,Veg_Mains,1,0,5,0,2.88,23.41,0,0,0.04,None,1,0.25,0.0,0,40,60,0
2026-10-28,Paneer Butter Masala,Veg_Mains,2,0,4,0,11.65,22.43,0,1,0.12,None,0,0.05,0.0,0,40,60,184
2026-10-29,Paneer Butter Masala,Veg_Mains,3,0,3,0,0.93,24.79,0,1,0.12,None,1,0.2,0.0,0,40,60,0
2026-10-30,Paneer Butter Masala,Veg_Mains,4,1,2,1,1.19,20.64,0,1,0.19,None,0,0.05,0.0,1,40,60,0
2026-10-31,Paneer Butter Masala,Veg_Mains,5,0,1,0,0.36,29.89,0,0,0.03,None,1,0.3,0.0,0,40,60,210
2026-11-01,Paneer Butter Masala,Veg_Mains,6,0,0,0,1.93,24.2,0,0,0.04,None,0,0.02,0.0,0,40,60,154
2026-11-02,Paneer Butter Masala,Veg_Mains,0,0,29,0,2.72,24.26,0,0,0.07,None,0,0.15,0.0,0,40,60,172
2026-11-03,Paneer Butter Masala,Veg_Mains,1,0,28,0,5.92,26.34,0,0,0.07,None,1,0.25,0.0,0,40,60,0
2026-11-04,Paneer Butter Masala,Veg_Mains,2,0,27,0,0.98,34.84,0,1,0.09,None,0,0.05,0.0,0,40,60,200
2026-11-05,Paneer Butter Masala,Veg_Mains,3,0,26,0,2.7,34.67,0,0,0.14,None,1,0.2,0.0,0,40,60,0
2026-11-06,Paneer Butter Masala,Veg_Mains,4,0,25,0,1.04,20.33,0,0,0.04,None,0,0.05,0.0,0,40,60,0
2026-11-07,Paneer Butter Masala,Veg_Mains,5,0,24,0,14.34,19.62,0,1,0.1,None,1,0.3,0.0,0,40,60,236
2026-11-08,Paneer Butter Masala,Veg_Mains,6,0,23,0,0.65,24.11,0,0,0.12,None,0,0.02,0.0,0,40,60,143
2026-11-09,Paneer Butter Masala,Veg_Mains,0,1,22,1,0.35,19.15,0,0,0.22,None,0,0.15,0.0,1,40,60,14
2026-11-10,Paneer Butter Masala,Veg_Mains,1,0,21,0,4.49,25.31,0,0,0.12,None,1,0.25,0.0,0,40,60,0
2026-11-11,Paneer Butter Masala,Veg_Mains,2,0,20,0,12.01,30.81,0,0,0.12,None,0,0.05,0.0,0,40,60,163
2026-11-12,Paneer Butter Masala,Veg_Mains,3,0,19,0,7.73,20.99,0,0,0.12,None,1,0.2,0.0,0,40,60,0
2026-11-13,Paneer Butter Masala,Veg_Mains,4,1,18,1,0.72,15.26,0,0,0.19,None,0,0.05,0.0,1,40,60,0
2026-11-14,Paneer Butter Masala,Veg_Mains,5,0,17,0,1.67,25.65,0,0,0.05,None,1,0.3,0.0,0,40,60,196
2026-11-15,Paneer Butter Masala,Veg_Mains,6,0,16,0,8.66,17.98,0,0,0.14,None,0,0.02,0.0,0,40,60,152
2026-11-16,Paneer Butter Masala,Veg_Mains,0,0,15,0,1.3,29.53,0,0,0.07,None,0,0.15,0.0,0,40,60,165
2026-11-17,Paneer Butter Masala,Veg_Mains,1,0,14,0,4.59,26.82,0,1,0.13,None,1,0.25,0.0,0,40,60,0
2026-11-18,Paneer Butter Masala,Veg_Mains,2,0,13,0,3.23,25.01,0,0,0.06,None,0,0.05,0.0,0,40,60,166
2026-11-19,Paneer Butter Masala,Veg_Mains,3,0,12,0,0.87,20.63,0,0,0.09,None,1,0.2,0.0,0,40,60,0
2026-11-20,Paneer Butter Masala,Veg_Mains,4,0,11,0,4.47,29.72,0,0,0.1,None,0,0.05,0.0,0,40,60,0
2026-11-21,Paneer Butter Masala,Veg_Mains,5,0,10,0,0.15,21.45,0,0,0.07,None,1,0.3,0.0,0,40,60,220
2026-11-22,Paneer Butter Masala,Veg_Mains,6,0,9,0,2.08,27.54,0,0,0.08,None,0,0.02,0.0,0,40,60,156
2026-11-23,Paneer Butter Masala,Veg_Mains,0,0,8,0,3.27,20.47,0,1,0.13,None,0,0.15,0.0,0,40,60,188
2026-11-24,Paneer Butter Masala,Veg_Mains,1,0,7,0,1.59,21.65,0,0,0.15,None,1,0.25,0.0,0,40,60,0
2026-11-25,Paneer Butter Masala,Veg_Mains,2,0,6,0,11.44,20.41,0,0,0.11,None,0,0.05,0.0,0,40,60,144
2026-11-26,Paneer Butter Masala,Veg_Mains,3,0,5,0,12.8,18.64,0,1,0.08,None,1,0.2,0.0,0,40,60,0
2026-11-27,Paneer Butter Masala,Veg_Mains,4,0,4,0,7.33,22.96,0,0,0.04,None,0,0.05,0.0,0,40,60,0
2026-11-28,Paneer Butter Masala,Veg_Mains,5,0,3,0,0.05,22.71,0,0,0.05,None,1,0.3,0.0,0,40,60,197
2026-11-29,Paneer Butter Masala,Veg_Mains,6,0,2,0,13.85,22.11,0,0,0.05,None,0,0.02,0.0,0,40,60,174
2026-11-30,Paneer Butter Masala,Veg_Mains,0,0,1,0,1.04,29.89,0,0,0.05,None,0,0.15,0.0,0,40,60,178
2026-12-01,Paneer Butter Masala,Veg_Mains,1,0,1,0,4.03,23.07,0,0,0.05,None,1,0.25,0.0,0,40,60,0
2026-12-02,Paneer Butter Masala,Veg_Mains,2,0,0,0,0.23,20.6,0,1,0.11,None,0,0.05,0.0,0,40,60,192
2026-12-03,Paneer Butter Masala,Veg_Mains,3,1,29,0,3.28,31.0,0,1,0.05,None,1,0.2,0.0,1,40,60,0
2026-12-04,Paneer Butter Masala,Veg_Mains,4,0,28,0,1.89,24.85,0,0,0.03,None,0,0.05,0.0,0,40,60,0
2026-12-05,Paneer Butter Masala,Veg_Mains,5,0,27,0,0.04,24.82,0,0,0.1,None,1,0.3,0.0,0,40,60,196
2026-12-06,Paneer Butter Masala,Veg_Mains,6,0,26,0,3.25,23.2,0,0,0.05,None,0,0.02,0.0,0,40,60,154
2026-12-07,Paneer Butter Masala,Veg_Mains,0,0,25,0,3.09,21.62,0,1,0.08,None,0,0.15,0.0,0,40,60,227
2026-12-08,Paneer Butter Masala,Veg_Mains,1,0,24,0,6.39,26.33,0,0,0.12,None,1,0.25,0.0,0,40,60,0
2026-12-09,Paneer Butter Masala,Veg_Mains,2,0,23,0,3.87,25.48,0,0,0.15,None,0,0.05,0.0,0,40,60,151
2026-12-10,Paneer Butter Masala,Veg_Mains,3,0,22,0,0.11,16.03,0,0,0.12,None,1,0.2,0.0,0,40,60,0
2026-12-11,Paneer Butter Masala,Veg_Mains,4,0,21,0,0.7,27.35,0,0,0.14,None,0,0.05,0.0,0,40,60,0
2026-12-12,Paneer Butter Masala,Veg_Mains,5,0,20,0,0.23,31.99,0,0,0.06,None,1,0.3,0.0,0,40,60,216
2026-12-13,Paneer Butter Masala,Veg_Mains,6,0,19,0,2.78,23.73,0,0,0.05,None,0,0.02,0.0,0,40,60,155
2026-12-14,Paneer Butter Masala,Veg_Mains,0,0,18,0,0.51,30.51,0,1,0.14,None,0,0.15,0.0,0,40,60,190
2026-12-15,Paneer Butter Masala,Veg_Mains,1,0,17,0,2.57,24.71,0,0,0.03,None,1,0.25,0.0,0,40,60,0
2026-12-16,Paneer Butter Masala,Veg_Mains,2,0,16,0,1.59,21.4,0,0,0.07,None,0,0.05,0.0,0,40,60,159
2026-12-17,Paneer Butter Masala,Veg_Mains,3,0,15,0,1.51,21.06,0,0,0.06,None,1,0.2,0.0,0,40,60,0
2026-12-18,Paneer Butter Masala,Veg_Mains,4,0,14,0,2.32,22.33,0,0,0.11,None,0,0.05,0.0,0,40,60,0
2026-12-19,Paneer Butter Masala,Veg_Mains,5,0,13,0,1.16,23.17,0,0,0.03,None,1,0.3,0.0,0,40,60,206
2026-12-20,Paneer Butter Masala,Veg_Mains,6,0,12,0,4.1,29.06,0,0,0.11,None,0,0.02,0.0,0,40,60,139
2026-12-21,Paneer Butter Masala,Veg_Mains,0,0,11,0,3.44,27.62,0,0,0.1,None,0,0.15,0.0,0,40,60,180
2026-12-22,Paneer Butter Masala,Veg_Mains,1,0,10,0,8.24,26.39,0,0,0.08,None,1,0.25,0.0,0,40,60,0
2026-12-23,Paneer Butter Masala,Veg_Mains,2,0,9,0,0.6,24.18,0,0,0.04,None,0,0.05,0.0,0,40,60,159
2026-12-24,Paneer Butter Masala,Veg_Mains,3,0,8,0,0.23,28.47,0,0,0.09,None,1,0.2,0.0,0,40,60,0
2026-12-25,Paneer Butter Masala,Veg_Mains,4,0,7,0,0.74,29.94,0,0,0.1,None,0,0.05,0.0,0,40,60,0
2026-12-26,Paneer Butter Masala,Veg_Mains,5,0,6,0,7.7,28.2,0,0,0.08,None,1,0.3,0.0,0,40,60,191
2026-12-27,Paneer Butter Masala,Veg_Mains,6,0,5,0,0.09,24.18,0,0,0.11,None,0,0.02,0.0,0,40,60,149
2026-12-28,Paneer Butter Masala,Veg_Mains,0,0,4,0,0.49,20.07,0,0,0.12,None,0,0.15,0.0,0,40,60,167
2026-12-29,Paneer Butter Masala,Veg_Mains,1,0,3,0,3.79,20.31,0,0,0.08,None,1,0.25,0.0,0,40,60,0
2026-12-30,Paneer Butter Masala,Veg_Mains,2,0,2,0,3.42,25.31,0,1,0.04,None,0,0.05,0.0,0,40,60,205
2024-01-01,Pulka,Staples,0,0,1,0,9.03,27.59,0,0,0.04,None,0,0.15,0.0,0,5,10,414
2024-01-02,Pulka,Staples,1,0,0,0,0.61,25.97,0,0,0.06,None,1,0.25,0.0,0,5,10,357
2024-01-03,Pulka,Staples,2,0,29,0,4.61,19.35,0,0,0.09,None,0,0.05,0.0,0,5,10,367
2024-01-04,Pulka,Staples,3,0,28,0,1.74,23.83,0,0,0.08,None,1,0.2,0.0,0,5,10,343
2024-01-05,Pulka,Staples,4,0,27,0,0.61,27.95,0,0,0.05,None,0,0.05,0.0,0,5,10,341
2024-01-06,Pulka,Staples,5,0,26,0,1.32,22.12,0,0,0.09,None,1,0.3,0.0,0,5,10,356
2024-01-07,Pulka,Staples,6,0,25,0,0.23,28.73,0,0,0.04,None,0,0.02,0.0,0,5,10,404
2024-01-08,Pulka,Staples,0,0,24,0,3.04,20.22,0,1,0.08,None,0,0.15,0.0,0,5,10,426
2024-01-09,Pulka,Staples,1,0,23,0,1.67,31.26,0,0,0.03,None,1,0.25,0.0,0,5,10,380
2024-01-10,Pulka,Staples,2,0,22,0,0.86,30.91,0,0,0.03,None,0,0.05,0.0,0,5,10,372
2024-01-11,Pulka,Staples,3,0,21,0,0.62,25.39,0,1,0.14,None,1,0.2,0.0,0,5,10,399
2024-01-12,Pulka,Staples,4,0,20,0,5.91,19.15,0,0,0.09,None,0,0.05,0.0,0,5,10,321
2024-01-13,Pulka,Staples,5,0,19,0,1.17,32.54,0,0,0.15,None,1,0.3,0.0,0,5,10,308
2024-01-14,Pulka,Staples,6,0,18,0,0.98,24.23,0,0,0.08,None,0,0.02,0.0,0,5,10,387
2024-01-15,Pulka,Staples,0,0,17,0,3.0,27.35,0,0,0.13,None,0,0.15,0.0,0,5,10,331
2024-01-16,Pulka,Staples,1,0,16,0,0.05,18.8,0,0,0.04,None,1,0.25,0.0,0,5,10,365
2024-01-17,Pulka,Staples,2,0,15,0,6.3,23.71,0,0,0.11,None,0,0.05,0.0,0,5,10,381
2024-01-18,Pulka,Staples,3,0,14,0,1.29,28.13,0,0,0.14,None,1,0.2,0.0,0,5,10,351
2024-01-19,Pulka,Staples,4,0,13,0,6.86,26.17,0,0,0.04,None,0,0.05,0.0,0,5,10,377
2024-01-20,Pulka,Staples,5,0,12,0,0.81,27.63,0,0,0.12,None,1,0.3,0.0,0,5,10,360
2024-01-21,Pulka,Staples,6,0,11,0,0.84,21.99,0,1,0.07,None,0,0.02,0.0,0,5,10,464
2024-01-22,Pulka,Staples,0,0,10,0,3.85,35.88,0,0,0.02,None,0,0.15,0.0,0,5,10,400
2024-01-23,Pulka,Staples,1,1,9,0,5.75,24.71,0,0,0.07,None,1,0.25,0.0,1,5,10,38
2024-01-24,Pulka,Staples,2,0,8,0,3.57,21.46,0,0,0.15,None,0,0.05,0.0,0,5,10,341
2024-01-25,Pulka,Staples,3,0,7,0,3.64,19.49,0,1,0.13,None,1,0.2,0.0,0,5,10,430
2024-01-26,Pulka,Staples,4,0,6,0,4.77,29.54,0,1,0.06,None,0,0.05,0.0,0,5,10,399
2024-01-27,Pulka,Staples,5,0,5,0,2.35,27.75,0,0,0.02,None,1,0.3,0.0,0,5,10,380
2024-01-28,Pulka,Staples,6,0,4,0,0.73,22.08,0,0,0.09,None,0,0.02,0.0,0,5,10,403
2024-01-29,Pulka,Staples,0,0,3,0,0.95,21.83,0,0,0.15,None,0,0.15,0.0,0,5,10,350
2024-01-30,Pulka,Staples,1,0,2,0,0.86,32.06,0,0,0.06,None,1,0.25,0.0,0,5,10,417
2024-01-31,Pulka,Staples,2,0,1,0,4.25,23.06,0,0,0.04,None,0,0.05,0.0,0,5,10,400
2024-02-01,Pulka,Staples,3,0,29,0,1.71,20.9,0,0,0.1,None,1,0.2,0.0,0,5,10,362
2024-02-02,Pulka,Staples,4,0,28,0,5.82,21.07,0,0,0.1,None,0,0.05,0.0,0,5,10,323
2024-02-03,Pulka,Staples,5,0,27,0,3.09,27.65,0,0,0.09,None,1,0.3,0.0,0,5,10,374
2024-02-04,Pulka,Staples,6,0,26,0,0.07,23.03,0,1,0.06,None,0,0.02,0.0,0,5,10,437
2024-02-05,Pulka,Staples,0,0,25,0,0.59,27.52,0,0,0.12,None,0,0.15,0.0,0,5,10,352
2024-02-06,Pulka,Staples,1,0,24,0,1.68,24.19,0,0,0.12,None,1,0.25,0.0,0,5,10,353
2024-02-07,Pulka,Staples,2,0,23,0,0.03,26.3,0,1,0.09,None,0,0.05,0.0,0,5,10,416
2024-02-08,Pulka,Staples,3,0,22,0,4.19,27.5,0,0,0.08,None,1,0.2,0.0,0,5,10,367
2024-02-09,Pulka,Staples,4,0,21,0,0.37,24.41,0,0,0.12,None,0,0.05,0.0,0,5,10,321
2024-02-10,Pulka,Staples,5,0,20,0,5.18,23.12,0,0,0.15,None,1,0.3,0.0,0,5,10,316
2024-02-11,Pulka,Staples,6,0,19,0,2.45,28.43,0,0,0.08,None,0,0.02,0.0,0,5,10,366
2024-02-12,Pulka,Staples,0,0,18,0,2.63,24.56,0,0,0.13,None,0,0.15,0.0,0,5,10,350
2024-02-13,Pulka,Staples,1,1,17,0,2.22,30.8,0,0,0.1,None,1,0.25,0.0,1,5,10,37
2024-02-14,Pulka,Staples,2,0,16,0,0.63,21.77,0,0,0.07,None,0,0.05,0.0,0,5,10,376
2024-02-15,Pulka,Staples,3,0,15,0,0.53,22.69,0,1,0.13,None,1,0.2,0.0,0,5,10,457
2024-02-16,Pulka,Staples,4,1,14,1,0.49,18.15,0,1,0.28,None,0,0.05,0.0,1,5,10,31
2024-02-17,Pulka,Staples,5,0,13,0,6.0,22.6,0,1,0.15,None,1,0.3,0.0,0,5,10,408
2024-02-18,Pulka,Staples,6,1,12,0,2.8,24.43,0,0,0.11,None,0,0.02,0.0,1,5,10,37
2024-02-19,Pulka,Staples,0,0,11,0,5.74,25.46,0,0,0.09,None,0,0.15,0.0,0,5,10,380
2024-02-20,Pulka,Staples,1,0,10,0,0.04,27.74,0,0,0.1,None,1,0.25,0.0,0,5,10,324
2024-02-21,Pulka,Staples,2,0,9,0,4.59,31.51,0,1,0.14,None,0,0.05,0.0,0,5,10,376
2024-02-22,Pulka,Staples,3,0,8,0,1.2,19.78,0,0,0.04,None,1,0.2,0.0,0,5,10,392
2024-02-23,Pulka,Staples,4,0,7,0,1.93,20.76,0,0,0.04,None,0,0.05,0.0,0,5,10,331
2024-02-24,Pulka,Staples,5,0,6,0,1.36,32.86,0,0,0.12,None,1,0.3,0.0,0,5,10,338
2024-02-25,Pulka,Staples,6,0,5,0,4.14,22.88,0,0,0.08,None,0,0.02,0.0,0,5,10,339
2024-02-26,Pulka,Staples,0,0,4,0,0.87,27.31,0,0,0.09,None,0,0.15,0.0,0,5,10,361
2024-02-27,Pulka,Staples,1,0,3,0,1.42,22.41,0,0,0.14,None,1,0.25,0.0,0,5,10,374
2024-02-28,Pulka,Staples,2,0,2,0,2.31,30.92,0,0,0.12,None,0,0.05,0.0,0,5,10,349
2024-02-29,Pulka,Staples,3,0,1,0,12.92,32.64,0,0,0.05,None,1,0.2,0.0,0,5,10,370
2024-03-01,Pulka,Staples,4,0,1,0,6.81,25.19,0,0,0.15,None,0,0.05,0.0,0,5,10,303
2024-03-02,Pulka,Staples,5,0,0,0,3.31,28.02,0,1,0.09,None,1,0.3,0.0,0,5,10,447
2024-03-03,Pulka,Staples,6,0,29,0,0.83,17.78,0,0,0.1,None,0,0.02,0.0,0,5,10,330
2024-03-04,Pulka,Staples,0,0,28,0,0.43,25.19,0,0,0.15,None,0,0.15,0.0,0,5,10,330
2024-03-05,Pulka,Staples,1,0,27,0,1.59,30.77,0,0,0.14,None,1,0.25,0.0,0,5,10,333
2024-03-06,Pulka,Staples,2,0,26,0,5.53,26.35,0,0,0.04,None,0,0.05,0.0,0,5,10,391
2024-03-07,Pulka,Staples,3,0,25,0,6.29,29.8,0,0,0.07,None,1,0.2,0.0,0,5,10,337
2024-03-08,Pulka,Staples,4,0,24,0,6.9,31.71,0,0,0.09,None,0,0.05,0.0,0,5,10,339
2024-03-09,Pulka,Staples,5,0,23,0,4.74,27.53,0,1,0.12,None,1,0.3,0.0,0,5,10,411
2024-03-10,Pulka,Staples,6,0,22,0,2.53,26.92,0,0,0.13,Ramadan,0,0.02,0.15,0,5,10,292
2024-03-11,Pulka,Staples,0,0,21,0,3.84,28.48,0,0,0.09,Ramadan,0,0.15,0.15,0,5,10,297
2024-03-12,Pulka,Staples,1,0,20,0,8.83,26.12,0,0,0.1,Ramadan,1,0.25,0.15,0,5,10,307
2024-03-13,Pulka,Staples,2,0,19,0,0.5,25.9,0,0,0.1,Ramadan,0,0.05,0.15,0,5,10,298
2024-03-14,Pulka,Staples,3,0,18,0,1.53,29.38,0,0,0.06,Ramadan,1,0.2,0.15,0,5,10,292
2024-03-15,Pulka,Staples,4,0,17,0,1.28,23.66,0,0,0.08,Ramadan,0,0.05,0.15,0,5,10,278
2024-03-16,Pulka,Staples,5,0,16,0,1.35,24.78,0,0,0.1,Ramadan,1,0.3,0.15,0,5,10,288
2024-03-17,Pulka,Staples,6,0,15,0,6.85,24.9,0,0,0.04,Ramadan,0,0.02,0.15,0,5,10,315
2024-03-18,Pulka,Staples,0,0,14,0,1.74,31.02,0,0,0.09,Ramadan,0,0.15,0.15,0,5,10,302
2024-03-19,Pulka,Staples,1,0,13,0,0.51,32.01,0,0,0.11,Ramadan,1,0.25,0.15,0,5,10,286
2024-03-20,Pulka,Staples,2,0,12,0,0.82,24.04,0,0,0.13,Ramadan,0,0.05,0.15,0,5,10,290
2024-03-21,Pulka,Staples,3,0,11,0,6.8,26.3,0,0,0.14,Ramadan,1,0.2,0.15,0,5,10,286
2024-03-22,Pulka,Staples,4,0,10,0,0.94,19.37,0,0,0.07,Ramadan,0,0.05,0.15,0,5,10,307
2024-03-23,Pulka,Staples,5,0,9,0,0.45,24.85,0,1,0.12,Ramadan,1,0.3,0.15,0,5,10,350
2024-03-24,Pulka,Staples,6,0,8,0,0.89,25.68,0,1,0.09,Ramadan,0,0.02,0.15,0,5,10,361
2024-03-25,Pulka,Staples,0,0,7,0,2.42,29.12,0,0,0.02,Ramadan,0,0.15,0.15,0,5,10,336
2024-03-26,Pulka,Staples,1,0,6,0,7.37,17.64,0,0,0.03,Ramadan,1,0.25,0.15,0,5,10,339
2024-03-27,Pulka,Staples,2,0,5,0,1.48,21.98,0,0,0.07,Ramadan,0,0.05,0.15,0,5,10,334
2024-03-28,Pulka,Staples,3,0,4,0,0.73,25.74,0,0,0.05,Ramadan,1,0.2,0.15,0,5,10,323
2024-03-29,Pulka,Staples,4,0,3,0,4.42,24.86,0,0,0.08,Ramadan,0,0.05,0.15,0,5,10,292
2024-03-30,Pulka,Staples,5,0,2,0,2.68,28.89,0,0,0.03,Ramadan,1,0.3,0.15,0,5,10,339
2024-03-31,Pulka,Staples,6,0,1,0,3.23,27.44,0,0,0.13,Ramadan,0,0.02,0.15,0,5,10,271
2024-04-01,Pulka,Staples,0,0,0,0,0.0,37.45,0,0,0.14,Ramadan,0,0.15,0.15,0,5,10,291
2024-04-02,Pulka,Staples,1,0,29,0,0.01,41.0,0,0,0.11,Ramadan,1,0.25,0.15,0,5,10,294
2024-04-03,Pulka,Staples,2,0,28,0,0.83,37.3,0,0,0.13,Ramadan,0,0.05,0.15,0,5,10,305
2024-04-04,Pulka,Staples,3,0,27,0,0.46,39.11,0,0,0.12,Ramadan,1,0.2,0.15,0,5,10,294
2024-04-05,Pulka,Staples,4,0,26,0,0.0,38.16,0,0,0.07,Ramadan,0,0.05,0.15,0,5,10,294
2024-04-06,Pulka,Staples,5,0,25,0,5.13,37.75,0,1,0.05,Ramadan,1,0.3,0.15,0,5,10,390
2024-04-07,Pulka,Staples,6,0,24,0,0.06,41.11,0,0,0.03,Ramadan,0,0.02,0.15,0,5,10,324
2024-04-08,Pulka,Staples,0,0,23,0,2.0,40.41,0,0,0.1,Ramadan,0,0.15,0.15,0,5,10,298
2024-04-09,Pulka,Staples,1,0,22,0,0.33,41.77,0,0,0.03,Ramadan,1,0.25,0.15,0,5,10,341
2024-04-10,Pulka,Staples,2,0,21,0,2.1,38.26,0,0,0.09,None,0,0.05,0.0,0,5,10,356
2024-04-11,Pulka,Staples,3,0,20,0,1.05,41.01,0,0,0.04,None,1,0.2,0.0,0,5,10,367
2024-04-12,Pulka,Staples,4,0,19,0,2.19,40.38,0,0,0.05,None,0,0.05,0.0,0,5,10,351
2024-04-13,Pulka,Staples,5,0,18,0,0.59,40.44,0,0,0.1,None,1,0.3,0.0,0,5,10,366
2024-04-14,Pulka,Staples,6,0,17,0,0.24,40.35,0,0,0.13,None,0,0.02,0.0,0,5,10,353
2024-04-15,Pulka,Staples,0,0,16,0,1.79,43.76,0,0,0.03,None,0,0.15,0.0,0,5,10,413
2024-04-16,Pulka,Staples,1,0,15,0,0.32,41.27,0,1,0.07,None,1,0.25,0.0,0,5,10,452
2024-04-17,Pulka,Staples,2,0,14,0,0.45,40.54,0,0,0.12,None,0,0.05,0.0,0,5,10,360
2024-04-18,Pulka,Staples,3,0,13,0,4.04,39.82,0,0,0.04,None,1,0.2,0.0,0,5,10,372
2024-04-19,Pulka,Staples,4,0,12,0,0.7,37.14,0,0,0.06,None,0,0.05,0.0,0,5,10,337
2024-04-20,Pulka,Staples,5,0,11,0,0.75,41.57,0,0,0.03,None,1,0.3,0.0,0,5,10,371
2024-04-21,Pulka,Staples,6,0,10,0,1.15,38.25,0,0,0.02,None,0,0.02,0.0,0,5,10,386
2024-04-22,Pulka,Staples,0,0,9,0,1.84,42.8,0,0,0.14,None,0,0.15,0.0,0,5,10,344
2024-04-23,Pulka,Staples,1,0,8,0,1.85,40.23,0,1,0.08,None,1,0.25,0.0,0,5,10,451
2024-04-24,Pulka,Staples,2,0,7,0,0.12,40.41,0,1,0.05,None,0,0.05,0.0,0,5,10,443
2024-04-25,Pulka,Staples,3,0,6,0,0.92,40.87,0,0,0.03,None,1,0.2,0.0,0,5,10,386
2024-04-26,Pulka,Staples,4,0,5,0,0.24,40.45,0,0,0.11,None,0,0.05,0.0,0,5,10,336
2024-04-27,Pulka,Staples,5,0,4,0,0.73,41.77,0,0,0.1,None,1,0.3,0.0,0,5,10,373
2024-04-28,Pulka,Staples,6,0,3,0,0.12,39.42,0,0,0.09,None,0,0.02,0.0,0,5,10,333
2024-04-29,Pulka,Staples,0,0,2,0,0.03,42.32,0,0,0.05,None,0,0.15,0.0,0,5,10,384
2024-04-30,Pulka,Staples,1,0,1,0,0.06,37.22,0,0,0.12,None,1,0.25,0.0,0,5,10,390
2024-05-01,Pulka,Staples,2,0,1,0,2.72,39.35,0,0,0.09,None,0,0.05,0.0,0,5,10,361
2024-05-02,Pulka,Staples,3,0,0,0,0.0,41.83,0,0,0.09,None,1,0.2,0.0,0,5,10,403
2024-05-03,Pulka,Staples,4,0,29,0,1.02,37.92,0,0,0.11,None,0,0.05,0.0,0,5,10,318
2024-05-04,Pulka,Staples,5,0,28,0,5.12,44.81,0,1,0.09,None,1,0.3,0.0,0,5,10,458
2024-05-05,Pulka,Staples,6,0,27,0,0.93,42.01,0,0,0.09,None,0,0.02,0.0,0,5,10,372
2024-05-06,Pulka,Staples,0,0,26,0,1.91,39.4,0,1,0.04,None,0,0.15,0.0,0,5,10,458
2024-05-07,Pulka,Staples,1,0,25,0,1.12,36.89,0,0,0.05,None,1,0.25,0.0,0,5,10,383
2024-05-08,Pulka,Staples,2,0,24,0,0.29,43.07,0,0,0.08,None,0,0.05,0.0,0,5,10,336
2024-05-09,Pulka,Staples,3,0,23,0,1.24,41.13,0,0,0.05,None,1,0.2,0.0,0,5,10,389
2024-05-10,Pulka,Staples,4,0,22,0,0.47,38.02,0,1,0.09,None,0,0.05,0.0,0,5,10,411
2024-05-11,Pulka,Staples,5,0,21,0,0.03,41.88,0,0,0.04,None,1,0.3,0.0,0,5,10,386
2024-05-12,Pulka,Staples,6,0,20,0,0.0,39.85,0,1,0.1,None,0,0.02,0.0,0,5,10,433
2024-05-13,Pulka,Staples,0,0,19,0,3.41,43.5,0,0,0.12,None,0,0.15,0.0,0,5,10,341
2024-05-14,Pulka,Staples,1,0,18,0,0.71,38.44,0,0,0.13,None,1,0.25,0.0,0,5,10,344
2024-05-15,Pulka,Staples,2,0,17,0,0.6,42.92,0,0,0.15,None,0,0.05,0.0,0,5,10,347
2024-05-16,Pulka,Staples,3,0,16,0,1.1,41.14,0,0,0.03,None,1,0.2,0.0,0,5,10,376
2024-05-17,Pulka,Staples,4,0,15,0,1.84,37.55,0,0,0.13,None,0,0.05,0.0,0,5,10,344
2024-05-18,Pulka,Staples,5,0,14,0,0.63,38.59,0,0,0.14,None,1,0.3,0.0,0,5,10,351
2024-05-19,Pulka,Staples,6,0,13,0,0.41,42.63,0,0,0.14,None,0,0.02,0.0,0,5,10,334
2024-05-20,Pulka,Staples,0,0,12,0,0.54,40.38,0,0,0.13,None,0,0.15,0.0,0,5,10,361
2024-05-21,Pulka,Staples,1,0,11,0,4.71,38.3,0,0,0.1,None,1,0.25,0.0,0,5,10,375
2024-05-22,Pulka,Staples,2,0,10,0,0.09,40.0,0,0,0.13,None,0,0.05,0.0,0,5,10,344
2024-05-23,Pulka,Staples,3,0,9,0,0.32,41.98,0,0,0.06,None,1,0.2,0.0,0,5,10,377
2024-05-24,Pulka,Staples,4,0,8,0,4.11,42.78,0,0,0.09,None,0,0.05,0.0,0,5,10,311
2024-05-25,Pulka,Staples,5,0,7,0,0.04,39.63,0,0,0.15,None,1,0.3,0.0,0,5,10,330
2024-05-26,Pulka,Staples,6,0,6,0,0.81,38.41,0,0,0.03,None,0,0.02,0.0,0,5,10,417
2024-05-27,Pulka,Staples,0,0,5,0,0.01,39.4,0,1,0.13,None,0,0.15,0.0,0,5,10,438
2024-05-28,Pulka,Staples,1,0,4,0,0.4,39.58,0,0,0.07,None,1,0.25,0.0,0,5,10,384
2024-05-29,Pulka,Staples,2,0,3,0,0.14,40.22,0,0,0.02,None,0,0.05,0.0,0,5,10,371
2024-05-30,Pulka,Staples,3,0,2,0,0.02,39.11,0,0,0.08,None,1,0.2,0.0,0,5,10,342
2024-05-31,Pulka,Staples,4,0,1,0,5.83,39.58,0,0,0.11,None,0,0.05,0.0,0,5,10,314
2024-06-01,Pulka,Staples,5,0,0,0,28.2,30.9,0,0,0.03,None,1,0.3,0.0,0,5,10,448
2024-06-02,Pulka,Staples,6,0,29,0,17.86,27.59,0,0,0.07,None,0,0.02,0.0,0,5,10,386
2024-06-03,Pulka,Staples,0,0,28,0,37.14,32.16,0,0,0.03,None,0,0.15,0.0,0,5,10,475
2024-06-04,Pulka,Staples,1,0,27,0,7.35,28.25,0,1,0.12,None,1,0.25,0.0,0,5,10,451
2024-06-05,Pulka,Staples,2,0,26,0,25.56,31.67,0,0,0.07,None,0,0.05,0.0,0,5,10,391
2024-06-06,Pulka,Staples,3,0,25,0,13.97,29.17,0,0,0.06,None,1,0.2,0.0,0,5,10,382
2024-06-07,Pulka,Staples,4,0,24,0,23.84,32.2,0,0,0.04,None,0,0.05,0.0,0,5,10,396
2024-06-08,Pulka,Staples,5,0,23,0,10.73,31.76,0,1,0.12,None,1,0.3,0.0,0,5,10,447
2024-06-09,Pulka,Staples,6,0,22,0,26.08,28.13,0,0,0.02,None,0,0.02,0.0,0,5,10,468
2024-06-10,Pulka,Staples,0,0,21,0,48.86,31.18,1,0,0.07,None,0,0.15,0.0,0,5,10,460
2024-06-11,Pulka,Staples,1,0,20,0,8.16,27.55,0,0,0.14,None,1,0.25,0.0,0,5,10,316
2024-06-12,Pulka,Staples,2,0,19,0,8.73,33.5,0,0,0.1,None,0,0.05,0.0,0,5,10,401
2024-06-13,Pulka,Staples,3,0,18,0,59.96,33.63,1,1,0.06,None,1,0.2,0.0,0,5,10,555
2024-06-14,Pulka,Staples,4,0,17,0,17.83,34.43,0,0,0.06,None,0,0.05,0.0,0,5,10,335
2024-06-15,Pulka,Staples,5,0,16,0,6.63,35.56,0,0,0.04,None,1,0.3,0.0,0,5,10,379
2024-06-16,Pulka,Staples,6,0,15,0,21.58,28.42,0,0,0.06,None,0,0.02,0.0,0,5,10,455
2024-06-17,Pulka,Staples,0,0,14,0,5.67,21.38,0,0,0.11,None,0,0.15,0.0,0,5,10,351
2024-06-18,Pulka,Staples,1,0,13,0,6.13,31.06,0,0,0.03,None,1,0.25,0.0,0,5,10,370
2024-06-19,Pulka,Staples,2,0,12,0,13.97,29.09,0,0,0.03,None,0,0.05,0.0,0,5,10,378
2024-06-20,Pulka,Staples,3,0,11,0,28.1,29.16,0,0,0.15,None,1,0.2,0.0,0,5,10,395
2024-06-21,Pulka,Staples,4,0,10,0,29.17,26.24,0,0,0.08,None,0,0.05,0.0,0,5,10,387
2024-06-22,Pulka,Staples,5,0,9,0,8.87,27.57,0,0,0.09,None,1,0.3,0.0,0,5,10,367
2024-06-23,Pulka,Staples,6,0,8,0,8.09,28.65,0,0,0.1,None,0,0.02,0.0,0,5,10,345
2024-06-24,Pulka,Staples,0,0,7,0,9.64,27.6,0,0,0.12,None,0,0.15,0.0,0,5,10,354
2024-06-25,Pulka,Staples,1,0,6,0,16.26,29.82,0,1,0.09,None,1,0.25,0.0,0,5,10,415
2024-06-26,Pulka,Staples,2,0,5,0,24.08,24.51,0,0,0.1,None,0,0.05,0.0,0,5,10,440
2024-06-27,Pulka,Staples,3,0,4,0,23.74,27.46,0,0,0.13,None,1,0.2,0.0,0,5,10,409
2024-06-28,Pulka,Staples,4,0,3,0,7.13,31.27,0,0,0.03,None,0,0.05,0.0,0,5,10,353
2024-06-29,Pulka,Staples,5,0,2,0,6.37,31.28,0,0,0.04,None,1,0.3,0.0,0,5,10,378
2024-06-30,Pulka,Staples,6,0,1,0,25.61,35.42,0,0,0.08,None,0,0.02,0.0,0,5,10,419
2024-07-01,Pulka,Staples,0,0,1,0,6.81,28.49,0,1,0.03,None,0,0.15,0.0,0,5,10,454
2024-07-02,Pulka,Staples,1,0,0,0,38.73,29.69,0,1,0.1,None,1,0.25,0.0,0,5,10,504
2024-07-03,Pulka,Staples,2,0,29,0,5.98,28.79,0,1,0.06,None,0,0.05,0.0,0,5,10,484
2024-07-04,Pulka,Staples,3,0,28,0,24.22,30.54,0,0,0.12,None,1,0.2,0.0,0,5,10,420
2024-07-05,Pulka,Staples,4,0,27,0,15.01,27.08,0,1,0.09,None,0,0.05,0.0,0,5,10,391
2024-07-06,Pulka,Staples,5,0,26,0,21.33,30.57,0,1,0.06,None,1,0.3,0.0,0,5,10,528
2024-07-07,Pulka,Staples,6,0,25,0,12.16,27.27,0,0,0.02,None,0,0.02,0.0,0,5,10,354
2024-07-08,Pulka,Staples,0,0,24,0,32.19,35.13,0,0,0.03,None,0,0.15,0.0,0,5,10,431
2024-07-09,Pulka,Staples,1,0,23,0,17.14,30.8,0,1,0.13,None,1,0.25,0.0,0,5,10,429
2024-07-10,Pulka,Staples,2,0,22,0,9.27,32.66,0,0,0.1,None,0,0.05,0.0,0,5,10,382
2024-07-11,Pulka,Staples,3,0,21,0,13.69,27.47,0,0,0.14,None,1,0.2,0.0,0,5,10,353
2024-07-12,Pulka,Staples,4,0,20,0,8.8,26.04,0,0,0.04,None,0,0.05,0.0,0,5,10,310
2024-07-13,Pulka,Staples,5,0,19,0,17.75,25.63,0,0,0.05,None,1,0.3,0.0,0,5,10,369
2024-07-14,Pulka,Staples,6,0,18,0,14.44,27.34,0,0,0.09,None,0,0.02,0.0,0,5,10,365
2024-07-15,Pulka,Staples,0,0,17,0,2.54,25.25,0,0,0.1,None,0,0.15,0.0,0,5,10,350
2024-07-16,Pulka,Staples,1,0,16,0,21.5,27.34,0,0,0.12,None,1,0.25,0.0,0,5,10,416
2024-07-17,Pulka,Staples,2,0,15,0,36.51,30.62,0,1,0.11,None,0,0.05,0.0,0,5,10,490
2024-07-18,Pulka,Staples,3,0,14,0,10.54,30.28,0,0,0.06,None,1,0.2,0.0,0,5,10,398
2024-07-19,Pulka,Staples,4,0,13,0,5.52,32.76,0,0,0.08,None,0,0.05,0.0,0,5,10,340
2024-07-20,Pulka,Staples,5,0,12,0,39.81,25.01,0,0,0.07,None,1,0.3,0.0,0,5,10,402
2024-07-21,Pulka,Staples,6,0,11,0,14.67,29.55,0,0,0.11,None,0,0.02,0.0,0,5,10,327
2024-07-22,Pulka,Staples,0,0,10,0,11.27,29.96,0,1,0.07,None,0,0.15,0.0,0,5,10,438
2024-07-23,Pulka,Staples,1,0,9,0,19.8,25.38,0,0,0.09,None,1,0.25,0.0,0,5,10,367
2024-07-24,Pulka,Staples,2,0,8,0,20.11,26.81,0,0,0.03,None,0,0.05,0.0,0,5,10,419
2024-07-25,Pulka,Staples,3,0,7,0,6.3,30.72,0,0,0.08,None,1,0.2,0.0,0,5,10,383
2024-07-26,Pulka,Staples,4,0,6,0,11.35,29.68,0,0,0.05,None,0,0.05,0.0,0,5,10,372
2024-07-27,Pulka,Staples,5,0,5,0,26.05,28.89,0,0,0.08,None,1,0.3,0.0,0,5,10,431
2024-07-28,Pulka,Staples,6,0,4,0,7.98,30.72,0,0,0.1,None,0,0.02,0.0,0,5,10,383
2024-07-29,Pulka,Staples,0,1,3,1,14.25,29.55,0,0,0.28,None,0,0.15,0.0,1,5,10,30
2024-07-30,Pulka,Staples,1,0,2,0,13.74,28.77,0,0,0.12,None,1,0.25,0.0,0,5,10,334
2024-07-31,Pulka,Staples,2,0,1,0,30.35,31.55,0,0,0.12,None,0,0.05,0.0,0,5,10,419
2024-08-01,Pulka,Staples,3,0,1,0,16.33,27.35,0,0,0.07,None,1,0.2,0.0,0,5,10,360
2024-08-02,Pulka,Staples,4,0,0,0,2.22,30.64,0,0,0.12,None,0,0.05,0.0,0,5,10,316
2024-08-03,Pulka,Staples,5,0,29,0,8.58,27.18,0,1,0.07,None,1,0.3,0.0,0,5,10,459
2024-08-04,Pulka,Staples,6,0,28,0,16.97,27.44,0,1,0.09,None,0,0.02,0.0,0,5,10,487
2024-08-05,Pulka,Staples,0,0,27,0,29.41,27.08,0,1,0.09,Shravan,0,0.4,0.02,0,5,10,492
2024-08-06,Pulka,Staples,1,0,26,0,16.31,28.12,0,0,0.11,Shravan,1,0.4,0.02,0,5,10,333
2024-08-07,Pulka,Staples,2,0,25,0,8.51,33.08,0,1,0.08,Shravan,0,0.4,0.02,0,5,10,429
2024-08-08,Pulka,Staples,3,0,24,0,42.61,32.78,1,0,0.11,Shravan,1,0.4,0.02,0,5,10,401
2024-08-09,Pulka,Staples,4,0,23,0,25.95,33.61,0,0,0.14,Shravan,0,0.4,0.02,0,5,10,347
2024-08-10,Pulka,Staples,5,0,22,0,10.93,29.56,0,0,0.13,Shravan,1,0.4,0.02,0,5,10,350
2024-08-11,Pulka,Staples,6,0,21,0,21.84,27.77,0,0,0.12,Shravan,0,0.4,0.02,0,5,10,419
2024-08-12,Pulka,Staples,0,0,20,0,12.77,31.81,0,0,0.03,Shravan,0,0.4,0.02,0,5,10,380
2024-08-13,Pulka,Staples,1,0,19,0,0.54,29.77,0,0,0.15,Shravan,1,0.4,0.02,0,5,10,368
2024-08-14,Pulka,Staples,2,0,18,0,8.96,29.29,0,0,0.02,Shravan,0,0.4,0.02,0,5,10,402
2024-08-15,Pulka,Staples,3,0,17,0,18.89,30.15,0,0,0.14,Shravan,1,0.4,0.02,0,5,10,349
2024-08-16,Pulka,Staples,4,0,16,0,15.37,25.07,0,0,0.03,Shravan,0,0.4,0.02,0,5,10,343
2024-08-17,Pulka,Staples,5,0,15,0,12.28,29.05,0,0,0.1,Shravan,1,0.4,0.02,0,5,10,348
2024-08-18,Pulka,Staples,6,0,14,0,30.2,29.21,0,1,0.11,Shravan,0,0.4,0.02,0,5,10,454
2024-08-19,Pulka,Staples,0,0,13,0,58.82,30.02,1,0,0.12,Shravan,0,0.4,0.02,0,5,10,357
2024-08-20,Pulka,Staples,1,0,12,0,5.28,31.34,0,0,0.14,Shravan,1,0.4,0.02,0,5,10,336
2024-08-21,Pulka,Staples,2,0,11,0,3.29,30.49,0,0,0.12,Shravan,0,0.4,0.02,0,5,10,344
2024-08-22,Pulka,Staples,3,0,10,0,27.79,26.12,0,0,0.09,Shravan,1,0.4,0.02,0,5,10,440
2024-08-23,Pulka,Staples,4,0,9,0,5.17,31.81,0,1,0.11,Shravan,0,0.4,0.02,0,5,10,358
2024-08-24,Pulka,Staples,5,0,8,0,12.46,28.06,0,1,0.15,Shravan,1,0.4,0.02,0,5,10,368
2024-08-25,Pulka,Staples,6,0,7,0,25.46,31.22,0,0,0.11,Shravan,0,0.4,0.02,0,5,10,388
2024-08-26,Pulka,Staples,0,0,6,0,11.94,32.06,0,0,0.08,Shravan,0,0.4,0.02,0,5,10,409
2024-08-27,Pulka,Staples,1,0,5,0,13.19,34.23,0,0,0.08,Shravan,1,0.4,0.02,0,5,10,366
2024-08-28,Pulka,Staples,2,0,4,0,6.62,30.03,0,0,0.13,Shravan,0,0.4,0.02,0,5,10,334
2024-08-29,Pulka,Staples,3,0,3,0,2.64,30.96,0,0,0.04,Shravan,1,0.4,0.02,0,5,10,329
2024-08-30,Pulka,Staples,4,0,2,0,27.07,26.55,0,1,0.07,Shravan,0,0.4,0.02,0,5,10,423
2024-08-31,Pulka,Staples,5,0,1,0,28.96,29.25,0,1,0.12,Shravan,1,0.4,0.02,0,5,10,436
2024-09-01,Pulka,Staples,6,0,0,0,22.12,31.71,0,0,0.05,Shravan,0,0.4,0.02,0,5,10,392
2024-09-02,Pulka,Staples,0,0,29,0,57.99,39.33,1,1,0.13,Shravan,0,0.4,0.02,0,5,10,495
2024-09-03,Pulka,Staples,1,0,28,0,31.67,28.39,0,0,0.06,Shravan,1,0.4,0.02,0,5,10,444
2024-09-04,Pulka,Staples,2,0,27,0,17.83,31.36,0,0,0.07,None,0,0.05,0.0,0,5,10,370
2024-09-05,Pulka,Staples,3,0,26,0,24.0,30.15,0,0,0.11,None,1,0.2,0.0,0,5,10,413
2024-09-06,Pulka,Staples,4,0,25,0,11.22,27.41,0,1,0.11,None,0,0.05,0.0,0,5,10,400
2024-09-07,Pulka,Staples,5,0,24,0,12.34,30.43,0,0,0.06,None,1,0.3,0.0,0,5,10,347
2024-09-08,Pulka,Staples,6,0,23,0,14.79,35.44,0,0,0.03,None,0,0.02,0.0,0,5,10,399
2024-09-09,Pulka,Staples,0,0,22,0,12.44,26.02,0,0,0.06,None,0,0.15,0.0,0,5,10,346
2024-09-10,Pulka,Staples,1,0,21,0,9.94,26.68,0,0,0.05,None,1,0.25,0.0,0,5,10,348
2024-09-11,Pulka,Staples,2,1,20,0,4.97,29.75,0,0,0.1,None,0,0.05,0.0,1,5,10,38
2024-09-12,Pulka,Staples,3,0,19,0,5.97,27.25,0,1,0.14,None,1,0.2,0.0,0,5,10,417
2024-09-13,Pulka,Staples,4,0,18,0,13.88,29.87,0,0,0.08,None,0,0.05,0.0,0,5,10,339
2024-09-14,Pulka,Staples,5,0,17,0,16.36,29.48,0,0,0.14,None,1,0.3,0.0,0,5,10,336
2024-09-15,Pulka,Staples,6,0,16,0,15.57,32.42,0,0,0.05,None,0,0.02,0.0,0,5,10,388
2024-09-16,Pulka,Staples,0,0,15,0,15.81,27.85,0,0,0.11,None,0,0.15,0.0,0,5,10,365
2024-09-17,Pulka,Staples,1,0,14,0,27.1,29.44,0,1,0.1,None,1,0.25,0.0,0,5,10,456
2024-09-18,Pulka,Staples,2,0,13,0,13.42,36.42,0,0,0.11,None,0,0.05,0.0,0,5,10,326
2024-09-19,Pulka,Staples,3,0,12,0,10.53,32.58,0,0,0.06,None,1,0.2,0.0,0,5,10,376
2024-09-20,Pulka,Staples,4,0,11,0,11.08,34.33,0,0,0.04,None,0,0.05,0.0,0,5,10,327
2024-09-21,Pulka,Staples,5,0,10,0,12.74,28.16,0,0,0.09,None,1,0.3,0.0,0,5,10,374
2024-09-22,Pulka,Staples,6,0,9,0,33.31,26.56,0,0,0.14,None,0,0.02,0.0,0,5,10,415
2024-09-23,Pulka,Staples,0,0,8,0,31.62,31.45,0,0,0.08,None,0,0.15,0.0,0,5,10,432
2024-09-24,Pulka,Staples,1,0,7,0,28.23,30.34,0,0,0.03,None,1,0.25,0.0,0,5,10,439
2024-09-25,Pulka,Staples,2,0,6,0,13.22,25.75,0,0,0.07,None,0,0.05,0.0,0,5,10,357
2024-09-26,Pulka,Staples,3,0,5,0,3.43,24.36,0,0,0.11,None,1,0.2,0.0,0,5,10,332
2024-09-27,Pulka,Staples,4,0,4,0,6.7,30.26,0,0,0.06,None,0,0.05,0.0,0,5,10,323
2024-09-28,Pulka,Staples,5,0,3,0,17.17,25.65,0,0,0.12,None,1,0.3,0.0,0,5,10,337
2024-09-29,Pulka,Staples,6,0,2,0,30.0,33.73,0,1,0.13,None,0,0.02,0.0,0,5,10,430
2024-09-30,Pulka,Staples,0,0,1,0,8.32,29.81,0,1,0.14,None,0,0.15,0.0,0,5,10,433
2024-10-01,Pulka,Staples,1,0,1,0,1.41,22.76,0,1,0.08,None,1,0.25,0.0,0,5,10,428
2024-10-02,Pulka,Staples,2,0,0,0,1.38,32.05,0,0,0.11,None,0,0.05,0.0,0,5,10,351
2024-10-03,Pulka,Staples,3,0,29,0,4.36,30.59,0,0,0.12,Navratri,1,0.45,0.05,0,5,10,313
2024-10-04,Pulka,Staples,4,0,28,0,0.56,31.1,0,0,0.14,Navratri,0,0.45,0.05,0,5,10,298
2024-10-05,Pulka,Staples,5,0,27,0,6.6,32.46,0,0,0.08,Navratri,1,0.45,0.05,0,5,10,331
2024-10-06,Pulka,Staples,6,0,26,0,0.73,28.4,0,0,0.04,Navratri,0,0.45,0.05,0,5,10,367
2024-10-07,Pulka,Staples,0,0,25,0,4.77,28.71,0,0,0.14,Navratri,0,0.45,0.05,0,5,10,302
2024-10-08,Pulka,Staples,1,0,24,0,0.74,18.9,0,0,0.13,Navratri,1,0.45,0.05,0,5,10,343
2024-10-09,Pulka,Staples,2,0,23,0,0.09,30.74,0,0,0.02,Navratri,0,0.45,0.05,0,5,10,379
2024-10-10,Pulka,Staples,3,0,22,0,6.57,29.66,0,0,0.14,Navratri,1,0.45,0.05,0,5,10,338
2024-10-11,Pulka,Staples,4,0,21,0,20.42,29.65,0,1,0.13,Navratri,0,0.45,0.05,0,5,10,407
2024-10-12,Pulka,Staples,5,0,20,0,1.13,22.61,0,0,0.05,Navratri,1,0.45,0.05,0,5,10,372
2024-10-13,Pulka,Staples,6,0,19,0,2.61,26.32,0,1,0.12,None,0,0.02,0.0,0,5,10,412
2024-10-14,Pulka,Staples,0,0,18,0,1.26,25.64,0,0,0.05,None,0,0.15,0.0,0,5,10,391
2024-10-15,Pulka,Staples,1,0,17,0,3.4,22.39,0,0,0.14,None,1,0.25,0.0,0,5,10,321
2024-10-16,Pulka,Staples,2,0,16,0,0.97,26.62,0,0,0.04,None,0,0.05,0.0,0,5,10,375
2024-10-17,Pulka,Staples,3,0,15,0,0.06,27.09,0,0,0.13,None,1,0.2,0.0,0,5,10,331
2024-10-18,Pulka,Staples,4,0,14,0,0.97,23.75,0,1,0.1,None,0,0.05,0.0,0,5,10,412
2024-10-19,Pulka,Staples,5,0,13,0,6.39,26.33,0,0,0.13,None,1,0.3,0.0,0,5,10,344
2024-10-20,Pulka,Staples,6,0,12,0,17.68,26.15,0,0,0.13,None,0,0.02,0.0,0,5,10,344
2024-10-21,Pulka,Staples,0,0,11,0,0.27,22.33,0,0,0.05,None,0,0.15,0.0,0,5,10,347
2024-10-22,Pulka,Staples,1,0,10,0,1.18,20.94,0,0,0.05,None,1,0.25,0.0,0,5,10,404
2024-10-23,Pulka,Staples,2,0,9,0,6.0,26.33,0,0,0.03,None,0,0.05,0.0,0,5,10,384
2024-10-24,Pulka,Staples,3,0,8,0,0.47,20.75,0,0,0.06,None,1,0.2,0.0,0,5,10,377
2024-10-25,Pulka,Staples,4,0,7,0,0.18,20.26,0,0,0.09,None,0,0.05,0.0,0,5,10,344
2024-10-26,Pulka,Staples,5,0,6,0,5.5,28.22,0,1,0.14,None,1,0.3,0.0,0,5,10,404
2024-10-27,Pulka,Staples,6,0,5,0,1.35,19.12,0,1,0.07,None,0,0.02,0.0,0,5,10,401
2024-10-28,Pulka,Staples,0,0,4,0,2.02,19.98,0,0,0.05,None,0,0.15,0.0,0,5,10,396
2024-10-29,Pulka,Staples,1,0,3,0,0.74,26.16,0,0,0.13,None,1,0.25,0.0,0,5,10,345
2024-10-30,Pulka,Staples,2,0,2,0,1.41,22.87,0,0,0.09,None,0,0.05,0.0,0,5,10,370
2024-10-31,Pulka,Staples,3,0,1,0,0.74,23.56,0,0,0.02,None,1,0.2,0.0,0,5,10,397
2024-11-01,Pulka,Staples,4,0,0,0,1.84,27.76,0,0,0.03,None,0,0.05,0.0,0,5,10,347
2024-11-02,Pulka,Staples,5,0,29,0,1.89,31.36,0,0,0.08,None,1,0.3,0.0,0,5,10,402
2024-11-03,Pulka,Staples,6,0,28,0,0.09,22.6,0,0,0.1,None,0,0.02,0.0,0,5,10,360
2024-11-04,Pulka,Staples,0,0,27,0,2.4,29.8,0,0,0.02,None,0,0.15,0.0,0,5,10,360
2024-11-05,Pulka,Staples,1,0,26,0,0.57,29.88,0,0,0.12,None,1,0.25,0.0,0,5,10,358
2024-11-06,Pulka,Staples,2,0,25,0,7.94,20.53,0,0,0.03,None,0,0.05,0.0,0,5,10,391
2024-11-07,Pulka,Staples,3,0,24,0,2.84,25.78,0,0,0.06,None,1,0.2,0.0,0,5,10,385
2024-11-08,Pulka,Staples,4,1,23,1,0.03,28.97,0,0,0.3,None,0,0.05,0.0,1,5,10,23
2024-11-09,Pulka,Staples,5,0,22,0,1.26,21.8,0,1,0.14,None,1,0.3,0.0,0,5,10,388
2024-11-10,Pulka,Staples,6,0,21,0,0.85,26.94,0,0,0.11,None,0,0.02,0.0,0,5,10,372
2024-11-11,Pulka,Staples,0,0,20,0,0.02,27.8,0,0,0.11,None,0,0.15,0.0,0,5,10,329
2024-11-12,Pulka,Staples,1,0,19,0,0.61,28.7,0,0,0.08,None,1,0.25,0.0,0,5,10,401
2024-11-13,Pulka,Staples,2,0,18,0,2.72,20.16,0,0,0.09,None,0,0.05,0.0,0,5,10,358
2024-11-14,Pulka,Staples,3,0,17,0,5.16,32.64,0,1,0.07,None,1,0.2,0.0,0,5,10,455
2024-11-15,Pulka,Staples,4,0,16,0,0.38,21.35,0,1,0.05,None,0,0.05,0.0,0,5,10,397
2024-11-16,Pulka,Staples,5,0,15,0,0.57,18.02,0,1,0.13,None,1,0.3,0.0,0,5,10,417
2024-11-17,Pulka,Staples,6,0,14,0,3.53,18.92,0,0,0.05,None,0,0.02,0.0,0,5,10,343
2024-11-18,Pulka,Staples,0,0,13,0,1.3,29.61,0,0,0.05,None,0,0.15,0.0,0,5,10,379
2024-11-19,Pulka,Staples,1,0,12,0,1.44,26.94,0,0,0.08,None,1,0.25,0.0,0,5,10,375
2024-11-20,Pulka,Staples,2,0,11,0,1.94,32.83,0,0,0.04,None,0,0.05,0.0,0,5,10,384
2024-11-21,Pulka,Staples,3,0,10,0,2.85,22.17,0,1,0.11,None,1,0.2,0.0,0,5,10,415
2024-11-22,Pulka,Staples,4,0,9,0,5.06,18.75,0,0,0.03,None,0,0.05,0.0,0,5,10,329
2024-11-23,Pulka,Staples,5,0,8,0,1.51,30.15,0,0,0.04,None,1,0.3,0.0,0,5,10,378
2024-11-24,Pulka,Staples,6,0,7,0,9.52,18.69,0,0,0.14,None,0,0.02,0.0,0,5,10,370
2024-11-25,Pulka,Staples,0,0,6,0,3.94,26.4,0,1,0.04,None,0,0.15,0.0,0,5,10,490
2024-11-26,Pulka,Staples,1,0,5,0,5.58,24.15,0,0,0.09,None,1,0.25,0.0,0,5,10,333
2024-11-27,Pulka,Staples,2,0,4,0,0.02,31.03,0,0,0.11,None,0,0.05,0.0,0,5,10,381
2024-11-28,Pulka,Staples,3,0,3,0,3.49,26.77,0,0,0.06,None,1,0.2,0.0,0,5,10,333
2024-11-29,Pulka,Staples,4,0,2,0,4.25,23.65,0,1,0.03,None,0,0.05,0.0,0,5,10,413
2024-11-30,Pulka,Staples,5,0,1,0,0.07,23.51,0,1,0.14,None,1,0.3,0.0,0,5,10,400
2024-12-01,Pulka,Staples,6,0,1,0,0.09,24.27,0,0,0.06,None,0,0.02,0.0,0,5,10,377
2024-12-02,Pulka,Staples,0,0,0,0,0.97,20.92,0,1,0.07,None,0,0.15,0.0,0,5,10,432
2024-12-03,Pulka,Staples,1,0,29,0,0.76,27.54,0,1,0.03,None,1,0.25,0.0,0,5,10,418
2024-12-04,Pulka,Staples,2,0,28,0,2.03,21.9,0,0,0.06,None,0,0.05,0.0,0,5,10,330
2024-12-05,Pulka,Staples,3,0,27,0,0.48,27.86,0,0,0.07,None,1,0.2,0.0,0,5,10,357
2024-12-06,Pulka,Staples,4,0,26,0,3.08,27.09,0,1,0.06,None,0,0.05,0.0,0,5,10,397
2024-12-07,Pulka,Staples,5,0,25,0,3.35,20.42,0,1,0.07,None,1,0.3,0.0,0,5,10,430
2024-12-08,Pulka,Staples,6,1,24,0,0.51,24.17,0,1,0.15,None,0,0.02,0.0,1,5,10,43
2024-12-09,Pulka,Staples,0,0,23,0,1.59,17.7,0,0,0.06,None,0,0.15,0.0,0,5,10,378
2024-12-10,Pulka,Staples,1,0,22,0,5.12,26.18,0,0,0.14,None,1,0.25,0.0,0,5,10,333
2024-12-11,Pulka,Staples,2,0,21,0,0.4,23.19,0,0,0.1,None,0,0.05,0.0,0,5,10,390
2024-12-12,Pulka,Staples,3,0,20,0,4.39,27.92,0,0,0.1,None,1,0.2,0.0,0,5,10,344
2024-12-13,Pulka,Staples,4,0,19,0,3.97,26.3,0,0,0.08,None,0,0.05,0.0,0,5,10,339
2024-12-14,Pulka,Staples,5,0,18,0,0.9,25.3,0,0,0.09,None,1,0.3,0.0,0,5,10,353
2024-12-15,Pulka,Staples,6,0,17,0,6.63,31.49,0,0,0.03,None,0,0.02,0.0,0,5,10,392
2024-12-16,Pulka,Staples,0,0,16,0,0.46,21.01,0,0,0.11,None,0,0.15,0.0,0,5,10,357
2024-12-17,Pulka,Staples,1,0,15,0,1.05,27.61,0,0,0.1,None,1,0.25,0.0,0,5,10,382
2024-12-18,Pulka,Staples,2,0,14,0,0.3,27.83,0,1,0.14,None,0,0.05,0.0,0,5,10,419
2024-12-19,Pulka,Staples,3,0,13,0,3.74,26.11,0,0,0.05,None,1,0.2,0.0,0,5,10,373
2024-12-20,Pulka,Staples,4,0,12,0,2.39,30.67,0,0,0.05,None,0,0.05,0.0,0,5,10,336
2024-12-21,Pulka,Staples,5,0,11,0,6.21,26.1,0,1,0.1,None,1,0.3,0.0,0,5,10,456
2024-12-22,Pulka,Staples,6,0,10,0,0.43,29.57,0,0,0.04,None,0,0.02,0.0,0,5,10,398
2024-12-23,Pulka,Staples,0,0,9,0,2.9,29.33,0,0,0.02,None,0,0.15,0.0,0,5,10,356
2024-12-24,Pulka,Staples,1,1,8,0,0.34,24.04,0,0,0.1,None,1,0.25,0.0,1,5,10,36
2024-12-25,Pulka,Staples,2,0,7,0,3.05,32.88,0,0,0.06,None,0,0.05,0.0,0,5,10,391
2024-12-26,Pulka,Staples,3,0,6,0,1.36,22.92,0,0,0.11,None,1,0.2,0.0,0,5,10,319
2024-12-27,Pulka,Staples,4,0,5,0,3.63,24.38,0,0,0.11,None,0,0.05,0.0,0,5,10,311
2024-12-28,Pulka,Staples,5,0,4,0,0.87,25.87,0,1,0.07,None,1,0.3,0.0,0,5,10,442
2024-12-29,Pulka,Staples,6,0,3,0,18.29,16.74,0,0,0.03,None,0,0.02,0.0,0,5,10,381
2024-12-30,Pulka,Staples,0,0,2,0,3.13,25.69,0,1,0.04,None,0,0.15,0.0,0,5,10,517
2024-12-31,Pulka,Staples,1,0,1,0,0.41,20.53,0,0,0.05,None,1,0.25,0.0,0,5,10,382
2025-01-01,Pulka,Staples,2,0,1,0,1.27,26.02,0,1,0.09,None,0,0.05,0.0,0,5,10,419
2025-01-02,Pulka,Staples,3,0,0,0,1.7,23.24,0,0,0.03,None,1,0.2,0.0,0,5,10,393
2025-01-03,Pulka,Staples,4,0,29,0,5.29,22.17,0,1,0.04,None,0,0.05,0.0,0,5,10,428
2025-01-04,Pulka,Staples,5,0,28,0,2.61,23.03,0,1,0.11,None,1,0.3,0.0,0,5,10,426
2025-01-05,Pulka,Staples,6,0,27,0,1.44,20.72,0,0,0.1,None,0,0.02,0.0,0,5,10,375
2025-01-06,Pulka,Staples,0,0,26,0,4.83,29.83,0,0,0.13,None,0,0.15,0.0,0,5,10,359
2025-01-07,Pulka,Staples,1,0,25,0,0.75,27.31,0,0,0.09,None,1,0.25,0.0,0,5,10,372
2025-01-08,Pulka,Staples,2,0,24,0,0.25,20.13,0,0,0.05,None,0,0.05,0.0,0,5,10,371
2025-01-09,Pulka,Staples,3,0,23,0,1.45,24.21,0,0,0.03,None,1,0.2,0.0,0,5,10,391
2025-01-10,Pulka,Staples,4,0,22,0,9.64,25.71,0,0,0.03,None,0,0.05,0.0,0,5,10,358
2025-01-11,Pulka,Staples,5,0,21,0,0.56,18.45,0,0,0.15,None,1,0.3,0.0,0,5,10,345
2025-01-12,Pulka,Staples,6,0,20,0,0.24,20.55,0,0,0.07,None,0,0.02,0.0,0,5,10,372
2025-01-13,Pulka,Staples,0,0,19,0,0.81,27.48,0,0,0.08,None,0,0.15,0.0,0,5,10,350
2025-01-14,Pulka,Staples,1,0,18,0,0.76,18.89,0,1,0.04,None,1,0.25,0.0,0,5,10,445
2025-01-15,Pulka,Staples,2,0,17,0,5.36,31.4,0,1,0.13,None,0,0.05,0.0,0,5,10,408
2025-01-16,Pulka,Staples,3,0,16,0,16.99,29.42,0,0,0.11,None,1,0.2,0.0,0,5,10,351
2025-01-17,Pulka,Staples,4,0,15,0,1.63,29.57,0,0,0.04,None,0,0.05,0.0,0,5,10,389
2025-01-18,Pulka,Staples,5,0,14,0,0.08,26.35,0,0,0.12,None,1,0.3,0.0,0,5,10,359
2025-01-19,Pulka,Staples,6,0,13,0,2.01,28.31,0,0,0.05,None,0,0.02,0.0,0,5,10,350
2025-01-20,Pulka,Staples,0,0,12,0,3.98,24.09,0,0,0.1,None,0,0.15,0.0,0,5,10,360
2025-01-21,Pulka,Staples,1,0,11,0,0.66,14.96,0,0,0.13,None,1,0.25,0.0,0,5,10,350
2025-01-22,Pulka,Staples,2,0,10,0,4.16,25.58,0,0,0.05,None,0,0.05,0.0,0,5,10,366
2025-01-23,Pulka,Staples,3,0,9,0,1.67,22.1,0,0,0.04,None,1,0.2,0.0,0,5,10,354
2025-01-24,Pulka,Staples,4,0,8,0,0.04,18.75,0,0,0.11,None,0,0.05,0.0,0,5,10,337
2025-01-25,Pulka,Staples,5,0,7,0,8.05,27.6,0,0,0.05,None,1,0.3,0.0,0,5,10,374
2025-01-26,Pulka,Staples,6,0,6,0,2.08,20.47,0,0,0.12,None,0,0.02,0.0,0,5,10,338
2025-01-27,Pulka,Staples,0,0,5,0,4.57,28.04,0,1,0.07,None,0,0.15,0.0,0,5,10,454
2025-01-28,Pulka,Staples,1,0,4,0,2.11,22.25,0,0,0.12,None,1,0.25,0.0,0,5,10,344
2025-01-29,Pulka,Staples,2,0,3,0,7.2,22.45,0,0,0.12,None,0,0.05,0.0,0,5,10,332
2025-01-30,Pulka,Staples,3,0,2,0,4.96,23.18,0,1,0.06,None,1,0.2,0.0,0,5,10,461
2025-01-31,Pulka,Staples,4,0,1,0,1.21,33.88,0,0,0.04,None,0,0.05,0.0,0,5,10,364
2025-02-01,Pulka,Staples,5,0,28,0,4.18,26.36,0,1,0.14,None,1,0.3,0.0,0,5,10,402
2025-02-02,Pulka,Staples,6,0,27,0,6.19,29.6,0,0,0.03,None,0,0.02,0.0,0,5,10,424
2025-02-03,Pulka,Staples,0,0,26,0,0.63,23.66,0,0,0.09,None,0,0.15,0.0,0,5,10,407
2025-02-04,Pulka,Staples,1,0,25,0,3.34,26.26,0,0,0.07,None,1,0.25,0.0,0,5,10,384
2025-02-05,Pulka,Staples,2,0,24,0,0.15,25.29,0,0,0.06,None,0,0.05,0.0,0,5,10,396
2025-02-06,Pulka,Staples,3,0,23,0,2.36,24.76,0,0,0.06,None,1,0.2,0.0,0,5,10,323
2025-02-07,Pulka,Staples,4,0,22,0,0.45,29.19,0,1,0.05,None,0,0.05,0.0,0,5,10,397
2025-02-08,Pulka,Staples,5,0,21,0,4.61,27.04,0,0,0.07,None,1,0.3,0.0,0,5,10,339
2025-02-09,Pulka,Staples,6,0,20,0,2.72,24.99,0,1,0.06,None,0,0.02,0.0,0,5,10,417
2025-02-10,Pulka,Staples,0,0,19,0,0.38,25.6,0,1,0.08,None,0,0.15,0.0,0,5,10,444
2025-02-11,Pulka,Staples,1,0,18,0,3.81,24.57,0,1,0.06,None,1,0.25,0.0,0,5,10,491
2025-02-12,Pulka,Staples,2,0,17,0,0.03,25.11,0,0,0.08,None,0,0.05,0.0,0,5,10,373
2025-02-13,Pulka,Staples,3,0,16,0,0.02,22.75,0,0,0.05,None,1,0.2,0.0,0,5,10,399
2025-02-14,Pulka,Staples,4,0,15,0,0.21,25.94,0,0,0.07,None,0,0.05,0.0,0,5,10,348
2025-02-15,Pulka,Staples,5,0,14,0,0.34,28.66,0,1,0.03,None,1,0.3,0.0,0,5,10,441
2025-02-16,Pulka,Staples,6,0,13,0,0.4,26.15,0,0,0.14,None,0,0.02,0.0,0,5,10,336
2025-02-17,Pulka,Staples,0,0,12,0,0.04,25.88,0,0,0.12,None,0,0.15,0.0,0,5,10,336
2025-02-18,Pulka,Staples,1,0,11,0,3.53,16.07,0,0,0.06,None,1,0.25,0.0,0,5,10,376
2025-02-19,Pulka,Staples,2,0,10,0,2.38,24.12,0,0,0.03,None,0,0.05,0.0,0,5,10,387
2025-02-20,Pulka,Staples,3,0,9,0,4.33,30.26,0,0,0.1,None,1,0.2,0.0,0,5,10,352
2025-02-21,Pulka,Staples,4,0,8,0,0.21,28.45,0,0,0.06,None,0,0.05,0.0,0,5,10,360
2025-02-22,Pulka,Staples,5,0,7,0,1.44,23.89,0,0,0.06,None,1,0.3,0.0,0,5,10,398
2025-02-23,Pulka,Staples,6,0,6,0,0.68,30.64,0,0,0.03,None,0,0.02,0.0,0,5,10,379
2025-02-24,Pulka,Staples,0,0,5,0,2.82,22.58,0,0,0.04,None,0,0.15,0.0,0,5,10,374
2025-02-25,Pulka,Staples,1,0,4,0,7.81,27.65,0,0,0.13,None,1,0.25,0.0,0,5,10,372
2025-02-26,Pulka,Staples,2,0,3,0,1.19,23.28,0,0,0.12,None,0,0.05,0.0,0,5,10,350
2025-02-27,Pulka,Staples,3,0,2,0,4.09,18.32,0,1,0.08,None,1,0.2,0.0,0,5,10,441
2025-02-28,Pulka,Staples,4,0,1,0,7.21,31.05,0,1,0.06,Ramadan,0,0.05,0.15,0,5,10,363
2025-03-01,Pulka,Staples,5,0,1,0,2.93,22.78,0,0,0.12,Ramadan,1,0.3,0.15,0,5,10,313
2025-03-02,Pulka,Staples,6,0,0,0,1.32,32.76,0,0,0.04,Ramadan,0,0.02,0.15,0,5,10,351
2025-03-03,Pulka,Staples,0,0,29,0,10.26,31.66,0,0,0.14,Ramadan,0,0.15,0.15,0,5,10,253
2025-03-04,Pulka,Staples,1,0,28,0,0.4,28.39,0,0,0.02,Ramadan,1,0.25,0.15,0,5,10,313
2025-03-05,Pulka,Staples,2,0,27,0,3.91,31.07,0,0,0.15,Ramadan,0,0.05,0.15,0,5,10,263
2025-03-06,Pulka,Staples,3,0,26,0,0.38,29.03,0,0,0.07,Ramadan,1,0.2,0.15,0,5,10,334
2025-03-07,Pulka,Staples,4,0,25,0,4.5,23.52,0,1,0.04,Ramadan,0,0.05,0.15,0,5,10,346
2025-03-08,Pulka,Staples,5,0,24,0,0.66,27.52,0,1,0.11,Ramadan,1,0.3,0.15,0,5,10,375
2025-03-09,Pulka,Staples,6,0,23,0,0.9,23.53,0,0,0.09,Ramadan,0,0.02,0.15,0,5,10,290
2025-03-10,Pulka,Staples,0,1,22,1,3.9,25.31,0,0,0.18,Ramadan,0,0.15,0.15,1,5,10,29
2025-03-11,Pulka,Staples,1,0,21,0,1.22,19.35,0,1,0.04,Ramadan,1,0.25,0.15,0,5,10,387
2025-03-12,Pulka,Staples,2,0,20,0,2.45,32.73,0,0,0.14,Ramadan,0,0.05,0.15,0,5,10,303
2025-03-13,Pulka,Staples,3,0,19,0,7.6,22.82,0,0,0.09,Ramadan,1,0.2,0.15,0,5,10,335
2025-03-14,Pulka,Staples,4,0,18,0,1.98,21.96,0,0,0.13,Ramadan,0,0.05,0.15,0,5,10,257
2025-03-15,Pulka,Staples,5,0,17,0,2.58,25.12,0,0,0.02,Ramadan,1,0.3,0.15,0,5,10,328
2025-03-16,Pulka,Staples,6,0,16,0,2.54,22.79,0,0,0.06,Ramadan,0,0.02,0.15,0,5,10,306
2025-03-17,Pulka,Staples,0,0,15,0,1.01,29.06,0,0,0.08,Ramadan,0,0.15,0.15,0,5,10,311
2025-03-18,Pulka,Staples,1,0,14,0,2.37,24.88,0,0,0.06,Ramadan,1,0.25,0.15,0,5,10,336
2025-03-19,Pulka,Staples,2,0,13,0,9.95,30.48,0,0,0.11,Ramadan,0,0.05,0.15,0,5,10,304
2025-03-20,Pulka,Staples,3,0,12,0,1.56,26.32,0,1,0.1,Ramadan,1,0.2,0.15,0,5,10,359
2025-03-21,Pulka,Staples,4,0,11,0,0.61,29.51,0,0,0.08,Ramadan,0,0.05,0.15,0,5,10,262
2025-03-22,Pulka,Staples,5,0,10,0,0.48,23.84,0,0,0.08,Ramadan,1,0.3,0.15,0,5,10,308
2025-03-23,Pulka,Staples,6,0,9,0,6.49,25.32,0,1,0.07,Ramadan,0,0.02,0.15,0,5,10,375
2025-03-24,Pulka,Staples,0,0,8,0,8.35,21.35,0,0,0.12,Ramadan,0,0.15,0.15,0,5,10,309
2025-03-25,Pulka,Staples,1,0,7,0,1.09,29.85,0,0,0.13,Ramadan,1,0.25,0.15,0,5,10,284
2025-03-26,Pulka,Staples,2,0,6,0,1.76,30.67,0,0,0.05,Ramadan,0,0.05,0.15,0,5,10,317
2025-03-27,Pulka,Staples,3,0,5,0,2.63,18.27,0,1,0.04,Ramadan,1,0.2,0.15,0,5,10,411
2025-03-28,Pulka,Staples,4,0,4,0,2.11,23.87,0,0,0.15,Ramadan,0,0.05,0.15,0,5,10,261
2025-03-29,Pulka,Staples,5,0,3,0,4.8,26.93,0,1,0.08,Ramadan,1,0.3,0.15,0,5,10,365
2025-03-30,Pulka,Staples,6,0,2,0,0.68,30.28,0,1,0.09,Ramadan,0,0.02,0.15,0,5,10,372
2025-03-31,Pulka,Staples,0,0,1,0,1.06,22.58,0,0,0.08,None,0,0.15,0.0,0,5,10,358
2025-04-01,Pulka,Staples,1,0,0,0,0.42,39.88,0,1,0.03,None,1,0.25,0.0,0,5,10,455
2025-04-02,Pulka,Staples,2,0,29,0,0.0,39.8,0,0,0.08,None,0,0.05,0.0,0,5,10,366
2025-04-03,Pulka,Staples,3,0,28,0,3.1,42.19,0,1,0.15,None,1,0.2,0.0,0,5,10,348
2025-04-04,Pulka,Staples,4,0,27,0,0.16,37.82,0,1,0.03,None,0,0.05,0.0,0,5,10,423
2025-04-05,Pulka,Staples,5,0,26,0,0.13,39.49,0,1,0.14,None,1,0.3,0.0,0,5,10,427
2025-04-06,Pulka,Staples,6,0,25,0,0.13,42.18,0,1,0.06,None,0,0.02,0.0,0,5,10,497
2025-04-07,Pulka,Staples,0,1,24,1,2.48,37.25,0,0,0.25,None,0,0.15,0.0,1,5,10,30
2025-04-08,Pulka,Staples,1,0,23,0,0.06,38.3,0,0,0.08,None,1,0.25,0.0,0,5,10,373
2025-04-09,Pulka,Staples,2,0,22,0,0.1,38.91,0,0,0.02,None,0,0.05,0.0,0,5,10,434
2025-04-10,Pulka,Staples,3,0,21,0,0.66,40.42,0,0,0.11,None,1,0.2,0.0,0,5,10,350
2025-04-11,Pulka,Staples,4,0,20,0,0.12,41.52,0,1,0.08,None,0,0.05,0.0,0,5,10,404
2025-04-12,Pulka,Staples,5,0,19,0,0.01,41.86,0,0,0.07,None,1,0.3,0.0,0,5,10,336
2025-04-13,Pulka,Staples,6,0,18,0,1.05,35.75,0,0,0.03,None,0,0.02,0.0,0,5,10,390
2025-04-14,Pulka,Staples,0,0,17,0,2.34,39.14,0,0,0.04,None,0,0.15,0.0,0,5,10,363
2025-04-15,Pulka,Staples,1,0,16,0,0.09,38.64,0,0,0.05,None,1,0.25,0.0,0,5,10,350
2025-04-16,Pulka,Staples,2,0,15,0,0.2,43.07,0,1,0.13,None,0,0.05,0.0,0,5,10,446
2025-04-17,Pulka,Staples,3,0,14,0,0.0,42.44,0,0,0.06,None,1,0.2,0.0,0,5,10,364
2025-04-18,Pulka,Staples,4,0,13,0,0.97,39.2,0,1,0.04,None,0,0.05,0.0,0,5,10,446
2025-04-19,Pulka,Staples,5,0,12,0,0.69,43.9,0,0,0.03,None,1,0.3,0.0,0,5,10,388
2025-04-20,Pulka,Staples,6,0,11,0,0.21,37.8,0,1,0.13,None,0,0.02,0.0,0,5,10,403
2025-04-21,Pulka,Staples,0,0,10,0,0.03,40.55,0,0,0.08,None,0,0.15,0.0,0,5,10,358
2025-04-22,Pulka,Staples,1,0,9,0,0.17,40.81,0,0,0.04,None,1,0.25,0.0,0,5,10,385
2025-04-23,Pulka,Staples,2,0,8,0,2.72,39.84,0,0,0.03,None,0,0.05,0.0,0,5,10,380
2025-04-24,Pulka,Staples,3,0,7,0,1.19,41.17,0,0,0.06,None,1,0.2,0.0,0,5,10,400
2025-04-25,Pulka,Staples,4,0,6,0,1.12,40.97,0,0,0.04,None,0,0.05,0.0,0,5,10,344
2025-04-26,Pulka,Staples,5,0,5,0,1.15,39.23,0,0,0.08,None,1,0.3,0.0,0,5,10,368
2025-04-27,Pulka,Staples,6,1,4,0,0.26,40.09,0,0,0.11,None,0,0.02,0.0,1,5,10,37
2025-04-28,Pulka,Staples,0,0,3,0,0.74,38.31,0,1,0.08,None,0,0.15,0.0,0,5,10,440
2025-04-29,Pulka,Staples,1,0,2,0,2.89,36.97,0,0,0.05,None,1,0.25,0.0,0,5,10,394
2025-04-30,Pulka,Staples,2,0,1,0,0.02,37.45,0,0,0.04,None,0,0.05,0.0,0,5,10,384
2025-05-01,Pulka,Staples,3,0,1,0,0.21,36.9,0,0,0.12,None,1,0.2,0.0,0,5,10,374
2025-05-02,Pulka,Staples,4,0,0,0,0.25,42.33,0,0,0.11,None,0,0.05,0.0,0,5,10,328
2025-05-03,Pulka,Staples,5,0,29,0,1.16,39.08,0,0,0.06,None,1,0.3,0.0,0,5,10,353
2025-05-04,Pulka,Staples,6,0,28,0,0.49,39.08,0,0,0.09,None,0,0.02,0.0,0,5,10,343
2025-05-05,Pulka,Staples,0,0,27,0,1.47,35.66,0,1,0.06,None,0,0.15,0.0,0,5,10,430
2025-05-06,Pulka,Staples,1,0,26,0,0.14,40.59,0,1,0.04,None,1,0.25,0.0,0,5,10,458
2025-05-07,Pulka,Staples,2,0,25,0,0.07,40.76,0,0,0.04,None,0,0.05,0.0,0,5,10,366
2025-05-08,Pulka,Staples,3,0,24,0,0.02,38.2,0,1,0.13,None,1,0.2,0.0,0,5,10,392
2025-05-09,Pulka,Staples,4,0,23,0,0.84,39.89,0,1,0.09,None,0,0.05,0.0,0,5,10,401
2025-05-10,Pulka,Staples,5,0,22,0,1.66,38.72,0,0,0.1,None,1,0.3,0.0,0,5,10,324
2025-05-11,Pulka,Staples,6,0,21,0,0.13,39.77,0,0,0.14,None,0,0.02,0.0,0,5,10,359
2025-05-12,Pulka,Staples,0,0,20,0,0.04,39.4,0,0,0.1,None,0,0.15,0.0,0,5,10,329
2025-05-13,Pulka,Staples,1,0,19,0,6.74,38.31,0,0,0.12,None,1,0.25,0.0,0,5,10,345
2025-05-14,Pulka,Staples,2,0,18,0,0.02,40.06,0,0,0.04,None,0,0.05,0.0,0,5,10,376
2025-05-15,Pulka,Staples,3,0,17,0,2.33,42.04,0,0,0.07,None,1,0.2,0.0,0,5,10,361
2025-05-16,Pulka,Staples,4,1,16,1,0.45,35.66,0,0,0.27,None,0,0.05,0.0,1,5,10,26
2025-05-17,Pulka,Staples,5,0,15,0,0.02,39.31,0,0,0.12,None,1,0.3,0.0,0,5,10,354
2025-05-18,Pulka,Staples,6,0,14,0,0.0,37.66,0,0,0.02,None,0,0.02,0.0,0,5,10,424
2025-05-19,Pulka,Staples,0,0,13,0,1.97,38.67,0,0,0.13,None,0,0.15,0.0,0,5,10,321
2025-05-20,Pulka,Staples,1,0,12,0,0.84,39.99,0,0,0.09,None,1,0.25,0.0,0,5,10,394
2025-05-21,Pulka,Staples,2,0,11,0,0.43,45.28,1,1,0.06,None,0,0.05,0.0,0,5,10,463
2025-05-22,Pulka,Staples,3,0,10,0,0.82,38.12,0,0,0.05,None,1,0.2,0.0,0,5,10,358
2025-05-23,Pulka,Staples,4,0,9,0,0.16,40.96,0,0,0.11,None,0,0.05,0.0,0,5,10,330
2025-05-24,Pulka,Staples,5,0,8,0,0.22,40.5,0,1,0.07,None,1,0.3,0.0,0,5,10,471
2025-05-25,Pulka,Staples,6,0,7,0,0.0,36.79,0,1,0.06,None,0,0.02,0.0,0,5,10,460
2025-05-26,Pulka,Staples,0,0,6,0,0.82,42.55,0,0,0.12,None,0,0.15,0.0,0,5,10,373
2025-05-27,Pulka,Staples,1,0,5,0,4.69,43.11,0,0,0.05,None,1,0.25,0.0,0,5,10,388
2025-05-28,Pulka,Staples,2,0,4,0,0.04,43.75,0,0,0.14,None,0,0.05,0.0,0,5,10,342
2025-05-29,Pulka,Staples,3,0,3,0,0.0,39.84,0,0,0.11,None,1,0.2,0.0,0,5,10,384
2025-05-30,Pulka,Staples,4,0,2,0,0.06,39.9,0,0,0.04,None,0,0.05,0.0,0,5,10,355
2025-05-31,Pulka,Staples,5,0,1,0,1.87,40.0,0,0,0.12,None,1,0.3,0.0,0,5,10,355
2025-06-01,Pulka,Staples,6,0,0,0,25.41,28.89,0,0,0.03,None,0,0.02,0.0,0,5,10,473
2025-06-02,Pulka,Staples,0,0,29,0,26.88,27.02,0,0,0.04,None,0,0.15,0.0,0,5,10,463
2025-06-03,Pulka,Staples,1,0,28,0,16.96,32.21,0,0,0.07,None,1,0.25,0.0,0,5,10,393
2025-06-04,Pulka,Staples,2,0,27,0,12.66,33.5,0,0,0.09,None,0,0.05,0.0,0,5,10,350
2025-06-05,Pulka,Staples,3,0,26,0,12.02,29.55,0,0,0.02,None,1,0.2,0.0,0,5,10,399
2025-06-06,Pulka,Staples,4,0,25,0,28.15,25.81,0,0,0.08,None,0,0.05,0.0,0,5,10,367
2025-06-07,Pulka,Staples,5,0,24,0,11.82,31.98,0,0,0.13,None,1,0.3,0.0,0,5,10,353
2025-06-08,Pulka,Staples,6,0,23,0,16.3,26.01,0,0,0.14,None,0,0.02,0.0,0,5,10,347
2025-06-09,Pulka,Staples,0,0,22,0,6.45,32.61,0,0,0.03,None,0,0.15,0.0,0,5,10,397
2025-06-10,Pulka,Staples,1,0,21,0,8.05,25.65,0,0,0.03,None,1,0.25,0.0,0,5,10,385
2025-06-11,Pulka,Staples,2,0,20,0,8.23,29.14,0,0,0.04,None,0,0.05,0.0,0,5,10,432
2025-06-12,Pulka,Staples,3,0,19,0,68.93,32.61,1,0,0.13,None,1,0.2,0.0,0,5,10,391
2025-06-13,Pulka,Staples,4,0,18,0,4.6,30.57,0,0,0.04,None,0,0.05,0.0,0,5,10,348
2025-06-14,Pulka,Staples,5,0,17,0,41.11,28.18,1,0,0.05,None,1,0.3,0.0,0,5,10,423
2025-06-15,Pulka,Staples,6,0,16,0,18.98,31.17,0,0,0.13,None,0,0.02,0.0,0,5,10,376
2025-06-16,Pulka,Staples,0,0,15,0,5.36,26.81,0,0,0.07,None,0,0.15,0.0,0,5,10,386
2025-06-17,Pulka,Staples,1,0,14,0,22.08,28.67,0,0,0.07,None,1,0.25,0.0,0,5,10,411
2025-06-18,Pulka,Staples,2,0,13,0,18.16,32.57,0,0,0.13,None,0,0.05,0.0,0,5,10,370
2025-06-19,Pulka,Staples,3,0,12,0,42.4,28.65,1,0,0.04,None,1,0.2,0.0,0,5,10,464
2025-06-20,Pulka,Staples,4,0,11,0,35.76,30.01,0,1,0.03,None,0,0.05,0.0,0,5,10,504
2025-06-21,Pulka,Staples,5,0,10,0,14.15,35.24,0,0,0.07,None,1,0.3,0.0,0,5,10,365
2025-06-22,Pulka,Staples,6,0,9,0,7.41,32.01,0,1,0.08,None,0,0.02,0.0,0,5,10,454
2025-06-23,Pulka,Staples,0,0,8,0,20.98,28.03,0,0,0.06,None,0,0.15,0.0,0,5,10,425
2025-06-24,Pulka,Staples,1,0,7,0,1.68,27.14,0,0,0.13,None,1,0.25,0.0,0,5,10,311
2025-06-25,Pulka,Staples,2,0,6,0,18.61,30.84,0,0,0.02,None,0,0.05,0.0,0,5,10,437
2025-06-26,Pulka,Staples,3,0,5,0,25.11,32.13,0,0,0.12,None,1,0.2,0.0,0,5,10,397
2025-06-27,Pulka,Staples,4,0,4,0,12.76,33.15,0,0,0.03,None,0,0.05,0.0,0,5,10,377
2025-06-28,Pulka,Staples,5,0,3,0,13.78,23.69,0,1,0.11,None,1,0.3,0.0,0,5,10,427
2025-06-29,Pulka,Staples,6,0,2,0,2.46,33.14,0,0,0.13,None,0,0.02,0.0,0,5,10,370
2025-06-30,Pulka,Staples,0,0,1,0,70.63,36.56,1,0,0.12,None,0,0.15,0.0,0,5,10,416
2025-07-01,Pulka,Staples,1,0,1,0,16.48,24.6,0,0,0.13,None,1,0.25,0.0,0,5,10,353
2025-07-02,Pulka,Staples,2,0,0,0,12.81,32.22,0,0,0.14,None,0,0.05,0.0,0,5,10,335
2025-07-03,Pulka,Staples,3,0,29,0,4.66,30.09,0,1,0.08,None,1,0.2,0.0,0,5,10,415
2025-07-04,Pulka,Staples,4,0,28,0,3.57,30.12,0,0,0.09,None,0,0.05,0.0,0,5,10,310
2025-07-05,Pulka,Staples,5,0,27,0,6.32,32.87,0,1,0.08,None,1,0.3,0.0,0,5,10,442
2025-07-06,Pulka,Staples,6,0,26,0,23.21,26.37,0,0,0.07,None,0,0.02,0.0,0,5,10,405
2025-07-07,Pulka,Staples,0,0,25,0,24.02,31.2,0,0,0.04,None,0,0.15,0.0,0,5,10,419
2025-07-08,Pulka,Staples,1,0,24,0,26.46,29.96,0,0,0.11,None,1,0.25,0.0,0,5,10,424
2025-07-09,Pulka,Staples,2,1,23,0,12.81,27.19,0,0,0.12,None,0,0.05,0.0,1,5,10,35
2025-07-10,Pulka,Staples,3,0,22,0,30.11,31.18,0,0,0.05,None,1,0.2,0.0,0,5,10,447
2025-07-11,Pulka,Staples,4,0,21,0,9.52,33.1,0,0,0.14,None,0,0.05,0.0,0,5,10,308
2025-07-12,Pulka,Staples,5,0,20,0,21.23,31.55,0,1,0.05,None,1,0.3,0.0,0,5,10,499
2025-07-13,Pulka,Staples,6,0,19,0,2.1,27.98,0,0,0.02,None,0,0.02,0.0,0,5,10,410
2025-07-14,Pulka,Staples,0,0,18,0,5.93,28.76,0,0,0.09,None,0,0.15,0.0,0,5,10,339
2025-07-15,Pulka,Staples,1,0,17,0,23.34,30.68,0,0,0.09,None,1,0.25,0.0,0,5,10,421
2025-07-16,Pulka,Staples,2,0,16,0,13.89,34.32,0,0,0.13,None,0,0.05,0.0,0,5,10,363
2025-07-17,Pulka,Staples,3,0,15,0,28.73,33.48,0,0,0.04,None,1,0.2,0.0,0,5,10,446
2025-07-18,Pulka,Staples,4,0,14,0,22.37,30.87,0,0,0.07,None,0,0.05,0.0,0,5,10,420
2025-07-19,Pulka,Staples,5,0,13,0,7.32,28.71,0,1,0.11,None,1,0.3,0.0,0,5,10,465
2025-07-20,Pulka,Staples,6,0,12,0,64.65,31.17,1,1,0.1,None,0,0.02,0.0,0,5,10,477
2025-07-21,Pulka,Staples,0,0,11,0,16.5,32.46,0,0,0.13,None,0,0.15,0.0,0,5,10,330
2025-07-22,Pulka,Staples,1,0,10,0,8.2,28.8,0,0,0.08,None,1,0.25,0.0,0,5,10,354
2025-07-23,Pulka,Staples,2,0,9,0,9.53,31.39,0,0,0.13,None,0,0.05,0.0,0,5,10,362
2025-07-24,Pulka,Staples,3,0,8,0,27.42,25.59,0,0,0.03,None,1,0.2,0.0,0,5,10,432
2025-07-25,Pulka,Staples,4,0,7,0,25.67,26.35,0,1,0.06,Shravan,0,0.4,0.02,0,5,10,494
2025-07-26,Pulka,Staples,5,0,6,0,7.4,30.24,0,0,0.14,Shravan,1,0.4,0.02,0,5,10,334
2025-07-27,Pulka,Staples,6,0,5,0,8.15,29.49,0,0,0.06,Shravan,0,0.4,0.02,0,5,10,392
2025-07-28,Pulka,Staples,0,1,4,1,13.53,25.47,0,1,0.2,Shravan,0,0.4,0.02,1,5,10,37
2025-07-29,Pulka,Staples,1,0,3,0,3.33,27.91,0,0,0.03,Shravan,1,0.4,0.02,0,5,10,402
2025-07-30,Pulka,Staples,2,0,2,0,31.43,27.99,0,1,0.05,Shravan,0,0.4,0.02,0,5,10,533
2025-07-31,Pulka,Staples,3,0,1,0,10.42,29.18,0,0,0.06,Shravan,1,0.4,0.02,0,5,10,379
2025-08-01,Pulka,Staples,4,0,1,0,36.62,25.1,0,0,0.06,Shravan,0,0.4,0.02,0,5,10,381
2025-08-02,Pulka,Staples,5,0,0,0,7.33,29.43,0,0,0.12,Shravan,1,0.4,0.02,0,5,10,335
2025-08-03,Pulka,Staples,6,0,29,0,15.27,34.33,0,0,0.14,Shravan,0,0.4,0.02,0,5,10,349
2025-08-04,Pulka,Staples,0,0,28,0,10.46,27.27,0,1,0.03,Shravan,0,0.4,0.02,0,5,10,474
2025-08-05,Pulka,Staples,1,0,27,0,12.49,26.1,0,0,0.03,Shravan,1,0.4,0.02,0,5,10,383
2025-08-06,Pulka,Staples,2,0,26,0,9.79,30.59,0,1,0.03,Shravan,0,0.4,0.02,0,5,10,463
2025-08-07,Pulka,Staples,3,0,25,0,17.87,25.41,0,1,0.08,Shravan,1,0.4,0.02,0,5,10,422
2025-08-08,Pulka,Staples,4,0,24,0,30.73,28.85,0,1,0.14,Shravan,0,0.4,0.02,0,5,10,406
2025-08-09,Pulka,Staples,5,0,23,0,5.54,29.47,0,0,0.14,Shravan,1,0.4,0.02,0,5,10,325
2025-08-10,Pulka,Staples,6,0,22,0,4.81,32.38,0,0,0.12,Shravan,0,0.4,0.02,0,5,10,363
2025-08-11,Pulka,Staples,0,0,21,0,9.76,32.27,0,0,0.07,Shravan,0,0.4,0.02,0,5,10,368
2025-08-12,Pulka,Staples,1,0,20,0,40.6,33.02,1,0,0.03,Shravan,1,0.4,0.02,0,5,10,431
2025-08-13,Pulka,Staples,2,0,19,0,16.51,34.76,0,1,0.13,Shravan,0,0.4,0.02,0,5,10,410
2025-08-14,Pulka,Staples,3,0,18,0,11.01,29.49,0,0,0.02,Shravan,1,0.4,0.02,0,5,10,374
2025-08-15,Pulka,Staples,4,0,17,0,23.19,22.85,0,1,0.1,Shravan,0,0.4,0.02,0,5,10,420
2025-08-16,Pulka,Staples,5,0,16,0,33.64,31.29,0,0,0.07,Shravan,1,0.4,0.02,0,5,10,371
2025-08-17,Pulka,Staples,6,0,15,0,28.08,30.19,0,1,0.06,Shravan,0,0.4,0.02,0,5,10,444
2025-08-18,Pulka,Staples,0,0,14,0,27.95,33.59,0,0,0.04,Shravan,0,0.4,0.02,0,5,10,441
2025-08-19,Pulka,Staples,1,0,13,0,9.44,27.66,0,0,0.04,Shravan,1,0.4,0.02,0,5,10,374
2025-08-20,Pulka,Staples,2,0,12,0,21.32,34.85,0,1,0.12,Shravan,0,0.4,0.02,0,5,10,533
2025-08-21,Pulka,Staples,3,0,11,0,32.23,33.67,0,0,0.08,Shravan,1,0.4,0.02,0,5,10,457
2025-08-22,Pulka,Staples,4,0,10,0,40.36,29.48,1,0,0.02,Shravan,0,0.4,0.02,0,5,10,395
2025-08-23,Pulka,Staples,5,0,9,0,34.21,26.86,0,1,0.05,Shravan,1,0.4,0.02,0,5,10,513
2025-08-24,Pulka,Staples,6,0,8,0,11.72,30.28,0,0,0.04,None,0,0.02,0.0,0,5,10,345
2025-08-25,Pulka,Staples,0,0,7,0,16.87,34.93,0,0,0.12,None,0,0.15,0.0,0,5,10,340
2025-08-26,Pulka,Staples,1,0,6,0,19.73,31.51,0,0,0.1,None,1,0.25,0.0,0,5,10,356
2025-08-27,Pulka,Staples,2,0,5,0,23.76,29.02,0,0,0.14,None,0,0.05,0.0,0,5,10,388
2025-08-28,Pulka,Staples,3,0,4,0,51.46,33.12,1,0,0.08,None,1,0.2,0.0,0,5,10,418
2025-08-29,Pulka,Staples,4,0,3,0,14.76,27.18,0,0,0.12,None,0,0.05,0.0,0,5,10,323
2025-08-30,Pulka,Staples,5,0,2,0,21.86,27.78,0,1,0.11,None,1,0.3,0.0,0,5,10,470
2025-08-31,Pulka,Staples,6,0,1,0,12.87,31.63,0,0,0.08,None,0,0.02,0.0,0,5,10,335
2025-09-01,Pulka,Staples,0,0,0,0,31.96,29.61,0,0,0.05,None,0,0.15,0.0,0,5,10,458
2025-09-02,Pulka,Staples,1,0,29,0,20.1,29.96,0,0,0.09,None,1,0.25,0.0,0,5,10,390
2025-09-03,Pulka,Staples,2,0,28,0,18.87,32.24,0,0,0.1,None,0,0.05,0.0,0,5,10,411
2025-09-04,Pulka,Staples,3,0,27,0,40.76,27.15,1,0,0.03,None,1,0.2,0.0,0,5,10,431
2025-09-05,Pulka,Staples,4,0,26,0,11.03,30.21,0,0,0.1,None,0,0.05,0.0,0,5,10,351
2025-09-06,Pulka,Staples,5,0,25,0,8.78,29.69,0,0,0.08,None,1,0.3,0.0,0,5,10,370
2025-09-07,Pulka,Staples,6,0,24,0,21.97,32.55,0,1,0.14,None,0,0.02,0.0,0,5,10,451
2025-09-08,Pulka,Staples,0,0,23,0,11.75,31.35,0,0,0.09,None,0,0.15,0.0,0,5,10,355
2025-09-09,Pulka,Staples,1,0,22,0,12.87,22.78,0,0,0.15,None,1,0.25,0.0,0,5,10,342
2025-09-10,Pulka,Staples,2,0,21,0,19.57,29.0,0,0,0.03,None,0,0.05,0.0,0,5,10,369
2025-09-11,Pulka,Staples,3,0,20,0,21.86,28.85,0,0,0.08,None,1,0.2,0.0,0,5,10,420
2025-09-12,Pulka,Staples,4,0,19,0,4.57,31.71,0,0,0.14,None,0,0.05,0.0,0,5,10,301
2025-09-13,Pulka,Staples,5,0,18,0,24.27,30.32,0,0,0.14,None,1,0.3,0.0,0,5,10,398
2025-09-14,Pulka,Staples,6,0,17,0,10.29,28.15,0,0,0.09,None,0,0.02,0.0,0,5,10,355
2025-09-15,Pulka,Staples,0,0,16,0,9.3,31.37,0,1,0.07,None,0,0.15,0.0,0,5,10,443
2025-09-16,Pulka,Staples,1,0,15,0,53.8,29.21,1,0,0.03,None,1,0.25,0.0,0,5,10,442
2025-09-17,Pulka,Staples,2,1,14,0,22.05,32.09,0,0,0.13,None,0,0.05,0.0,1,5,10,39
2025-09-18,Pulka,Staples,3,0,13,0,43.07,22.69,1,0,0.03,None,1,0.2,0.0,0,5,10,417
2025-09-19,Pulka,Staples,4,0,12,0,20.38,28.21,0,0,0.02,None,0,0.05,0.0,0,5,10,407
2025-09-20,Pulka,Staples,5,0,11,0,15.17,26.69,0,0,0.11,None,1,0.3,0.0,0,5,10,322
2025-09-21,Pulka,Staples,6,0,10,0,4.05,35.6,0,0,0.13,None,0,0.02,0.0,0,5,10,331
2025-09-22,Pulka,Staples,0,0,9,0,11.3,25.86,0,0,0.07,Navratri,0,0.45,0.05,0,5,10,348
2025-09-23,Pulka,Staples,1,0,8,0,4.47,29.46,0,0,0.14,Navratri,1,0.45,0.05,0,5,10,316
2025-09-24,Pulka,Staples,2,0,7,0,4.55,33.68,0,0,0.05,Navratri,0,0.45,0.05,0,5,10,365
2025-09-25,Pulka,Staples,3,0,6,0,3.94,35.02,0,0,0.08,Navratri,1,0.45,0.05,0,5,10,344
2025-09-26,Pulka,Staples,4,0,5,0,23.19,33.02,0,0,0.13,Navratri,0,0.45,0.05,0,5,10,348
2025-09-27,Pulka,Staples,5,0,4,0,14.78,33.18,0,0,0.08,Navratri,1,0.45,0.05,0,5,10,348
2025-09-28,Pulka,Staples,6,0,3,0,23.49,25.04,0,0,0.13,Navratri,0,0.45,0.05,0,5,10,371
2025-09-29,Pulka,Staples,0,0,2,0,26.44,30.25,0,0,0.1,Navratri,0,0.45,0.05,0,5,10,376
2025-09-30,Pulka,Staples,1,0,1,0,9.36,38.68,0,0,0.07,Navratri,1,0.45,0.05,0,5,10,378
2025-10-01,Pulka,Staples,2,0,1,0,0.27,27.83,0,0,0.05,Navratri,0,0.45,0.05,0,5,10,361
2025-10-02,Pulka,Staples,3,0,0,0,0.64,18.13,0,0,0.1,Navratri,1,0.45,0.05,0,5,10,334
2025-10-03,Pulka,Staples,4,0,29,0,3.25,33.83,0,0,0.04,None,0,0.05,0.0,0,5,10,399
2025-10-04,Pulka,Staples,5,0,28,0,0.36,28.18,0,0,0.09,None,1,0.3,0.0,0,5,10,359
2025-10-05,Pulka,Staples,6,0,27,0,7.45,20.19,0,0,0.11,None,0,0.02,0.0,0,5,10,338
2025-10-06,Pulka,Staples,0,0,26,0,0.64,31.98,0,1,0.11,None,0,0.15,0.0,0,5,10,399
2025-10-07,Pulka,Staples,1,0,25,0,0.62,27.56,0,0,0.06,None,1,0.25,0.0,0,5,10,355
2025-10-08,Pulka,Staples,2,0,24,0,1.16,29.4,0,0,0.04,None,0,0.05,0.0,0,5,10,386
2025-10-09,Pulka,Staples,3,0,23,0,6.94,24.7,0,0,0.06,None,1,0.2,0.0,0,5,10,372
2025-10-10,Pulka,Staples,4,0,22,0,1.79,25.61,0,0,0.08,None,0,0.05,0.0,0,5,10,323
2025-10-11,Pulka,Staples,5,0,21,0,1.16,22.14,0,0,0.03,None,1,0.3,0.0,0,5,10,399
2025-10-12,Pulka,Staples,6,0,20,0,1.94,23.58,0,0,0.12,None,0,0.02,0.0,0,5,10,312
2025-10-13,Pulka,Staples,0,0,19,0,6.14,29.74,0,0,0.13,None,0,0.15,0.0,0,5,10,376
2025-10-14,Pulka,Staples,1,1,18,0,0.23,34.28,0,0,0.03,None,1,0.25,0.0,1,5,10,40
2025-10-15,Pulka,Staples,2,0,17,0,0.23,20.63,0,1,0.05,None,0,0.05,0.0,0,5,10,457
2025-10-16,Pulka,Staples,3,0,16,0,17.13,30.21,0,0,0.1,None,1,0.2,0.0,0,5,10,355
2025-10-17,Pulka,Staples,4,0,15,0,2.31,19.81,0,0,0.03,None,0,0.05,0.0,0,5,10,347
2025-10-18,Pulka,Staples,5,0,14,0,0.02,26.21,0,0,0.14,None,1,0.3,0.0,0,5,10,342
2025-10-19,Pulka,Staples,6,0,13,0,3.28,25.91,0,0,0.1,None,0,0.02,0.0,0,5,10,347
2025-10-20,Pulka,Staples,0,0,12,0,1.08,26.42,0,0,0.04,None,0,0.15,0.0,0,5,10,391
2025-10-21,Pulka,Staples,1,0,11,0,6.67,28.53,0,0,0.1,None,1,0.25,0.0,0,5,10,346
2025-10-22,Pulka,Staples,2,0,10,0,1.0,21.71,0,0,0.09,None,0,0.05,0.0,0,5,10,347
2025-10-23,Pulka,Staples,3,0,9,0,1.25,25.11,0,0,0.08,None,1,0.2,0.0,0,5,10,328
2025-10-24,Pulka,Staples,4,0,8,0,1.68,33.84,0,0,0.11,None,0,0.05,0.0,0,5,10,308
2025-10-25,Pulka,Staples,5,0,7,0,3.81,23.24,0,0,0.05,None,1,0.3,0.0,0,5,10,352
2025-10-26,Pulka,Staples,6,0,6,0,7.09,17.24,0,0,0.07,None,0,0.02,0.0,0,5,10,363
2025-10-27,Pulka,Staples,0,0,5,0,0.67,19.63,0,1,0.04,None,0,0.15,0.0,0,5,10,512
2025-10-28,Pulka,Staples,1,0,4,0,2.52,22.09,0,0,0.13,None,1,0.25,0.0,0,5,10,368
2025-10-29,Pulka,Staples,2,0,3,0,1.08,24.93,0,0,0.12,None,0,0.05,0.0,0,5,10,317
2025-10-30,Pulka,Staples,3,0,2,0,0.17,23.49,0,0,0.02,None,1,0.2,0.0,0,5,10,411
2025-10-31,Pulka,Staples,4,0,1,0,5.48,25.35,0,0,0.1,None,0,0.05,0.0,0,5,10,347
2025-11-01,Pulka,Staples,5,0,0,0,0.33,17.55,0,1,0.05,None,1,0.3,0.0,0,5,10,436
2025-11-02,Pulka,Staples,6,0,29,0,2.02,25.07,0,1,0.11,None,0,0.02,0.0,0,5,10,424
2025-11-03,Pulka,Staples,0,0,28,0,0.14,21.5,0,1,0.04,None,0,0.15,0.0,0,5,10,491
2025-11-04,Pulka,Staples,1,0,27,0,0.01,15.53,0,0,0.11,None,1,0.25,0.0,0,5,10,337
2025-11-05,Pulka,Staples,2,0,26,0,8.46,27.64,0,1,0.12,None,0,0.05,0.0,0,5,10,430
2025-11-06,Pulka,Staples,3,0,25,0,0.91,25.11,0,0,0.07,None,1,0.2,0.0,0,5,10,331
2025-11-07,Pulka,Staples,4,0,24,0,1.44,26.07,0,0,0.1,None,0,0.05,0.0,0,5,10,325
2025-11-08,Pulka,Staples,5,0,23,0,6.73,33.14,0,1,0.04,None,1,0.3,0.0,0,5,10,443
2025-11-09,Pulka,Staples,6,0,22,0,0.96,24.69,0,1,0.15,None,0,0.02,0.0,0,5,10,387
2025-11-10,Pulka,Staples,0,0,21,0,7.64,28.24,0,0,0.05,None,0,0.15,0.0,0,5,10,394
2025-11-11,Pulka,Staples,1,0,20,0,4.6,30.72,0,1,0.11,None,1,0.25,0.0,0,5,10,413
2025-11-12,Pulka,Staples,2,0,19,0,0.71,23.6,0,0,0.14,None,0,0.05,0.0,0,5,10,335
2025-11-13,Pulka,Staples,3,0,18,0,4.24,28.11,0,0,0.11,None,1,0.2,0.0,0,5,10,341
2025-11-14,Pulka,Staples,4,0,17,0,1.92,21.73,0,1,0.08,None,0,0.05,0.0,0,5,10,403
2025-11-15,Pulka,Staples,5,0,16,0,5.25,23.11,0,0,0.09,None,1,0.3,0.0,0,5,10,385
2025-11-16,Pulka,Staples,6,0,15,0,0.95,24.06,0,1,0.07,None,0,0.02,0.0,0,5,10,489
2025-11-17,Pulka,Staples,0,0,14,0,1.23,27.5,0,0,0.08,None,0,0.15,0.0,0,5,10,382
2025-11-18,Pulka,Staples,1,0,13,0,1.72,17.14,0,0,0.12,None,1,0.25,0.0,0,5,10,362
2025-11-19,Pulka,Staples,2,0,12,0,1.38,17.08,0,0,0.05,None,0,0.05,0.0,0,5,10,386
2025-11-20,Pulka,Staples,3,0,11,0,0.16,33.39,0,1,0.09,None,1,0.2,0.0,0,5,10,431
2025-11-21,Pulka,Staples,4,1,10,1,1.48,26.35,0,0,0.27,None,0,0.05,0.0,1,5,10,26
2025-11-22,Pulka,Staples,5,0,9,0,2.08,21.12,0,0,0.12,None,1,0.3,0.0,0,5,10,342
2025-11-23,Pulka,Staples,6,0,8,0,0.38,19.84,0,0,0.04,None,0,0.02,0.0,0,5,10,399
2025-11-24,Pulka,Staples,0,0,7,0,3.43,24.39,0,1,0.09,None,0,0.15,0.0,0,5,10,422
2025-11-25,Pulka,Staples,1,0,6,0,9.04,24.07,0,0,0.09,None,1,0.25,0.0,0,5,10,374
2025-11-26,Pulka,Staples,2,0,5,0,9.87,18.33,0,0,0.07,None,0,0.05,0.0,0,5,10,363
2025-11-27,Pulka,Staples,3,0,4,0,5.08,32.32,0,1,0.08,None,1,0.2,0.0,0,5,10,409
2025-11-28,Pulka,Staples,4,0,3,0,0.12,23.24,0,1,0.09,None,0,0.05,0.0,0,5,10,411
2025-11-29,Pulka,Staples,5,0,2,0,1.42,20.84,0,0,0.11,None,1,0.3,0.0,0,5,10,326
2025-11-30,Pulka,Staples,6,0,1,0,0.41,20.47,0,0,0.06,None,0,0.02,0.0,0,5,10,369
2025-12-01,Pulka,Staples,0,0,1,0,1.05,26.19,0,0,0.13,None,0,0.15,0.0,0,5,10,359
2025-12-02,Pulka,Staples,1,0,0,0,0.68,21.02,0,0,0.12,None,1,0.25,0.0,0,5,10,353
2025-12-03,Pulka,Staples,2,0,29,0,2.98,26.89,0,0,0.02,None,0,0.05,0.0,0,5,10,356
2025-12-04,Pulka,Staples,3,0,28,0,7.33,19.93,0,1,0.05,None,1,0.2,0.0,0,5,10,455
2025-12-05,Pulka,Staples,4,0,27,0,5.09,22.22,0,0,0.11,None,0,0.05,0.0,0,5,10,296
2025-12-06,Pulka,Staples,5,0,26,0,0.22,27.36,0,0,0.09,None,1,0.3,0.0,0,5,10,331
2025-12-07,Pulka,Staples,6,0,25,0,1.75,27.0,0,0,0.03,None,0,0.02,0.0,0,5,10,399
2025-12-08,Pulka,Staples,0,0,24,0,0.09,26.94,0,0,0.11,None,0,0.15,0.0,0,5,10,345
2025-12-09,Pulka,Staples,1,0,23,0,1.94,18.78,0,0,0.13,None,1,0.25,0.0,0,5,10,357
2025-12-10,Pulka,Staples,2,0,22,0,0.69,24.94,0,0,0.03,None,0,0.05,0.0,0,5,10,390
2025-12-11,Pulka,Staples,3,0,21,0,4.62,26.92,0,0,0.14,None,1,0.2,0.0,0,5,10,324
2025-12-12,Pulka,Staples,4,0,20,0,0.59,27.01,0,0,0.13,None,0,0.05,0.0,0,5,10,314
2025-12-13,Pulka,Staples,5,0,19,0,5.74,26.85,0,0,0.05,None,1,0.3,0.0,0,5,10,363
2025-12-14,Pulka,Staples,6,0,18,0,0.8,23.36,0,0,0.09,None,0,0.02,0.0,0,5,10,393
2025-12-15,Pulka,Staples,0,0,17,0,2.61,20.03,0,0,0.04,None,0,0.15,0.0,0,5,10,355
2025-12-16,Pulka,Staples,1,0,16,0,0.89,21.02,0,0,0.15,None,1,0.25,0.0,0,5,10,312
2025-12-17,Pulka,Staples,2,0,15,0,9.6,28.67,0,0,0.1,None,0,0.05,0.0,0,5,10,381
2025-12-18,Pulka,Staples,3,0,14,0,2.63,16.08,0,0,0.02,None,1,0.2,0.0,0,5,10,393
2025-12-19,Pulka,Staples,4,1,13,1,1.29,16.48,0,0,0.17,None,0,0.05,0.0,1,5,10,30
2025-12-20,Pulka,Staples,5,0,12,0,0.78,22.18,0,1,0.06,None,1,0.3,0.0,0,5,10,444
2025-12-21,Pulka,Staples,6,0,11,0,9.77,23.74,0,0,0.1,None,0,0.02,0.0,0,5,10,330
2025-12-22,Pulka,Staples,0,0,10,0,0.59,27.49,0,1,0.04,None,0,0.15,0.0,0,5,10,478
2025-12-23,Pulka,Staples,1,0,9,0,8.7,26.51,0,0,0.14,None,1,0.25,0.0,0,5,10,346
2025-12-24,Pulka,Staples,2,0,8,0,16.28,26.94,0,0,0.08,None,0,0.05,0.0,0,5,10,372
2025-12-25,Pulka,Staples,3,0,7,0,0.27,24.62,0,0,0.1,None,1,0.2,0.0,0,5,10,356
2025-12-26,Pulka,Staples,4,0,6,0,0.29,18.71,0,0,0.13,None,0,0.05,0.0,0,5,10,313
2025-12-27,Pulka,Staples,5,0,5,0,1.66,25.84,0,0,0.06,None,1,0.3,0.0,0,5,10,380
2025-12-28,Pulka,Staples,6,0,4,0,1.15,28.74,0,0,0.14,None,0,0.02,0.0,0,5,10,355
2025-12-29,Pulka,Staples,0,0,3,0,2.31,23.98,0,0,0.08,None,0,0.15,0.0,0,5,10,388
2025-12-30,Pulka,Staples,1,0,2,0,2.34,23.63,0,0,0.04,None,1,0.25,0.0,0,5,10,404
2025-12-31,Pulka,Staples,2,0,1,0,4.89,20.74,0,0,0.12,None,0,0.05,0.0,0,5,10,326
2026-01-01,Pulka,Staples,3,0,1,0,1.56,23.12,0,0,0.12,None,1,0.2,0.0,0,5,10,345
2026-01-02,Pulka,Staples,4,0,0,0,1.99,27.96,0,0,0.14,None,0,0.05,0.0,0,5,10,324
2026-01-03,Pulka,Staples,5,0,29,0,1.01,27.64,0,0,0.11,None,1,0.3,0.0,0,5,10,348
2026-01-04,Pulka,Staples,6,0,28,0,6.49,24.21,0,0,0.13,None,0,0.02,0.0,0,5,10,347
2026-01-05,Pulka,Staples,0,0,27,0,1.55,25.96,0,0,0.09,None,0,0.15,0.0,0,5,10,369
2026-01-06,Pulka,Staples,1,0,26,0,5.92,24.33,0,0,0.11,None,1,0.25,0.0,0,5,10,369
2026-01-07,Pulka,Staples,2,0,25,0,14.96,28.97,0,0,0.05,None,0,0.05,0.0,0,5,10,354
2026-01-08,Pulka,Staples,3,0,24,0,3.36,27.83,0,0,0.02,None,1,0.2,0.0,0,5,10,376
2026-01-09,Pulka,Staples,4,0,23,0,2.8,29.67,0,0,0.06,None,0,0.05,0.0,0,5,10,344
2026-01-10,Pulka,Staples,5,0,22,0,3.8,17.96,0,0,0.05,None,1,0.3,0.0,0,5,10,373
2026-01-11,Pulka,Staples,6,0,21,0,0.51,15.7,0,1,0.08,None,0,0.02,0.0,0,5,10,441
2026-01-12,Pulka,Staples,0,0,20,0,0.87,27.01,0,1,0.14,None,0,0.15,0.0,0,5,10,388
2026-01-13,Pulka,Staples,1,0,19,0,0.03,32.3,0,1,0.04,None,1,0.25,0.0,0,5,10,483
2026-01-14,Pulka,Staples,2,0,18,0,0.76,23.8,0,0,0.05,None,0,0.05,0.0,0,5,10,378
2026-01-15,Pulka,Staples,3,0,17,0,1.91,27.96,0,1,0.06,None,1,0.2,0.0,0,5,10,432
2026-01-16,Pulka,Staples,4,0,16,0,0.21,25.12,0,0,0.12,None,0,0.05,0.0,0,5,10,295
2026-01-17,Pulka,Staples,5,0,15,0,2.24,27.81,0,0,0.06,None,1,0.3,0.0,0,5,10,360
2026-01-18,Pulka,Staples,6,0,14,0,1.55,22.59,0,0,0.04,None,0,0.02,0.0,0,5,10,366
2026-01-19,Pulka,Staples,0,1,13,1,1.49,31.77,0,0,0.21,None,0,0.15,0.0,1,5,10,31
2026-01-20,Pulka,Staples,1,0,12,0,0.4,25.92,0,0,0.05,None,1,0.25,0.0,0,5,10,371
2026-01-21,Pulka,Staples,2,0,11,0,0.06,22.44,0,0,0.09,None,0,0.05,0.0,0,5,10,375
2026-01-22,Pulka,Staples,3,0,10,0,2.44,22.16,0,0,0.14,None,1,0.2,0.0,0,5,10,330
2026-01-23,Pulka,Staples,4,0,9,0,1.11,28.19,0,0,0.08,None,0,0.05,0.0,0,5,10,322
2026-01-24,Pulka,Staples,5,0,8,0,0.45,26.21,0,0,0.08,None,1,0.3,0.0,0,5,10,364
2026-01-25,Pulka,Staples,6,0,7,0,1.97,24.44,0,1,0.11,None,0,0.02,0.0,0,5,10,452
2026-01-26,Pulka,Staples,0,0,6,0,3.19,23.75,0,0,0.1,None,0,0.15,0.0,0,5,10,327
2026-01-27,Pulka,Staples,1,0,5,0,1.49,19.67,0,0,0.06,None,1,0.25,0.0,0,5,10,362
2026-01-28,Pulka,Staples,2,0,4,0,2.1,28.08,0,0,0.09,None,0,0.05,0.0,0,5,10,354
2026-01-29,Pulka,Staples,3,0,3,0,1.73,23.08,0,0,0.08,None,1,0.2,0.0,0,5,10,361
2026-01-30,Pulka,Staples,4,0,2,0,2.11,22.23,0,1,0.13,None,0,0.05,0.0,0,5,10,407
2026-01-31,Pulka,Staples,5,0,1,0,7.47,26.57,0,0,0.14,None,1,0.3,0.0,0,5,10,324
2026-02-01,Pulka,Staples,6,0,28,0,0.1,28.98,0,0,0.11,None,0,0.02,0.0,0,5,10,335
2026-02-02,Pulka,Staples,0,0,27,0,11.81,23.88,0,0,0.06,None,0,0.15,0.0,0,5,10,361
2026-02-03,Pulka,Staples,1,0,26,0,4.55,27.37,0,0,0.1,None,1,0.25,0.0,0,5,10,374
2026-02-04,Pulka,Staples,2,0,25,0,0.26,26.3,0,0,0.09,None,0,0.05,0.0,0,5,10,388
2026-02-05,Pulka,Staples,3,0,24,0,0.51,23.28,0,0,0.1,None,1,0.2,0.0,0,5,10,365
2026-02-06,Pulka,Staples,4,0,23,0,2.82,22.21,0,1,0.07,None,0,0.05,0.0,0,5,10,393
2026-02-07,Pulka,Staples,5,0,22,0,1.08,23.79,0,1,0.12,None,1,0.3,0.0,0,5,10,433
2026-02-08,Pulka,Staples,6,0,21,0,2.82,19.53,0,1,0.05,None,0,0.02,0.0,0,5,10,478
2026-02-09,Pulka,Staples,0,0,20,0,2.54,31.92,0,0,0.04,None,0,0.15,0.0,0,5,10,398
2026-02-10,Pulka,Staples,1,0,19,0,3.1,27.45,0,0,0.12,None,1,0.25,0.0,0,5,10,377
2026-02-11,Pulka,Staples,2,0,18,0,1.42,18.95,0,0,0.06,None,0,0.05,0.0,0,5,10,339
2026-02-12,Pulka,Staples,3,1,17,0,0.34,32.08,0,0,0.1,None,1,0.2,0.0,1,5,10,33
2026-02-13,Pulka,Staples,4,0,16,0,1.01,35.89,0,0,0.03,None,0,0.05,0.0,0,5,10,364
2026-02-14,Pulka,Staples,5,0,15,0,2.19,29.39,0,0,0.15,None,1,0.3,0.0,0,5,10,308
2026-02-15,Pulka,Staples,6,0,14,0,1.82,22.73,0,1,0.12,None,0,0.02,0.0,0,5,10,414
2026-02-16,Pulka,Staples,0,0,13,0,1.52,27.32,0,0,0.13,None,0,0.15,0.0,0,5,10,339
2026-02-17,Pulka,Staples,1,1,12,0,5.88,22.14,0,0,0.14,Ramadan,1,0.25,0.15,1,5,10,29
2026-02-18,Pulka,Staples,2,0,11,0,0.88,15.09,0,0,0.02,Ramadan,0,0.05,0.15,0,5,10,357
2026-02-19,Pulka,Staples,3,0,10,0,3.85,27.81,0,0,0.06,Ramadan,1,0.2,0.15,0,5,10,312
2026-02-20,Pulka,Staples,4,0,9,0,1.53,20.25,0,0,0.08,Ramadan,0,0.05,0.15,0,5,10,282
2026-02-21,Pulka,Staples,5,0,8,0,8.27,27.75,0,0,0.09,Ramadan,1,0.3,0.15,0,5,10,324
2026-02-22,Pulka,Staples,6,0,7,0,0.76,23.22,0,0,0.14,Ramadan,0,0.02,0.15,0,5,10,316
2026-02-23,Pulka,Staples,0,1,6,1,8.33,22.7,0,1,0.28,Ramadan,0,0.15,0.15,1,5,10,28
2026-02-24,Pulka,Staples,1,0,5,0,3.71,26.98,0,1,0.05,Ramadan,1,0.25,0.15,0,5,10,419
2026-02-25,Pulka,Staples,2,0,4,0,3.25,24.15,0,0,0.07,Ramadan,0,0.05,0.15,0,5,10,342
2026-02-26,Pulka,Staples,3,0,3,0,1.58,33.11,0,0,0.04,Ramadan,1,0.2,0.15,0,5,10,306
2026-02-27,Pulka,Staples,4,0,2,0,7.19,29.31,0,0,0.12,Ramadan,0,0.05,0.15,0,5,10,267
2026-02-28,Pulka,Staples,5,0,1,0,0.95,21.01,0,1,0.02,Ramadan,1,0.3,0.15,0,5,10,394
2026-03-01,Pulka,Staples,6,0,1,0,2.48,24.96,0,0,0.03,Ramadan,0,0.02,0.15,0,5,10,347
2026-03-02,Pulka,Staples,0,0,0,0,9.23,26.75,0,0,0.12,Ramadan,0,0.15,0.15,0,5,10,301
2026-03-03,Pulka,Staples,1,0,29,0,2.74,28.02,0,0,0.09,Ramadan,1,0.25,0.15,0,5,10,326
2026-03-04,Pulka,Staples,2,0,28,0,0.2,25.68,0,0,0.02,Ramadan,0,0.05,0.15,0,5,10,298
2026-03-05,Pulka,Staples,3,0,27,0,1.55,23.88,0,1,0.07,Ramadan,1,0.2,0.15,0,5,10,411
2026-03-06,Pulka,Staples,4,0,26,0,0.06,24.96,0,0,0.06,Ramadan,0,0.05,0.15,0,5,10,302
2026-03-07,Pulka,Staples,5,0,25,0,2.02,32.57,0,0,0.05,Ramadan,1,0.3,0.15,0,5,10,323
2026-03-08,Pulka,Staples,6,0,24,0,0.83,22.02,0,0,0.12,Ramadan,0,0.02,0.15,0,5,10,282
2026-03-09,Pulka,Staples,0,0,23,0,1.05,26.97,0,0,0.04,Ramadan,0,0.15,0.15,0,5,10,308
2026-03-10,Pulka,Staples,1,0,22,0,1.03,21.82,0,0,0.02,Ramadan,1,0.25,0.15,0,5,10,319
2026-03-11,Pulka,Staples,2,0,21,0,5.62,27.81,0,1,0.07,Ramadan,0,0.05,0.15,0,5,10,379
2026-03-12,Pulka,Staples,3,0,20,0,8.91,23.91,0,0,0.13,Ramadan,1,0.2,0.15,0,5,10,320
2026-03-13,Pulka,Staples,4,0,19,0,0.54,22.59,0,0,0.05,Ramadan,0,0.05,0.15,0,5,10,275
2026-03-14,Pulka,Staples,5,0,18,0,4.9,30.8,0,0,0.05,Ramadan,1,0.3,0.15,0,5,10,328
2026-03-15,Pulka,Staples,6,0,17,0,4.22,22.53,0,1,0.11,Ramadan,0,0.02,0.15,0,5,10,356
2026-03-16,Pulka,Staples,0,0,16,0,3.0,32.93,0,0,0.13,Ramadan,0,0.15,0.15,0,5,10,301
2026-03-17,Pulka,Staples,1,0,15,0,0.24,27.13,0,0,0.13,Ramadan,1,0.25,0.15,0,5,10,298
2026-03-18,Pulka,Staples,2,0,14,0,1.01,29.83,0,0,0.09,Ramadan,0,0.05,0.15,0,5,10,318
2026-03-19,Pulka,Staples,3,0,13,0,6.27,20.77,0,0,0.02,Ramadan,1,0.2,0.15,0,5,10,304
2026-03-20,Pulka,Staples,4,0,12,0,7.31,23.9,0,0,0.14,None,0,0.05,0.0,0,5,10,296
2026-03-21,Pulka,Staples,5,0,11,0,3.48,12.88,0,0,0.09,None,1,0.3,0.0,0,5,10,353
2026-03-22,Pulka,Staples,6,0,10,0,0.51,25.65,0,0,0.12,None,0,0.02,0.0,0,5,10,335
2026-03-23,Pulka,Staples,0,0,9,0,7.75,18.14,0,0,0.1,None,0,0.15,0.0,0,5,10,359
2026-03-24,Pulka,Staples,1,0,8,0,5.19,29.67,0,0,0.11,None,1,0.25,0.0,0,5,10,336
2026-03-25,Pulka,Staples,2,0,7,0,0.0,21.72,0,0,0.05,None,0,0.05,0.0,0,5,10,370
2026-03-26,Pulka,Staples,3,0,6,0,1.79,20.97,0,0,0.13,None,1,0.2,0.0,0,5,10,335
2026-03-27,Pulka,Staples,4,0,5,0,3.45,28.35,0,0,0.12,None,0,0.05,0.0,0,5,10,317
2026-03-28,Pulka,Staples,5,0,4,0,1.88,27.82,0,0,0.14,None,1,0.3,0.0,0,5,10,338
2026-03-29,Pulka,Staples,6,0,3,0,6.89,25.09,0,0,0.07,None,0,0.02,0.0,0,5,10,383
2026-03-30,Pulka,Staples,0,0,2,0,9.37,25.35,0,0,0.09,None,0,0.15,0.0,0,5,10,359
2026-03-31,Pulka,Staples,1,0,1,0,1.02,25.64,0,0,0.03,None,1,0.25,0.0,0,5,10,405
2026-04-01,Pulka,Staples,2,0,0,0,0.56,37.27,0,0,0.1,None,0,0.05,0.0,0,5,10,368
2026-04-02,Pulka,Staples,3,0,29,0,0.39,39.19,0,0,0.02,None,1,0.2,0.0,0,5,10,397
2026-04-03,Pulka,Staples,4,0,28,0,0.22,41.22,0,0,0.14,None,0,0.05,0.0,0,5,10,320
2026-04-04,Pulka,Staples,5,0,27,0,0.51,40.94,0,0,0.13,None,1,0.3,0.0,0,5,10,340
2026-04-05,Pulka,Staples,6,0,26,0,0.49,36.95,0,0,0.03,None,0,0.02,0.0,0,5,10,364
2026-04-06,Pulka,Staples,0,0,25,0,0.04,36.56,0,1,0.04,None,0,0.15,0.0,0,5,10,433
2026-04-07,Pulka,Staples,1,0,24,0,0.14,38.82,0,0,0.06,None,1,0.25,0.0,0,5,10,347
2026-04-08,Pulka,Staples,2,0,23,0,1.35,40.74,0,0,0.15,None,0,0.05,0.0,0,5,10,348
2026-04-09,Pulka,Staples,3,0,22,0,0.3,36.85,0,0,0.13,None,1,0.2,0.0,0,5,10,344
2026-04-10,Pulka,Staples,4,0,21,0,0.98,38.3,0,0,0.14,None,0,0.05,0.0,0,5,10,303
2026-04-11,Pulka,Staples,5,0,20,0,0.21,43.01,0,0,0.09,None,1,0.3,0.0,0,5,10,340
2026-04-12,Pulka,Staples,6,0,19,0,0.1,41.29,0,0,0.1,None,0,0.02,0.0,0,5,10,363
2026-04-13,Pulka,Staples,0,0,18,0,0.19,41.93,0,0,0.11,None,0,0.15,0.0,0,5,10,336
2026-04-14,Pulka,Staples,1,0,17,0,0.01,40.2,0,0,0.06,None,1,0.25,0.0,0,5,10,379
2026-04-15,Pulka,Staples,2,0,16,0,0.29,39.19,0,1,0.08,None,0,0.05,0.0,0,5,10,435
2026-04-16,Pulka,Staples,3,0,15,0,1.93,38.32,0,0,0.11,None,1,0.2,0.0,0,5,10,374
2026-04-17,Pulka,Staples,4,0,14,0,0.07,38.32,0,0,0.08,None,0,0.05,0.0,0,5,10,317
2026-04-18,Pulka,Staples,5,0,13,0,0.43,38.39,0,0,0.04,None,1,0.3,0.0,0,5,10,374
2026-04-19,Pulka,Staples,6,0,12,0,0.19,41.62,0,0,0.02,None,0,0.02,0.0,0,5,10,406
2026-04-20,Pulka,Staples,0,0,11,0,4.52,41.99,0,0,0.08,None,0,0.15,0.0,0,5,10,379
2026-04-21,Pulka,Staples,1,0,10,0,7.38,40.27,0,1,0.05,None,1,0.25,0.0,0,5,10,472
2026-04-22,Pulka,Staples,2,0,9,0,0.36,44.4,0,1,0.07,None,0,0.05,0.0,0,5,10,411
2026-04-23,Pulka,Staples,3,0,8,0,0.59,39.19,0,0,0.09,None,1,0.2,0.0,0,5,10,414
2026-04-24,Pulka,Staples,4,0,7,0,4.41,41.23,0,0,0.04,None,0,0.05,0.0,0,5,10,379
2026-04-25,Pulka,Staples,5,0,6,0,0.03,41.62,0,1,0.11,None,1,0.3,0.0,0,5,10,406
2026-04-26,Pulka,Staples,6,0,5,0,1.44,39.94,0,0,0.08,None,0,0.02,0.0,0,5,10,395
2026-04-27,Pulka,Staples,0,0,4,0,0.05,39.42,0,0,0.13,None,0,0.15,0.0,0,5,10,368
2026-04-28,Pulka,Staples,1,0,3,0,0.27,44.44,0,1,0.03,None,1,0.25,0.0,0,5,10,491
2026-04-29,Pulka,Staples,2,0,2,0,0.22,39.93,0,1,0.09,None,0,0.05,0.0,0,5,10,430
2026-04-30,Pulka,Staples,3,0,1,0,0.02,38.64,0,0,0.11,None,1,0.2,0.0,0,5,10,381
2026-05-01,Pulka,Staples,4,0,1,0,0.01,40.24,0,0,0.06,None,0,0.05,0.0,0,5,10,331
2026-05-02,Pulka,Staples,5,0,0,0,0.02,41.71,0,0,0.13,None,1,0.3,0.0,0,5,10,342
2026-05-03,Pulka,Staples,6,0,29,0,0.06,39.32,0,0,0.14,None,0,0.02,0.0,0,5,10,330
2026-05-04,Pulka,Staples,0,0,28,0,0.38,39.28,0,1,0.1,None,0,0.15,0.0,0,5,10,482
2026-05-05,Pulka,Staples,1,0,27,0,0.18,39.36,0,0,0.11,None,1,0.25,0.0,0,5,10,366
2026-05-06,Pulka,Staples,2,0,26,0,0.15,41.18,0,0,0.07,None,0,0.05,0.0,0,5,10,359
2026-05-07,Pulka,Staples,3,0,25,0,0.99,43.05,0,0,0.09,None,1,0.2,0.0,0,5,10,414
2026-05-08,Pulka,Staples,4,0,24,0,0.04,40.65,0,1,0.14,None,0,0.05,0.0,0,5,10,356
2026-05-09,Pulka,Staples,5,0,23,0,5.49,42.34,0,0,0.14,None,1,0.3,0.0,0,5,10,347
2026-05-10,Pulka,Staples,6,0,22,0,2.0,39.34,0,1,0.04,None,0,0.02,0.0,0,5,10,459
2026-05-11,Pulka,Staples,0,0,21,0,0.06,42.23,0,0,0.1,None,0,0.15,0.0,0,5,10,372
2026-05-12,Pulka,Staples,1,0,20,0,0.22,39.26,0,0,0.04,None,1,0.25,0.0,0,5,10,388
2026-05-13,Pulka,Staples,2,0,19,0,3.25,41.48,0,0,0.03,None,0,0.05,0.0,0,5,10,358
2026-05-14,Pulka,Staples,3,0,18,0,0.34,42.72,0,0,0.08,None,1,0.2,0.0,0,5,10,396
2026-05-15,Pulka,Staples,4,0,17,0,0.7,40.82,0,0,0.12,None,0,0.05,0.0,0,5,10,333
2026-05-16,Pulka,Staples,5,1,16,0,0.15,41.96,0,0,0.03,None,1,0.3,0.0,1,5,10,39
2026-05-17,Pulka,Staples,6,0,15,0,1.23,39.99,0,0,0.05,None,0,0.02,0.0,0,5,10,371
2026-05-18,Pulka,Staples,0,0,14,0,1.25,42.27,0,0,0.15,None,0,0.15,0.0,0,5,10,342
2026-05-19,Pulka,Staples,1,0,13,0,0.2,38.31,0,0,0.02,None,1,0.25,0.0,0,5,10,426
2026-05-20,Pulka,Staples,2,0,12,0,0.12,39.28,0,1,0.08,None,0,0.05,0.0,0,5,10,446
2026-05-21,Pulka,Staples,3,0,11,0,0.0,40.65,0,0,0.09,None,1,0.2,0.0,0,5,10,362
2026-05-22,Pulka,Staples,4,0,10,0,1.66,41.43,0,0,0.13,None,0,0.05,0.0,0,5,10,308
2026-05-23,Pulka,Staples,5,0,9,0,1.79,38.53,0,1,0.13,None,1,0.3,0.0,0,5,10,462
2026-05-24,Pulka,Staples,6,0,8,0,0.03,39.95,0,0,0.09,None,0,0.02,0.0,0,5,10,365
2026-05-25,Pulka,Staples,0,0,7,0,1.52,42.82,0,0,0.08,None,0,0.15,0.0,0,5,10,338
2026-05-26,Pulka,Staples,1,0,6,0,2.84,40.69,0,0,0.02,None,1,0.25,0.0,0,5,10,385
2026-05-27,Pulka,Staples,2,0,5,0,0.08,40.7,0,0,0.04,None,0,0.05,0.0,0,5,10,360
2026-05-28,Pulka,Staples,3,0,4,0,0.84,40.93,0,0,0.04,None,1,0.2,0.0,0,5,10,388
2026-05-29,Pulka,Staples,4,0,3,0,1.04,40.07,0,0,0.12,None,0,0.05,0.0,0,5,10,306
2026-05-30,Pulka,Staples,5,0,2,0,0.45,40.31,0,0,0.12,None,1,0.3,0.0,0,5,10,343
2026-05-31,Pulka,Staples,6,0,1,0,0.14,37.03,0,0,0.12,None,0,0.02,0.0,0,5,10,365
2026-06-01,Pulka,Staples,0,0,0,0,79.14,33.46,1,0,0.14,None,0,0.15,0.0,0,5,10,347
2026-06-02,Pulka,Staples,1,0,29,0,21.71,29.85,0,1,0.08,None,1,0.25,0.0,0,5,10,517
2026-06-03,Pulka,Staples,2,0,28,0,26.79,29.41,0,0,0.03,None,0,0.05,0.0,0,5,10,440
2026-06-04,Pulka,Staples,3,0,27,0,16.8,31.26,0,1,0.07,None,1,0.2,0.0,0,5,10,467
2026-06-05,Pulka,Staples,4,0,26,0,20.57,30.84,0,0,0.05,None,0,0.05,0.0,0,5,10,375
2026-06-06,Pulka,Staples,5,1,25,0,21.55,28.11,0,0,0.05,None,1,0.3,0.0,1,5,10,46
2026-06-07,Pulka,Staples,6,0,24,0,7.69,31.54,0,0,0.07,None,0,0.02,0.0,0,5,10,363
2026-06-08,Pulka,Staples,0,0,23,0,8.64,32.37,0,0,0.08,None,0,0.15,0.0,0,5,10,398
2026-06-09,Pulka,Staples,1,0,22,0,8.26,29.25,0,1,0.14,None,1,0.25,0.0,0,5,10,438
2026-06-10,Pulka,Staples,2,0,21,0,16.76,32.76,0,1,0.08,None,0,0.05,0.0,0,5,10,410
2026-06-11,Pulka,Staples,3,0,20,0,32.12,29.79,0,0,0.15,None,1,0.2,0.0,0,5,10,394
2026-06-12,Pulka,Staples,4,0,19,0,60.44,36.62,1,0,0.08,None,0,0.05,0.0,0,5,10,369
2026-06-13,Pulka,Staples,5,1,18,0,11.54,31.84,0,0,0.04,None,1,0.3,0.0,1,5,10,39
2026-06-14,Pulka,Staples,6,0,17,0,24.68,32.67,0,0,0.09,None,0,0.02,0.0,0,5,10,389
2026-06-15,Pulka,Staples,0,0,16,0,23.17,28.7,0,1,0.07,None,0,0.15,0.0,0,5,10,515
2026-06-16,Pulka,Staples,1,0,15,0,25.43,31.29,0,0,0.11,None,1,0.25,0.0,0,5,10,388
2026-06-17,Pulka,Staples,2,0,14,0,3.21,29.19,0,0,0.09,None,0,0.05,0.0,0,5,10,377
2026-06-18,Pulka,Staples,3,0,13,0,6.63,33.37,0,1,0.04,None,1,0.2,0.0,0,5,10,450
2026-06-19,Pulka,Staples,4,0,12,0,15.58,32.51,0,0,0.05,None,0,0.05,0.0,0,5,10,316
2026-06-20,Pulka,Staples,5,0,11,0,12.14,37.38,0,0,0.02,None,1,0.3,0.0,0,5,10,373
2026-06-21,Pulka,Staples,6,0,10,0,53.55,30.33,1,0,0.09,None,0,0.02,0.0,0,5,10,377
2026-06-22,Pulka,Staples,0,0,9,0,63.95,35.92,1,1,0.08,None,0,0.15,0.0,0,5,10,547
2026-06-23,Pulka,Staples,1,0,8,0,18.38,28.23,0,0,0.03,None,1,0.25,0.0,0,5,10,439
2026-06-24,Pulka,Staples,2,0,7,0,20.64,30.57,0,1,0.13,None,0,0.05,0.0,0,5,10,467
2026-06-25,Pulka,Staples,3,0,6,0,48.11,29.52,1,0,0.11,None,1,0.2,0.0,0,5,10,404
2026-06-26,Pulka,Staples,4,0,5,0,27.66,27.09,0,1,0.14,None,0,0.05,0.0,0,5,10,431
2026-06-27,Pulka,Staples,5,0,4,0,16.46,24.03,0,0,0.14,None,1,0.3,0.0,0,5,10,338
2026-06-28,Pulka,Staples,6,0,3,0,25.88,28.74,0,0,0.1,None,0,0.02,0.0,0,5,10,395
2026-06-29,Pulka,Staples,0,0,2,0,20.21,32.63,0,0,0.13,None,0,0.15,0.0,0,5,10,431
2026-06-30,Pulka,Staples,1,0,1,0,28.92,30.06,0,0,0.04,None,1,0.25,0.0,0,5,10,420
2026-07-01,Pulka,Staples,2,1,1,0,33.05,31.35,0,0,0.09,None,0,0.05,0.0,1,5,10,42
2026-07-02,Pulka,Staples,3,0,0,0,15.2,27.49,0,0,0.14,None,1,0.2,0.0,0,5,10,357
2026-07-03,Pulka,Staples,4,0,29,0,36.68,34.06,0,0,0.09,None,0,0.05,0.0,0,5,10,363
2026-07-04,Pulka,Staples,5,0,28,0,33.33,28.27,0,1,0.05,None,1,0.3,0.0,0,5,10,511
2026-07-05,Pulka,Staples,6,0,27,0,14.17,24.54,0,0,0.12,None,0,0.02,0.0,0,5,10,344
2026-07-06,Pulka,Staples,0,0,26,0,28.18,30.47,0,1,0.08,None,0,0.15,0.0,0,5,10,486
2026-07-07,Pulka,Staples,1,0,25,0,51.55,33.75,1,0,0.04,None,1,0.25,0.0,0,5,10,453
2026-07-08,Pulka,Staples,2,0,24,0,28.87,26.63,0,0,0.14,None,0,0.05,0.0,0,5,10,429
2026-07-09,Pulka,Staples,3,0,23,0,6.09,31.81,0,0,0.05,None,1,0.2,0.0,0,5,10,379
2026-07-10,Pulka,Staples,4,0,22,0,10.11,30.46,0,0,0.1,None,0,0.05,0.0,0,5,10,320
2026-07-11,Pulka,Staples,5,0,21,0,4.75,31.25,0,0,0.12,None,1,0.3,0.0,0,5,10,375
2026-07-12,Pulka,Staples,6,0,20,0,27.16,28.1,0,0,0.07,None,0,0.02,0.0,0,5,10,419
2026-07-13,Pulka,Staples,0,0,19,0,13.02,33.14,0,0,0.05,None,0,0.15,0.0,0,5,10,381
2026-07-14,Pulka,Staples,1,0,18,0,36.34,28.13,0,1,0.04,None,1,0.25,0.0,0,5,10,504
2026-07-15,Pulka,Staples,2,0,17,0,13.42,27.81,0,0,0.14,None,0,0.05,0.0,0,5,10,318
2026-07-16,Pulka,Staples,3,0,16,0,27.61,31.92,0,1,0.11,None,1,0.2,0.0,0,5,10,482
2026-07-17,Pulka,Staples,4,1,15,1,16.55,30.18,0,0,0.29,None,0,0.05,0.0,1,5,10,25
2026-07-18,Pulka,Staples,5,0,14,0,12.96,31.58,0,0,0.14,None,1,0.3,0.0,0,5,10,339
2026-07-19,Pulka,Staples,6,0,13,0,9.17,28.82,0,0,0.14,None,0,0.02,0.0,0,5,10,346
2026-07-20,Pulka,Staples,0,0,12,0,2.85,31.23,0,1,0.06,None,0,0.15,0.0,0,5,10,449
2026-07-21,Pulka,Staples,1,0,11,0,38.78,35.42,0,1,0.06,None,1,0.25,0.0,0,5,10,463
2026-07-22,Pulka,Staples,2,0,10,0,21.47,37.52,0,0,0.06,None,0,0.05,0.0,0,5,10,456
2026-07-23,Pulka,Staples,3,0,9,0,8.64,31.84,0,0,0.07,None,1,0.2,0.0,0,5,10,324
2026-07-24,Pulka,Staples,4,0,8,0,25.36,30.66,0,1,0.03,None,0,0.05,0.0,0,5,10,481
2026-07-25,Pulka,Staples,5,0,7,0,27.92,27.63,0,1,0.07,None,1,0.3,0.0,0,5,10,536
2026-07-26,Pulka,Staples,6,0,6,0,12.48,34.4,0,1,0.05,None,0,0.02,0.0,0,5,10,484
2026-07-27,Pulka,Staples,0,0,5,0,5.88,31.53,0,0,0.03,None,0,0.15,0.0,0,5,10,419
2026-07-28,Pulka,Staples,1,0,4,0,2.6,38.67,0,1,0.04,None,1,0.25,0.0,0,5,10,434
2026-07-29,Pulka,Staples,2,0,3,0,37.37,32.52,0,1,0.12,None,0,0.05,0.0,0,5,10,453
2026-07-30,Pulka,Staples,3,0,2,0,30.41,31.15,0,0,0.1,None,1,0.2,0.0,0,5,10,412
2026-07-31,Pulka,Staples,4,0,1,0,31.24,31.27,0,0,0.04,None,0,0.05,0.0,0,5,10,364
2026-08-01,Pulka,Staples,5,0,1,0,21.26,36.11,0,1,0.05,Shravan,1,0.4,0.02,0,5,10,525
2026-08-02,Pulka,Staples,6,0,0,0,5.83,33.81,0,0,0.06,Shravan,0,0.4,0.02,0,5,10,385
2026-08-03,Pulka,Staples,0,0,29,0,50.85,31.99,1,0,0.07,Shravan,0,0.4,0.02,0,5,10,384
2026-08-04,Pulka,Staples,1,0,28,0,3.01,32.89,0,0,0.13,Shravan,1,0.4,0.02,0,5,10,342
2026-08-05,Pulka,Staples,2,0,27,0,19.96,29.8,0,0,0.07,Shravan,0,0.4,0.02,0,5,10,351
2026-08-06,Pulka,Staples,3,0,26,0,8.73,34.56,0,0,0.08,Shravan,1,0.4,0.02,0,5,10,363
2026-08-07,Pulka,Staples,4,0,25,0,30.82,31.62,0,1,0.06,Shravan,0,0.4,0.02,0,5,10,470
2026-08-08,Pulka,Staples,5,0,24,0,18.87,34.39,0,0,0.1,Shravan,1,0.4,0.02,0,5,10,320
2026-08-09,Pulka,Staples,6,0,23,0,12.07,32.33,0,0,0.08,Shravan,0,0.4,0.02,0,5,10,368
2026-08-10,Pulka,Staples,0,0,22,0,5.45,30.68,0,1,0.11,Shravan,0,0.4,0.02,0,5,10,461
2026-08-11,Pulka,Staples,1,0,21,0,40.16,31.05,1,0,0.11,Shravan,1,0.4,0.02,0,5,10,379
2026-08-12,Pulka,Staples,2,0,20,0,11.1,27.85,0,0,0.08,Shravan,0,0.4,0.02,0,5,10,362
2026-08-13,Pulka,Staples,3,0,19,0,21.04,30.2,0,0,0.11,Shravan,1,0.4,0.02,0,5,10,416
2026-08-14,Pulka,Staples,4,0,18,0,6.24,31.01,0,0,0.04,Shravan,0,0.4,0.02,0,5,10,331
2026-08-15,Pulka,Staples,5,0,17,0,10.57,25.95,0,0,0.14,Shravan,1,0.4,0.02,0,5,10,339
2026-08-16,Pulka,Staples,6,0,16,0,38.92,28.74,0,0,0.08,Shravan,0,0.4,0.02,0,5,10,401
2026-08-17,Pulka,Staples,0,0,15,0,3.35,24.56,0,1,0.05,Shravan,0,0.4,0.02,0,5,10,438
2026-08-18,Pulka,Staples,1,0,14,0,23.53,29.69,0,0,0.05,Shravan,1,0.4,0.02,0,5,10,426
2026-08-19,Pulka,Staples,2,0,13,0,13.01,26.12,0,1,0.09,Shravan,0,0.4,0.02,0,5,10,438
2026-08-20,Pulka,Staples,3,1,12,0,15.8,29.21,0,0,0.06,Shravan,1,0.4,0.02,1,5,10,34
2026-08-21,Pulka,Staples,4,0,11,0,6.4,31.87,0,0,0.04,Shravan,0,0.4,0.02,0,5,10,324
2026-08-22,Pulka,Staples,5,0,10,0,25.07,32.05,0,0,0.15,Shravan,1,0.4,0.02,0,5,10,347
2026-08-23,Pulka,Staples,6,0,9,0,2.25,29.93,0,0,0.11,Shravan,0,0.4,0.02,0,5,10,344
2026-08-24,Pulka,Staples,0,0,8,0,12.37,30.53,0,0,0.08,Shravan,0,0.4,0.02,0,5,10,384
2026-08-25,Pulka,Staples,1,0,7,0,25.19,28.28,0,0,0.13,Shravan,1,0.4,0.02,0,5,10,377
2026-08-26,Pulka,Staples,2,0,6,0,26.32,25.09,0,0,0.07,Shravan,0,0.4,0.02,0,5,10,412
2026-08-27,Pulka,Staples,3,0,5,0,26.85,25.36,0,0,0.03,Shravan,1,0.4,0.02,0,5,10,440
2026-08-28,Pulka,Staples,4,0,4,0,9.52,33.99,0,0,0.07,Shravan,0,0.4,0.02,0,5,10,316
2026-08-29,Pulka,Staples,5,0,3,0,13.92,35.0,0,0,0.08,Shravan,1,0.4,0.02,0,5,10,388
2026-08-30,Pulka,Staples,6,0,2,0,16.35,29.61,0,0,0.1,Shravan,0,0.4,0.02,0,5,10,373
2026-08-31,Pulka,Staples,0,0,1,0,23.97,24.17,0,0,0.13,Shravan,0,0.4,0.02,0,5,10,384
2026-09-01,Pulka,Staples,1,0,0,0,81.02,27.81,1,0,0.07,None,1,0.25,0.0,0,5,10,435
2026-09-02,Pulka,Staples,2,0,29,0,9.62,33.81,0,0,0.03,None,0,0.05,0.0,0,5,10,359
2026-09-03,Pulka,Staples,3,0,28,0,17.1,34.04,0,1,0.14,None,1,0.2,0.0,0,5,10,434
2026-09-04,Pulka,Staples,4,0,27,0,39.22,29.82,0,0,0.02,None,0,0.05,0.0,0,5,10,409
2026-09-05,Pulka,Staples,5,0,26,0,2.77,27.93,0,1,0.05,None,1,0.3,0.0,0,5,10,439
2026-09-06,Pulka,Staples,6,0,25,0,26.87,35.25,0,0,0.1,None,0,0.02,0.0,0,5,10,395
2026-09-07,Pulka,Staples,0,0,24,0,59.75,34.63,1,0,0.06,None,0,0.15,0.0,0,5,10,418
2026-09-08,Pulka,Staples,1,0,23,0,3.09,28.05,0,0,0.06,None,1,0.25,0.0,0,5,10,384
2026-09-09,Pulka,Staples,2,0,22,0,11.44,27.1,0,0,0.1,None,0,0.05,0.0,0,5,10,379
2026-09-10,Pulka,Staples,3,0,21,0,12.62,34.6,0,0,0.13,None,1,0.2,0.0,0,5,10,380
2026-09-11,Pulka,Staples,4,0,20,0,12.83,34.84,0,1,0.04,None,0,0.05,0.0,0,5,10,414
2026-09-12,Pulka,Staples,5,0,19,0,4.22,31.82,0,0,0.11,None,1,0.3,0.0,0,5,10,364
2026-09-13,Pulka,Staples,6,0,18,0,14.99,30.34,0,0,0.05,None,0,0.02,0.0,0,5,10,398
2026-09-14,Pulka,Staples,0,0,17,0,14.48,28.71,0,0,0.06,None,0,0.15,0.0,0,5,10,367
2026-09-15,Pulka,Staples,1,0,16,0,16.13,30.1,0,1,0.11,None,1,0.25,0.0,0,5,10,451
2026-09-16,Pulka,Staples,2,0,15,0,13.05,35.98,0,0,0.06,None,0,0.05,0.0,0,5,10,383
2026-09-17,Pulka,Staples,3,0,14,0,5.78,33.77,0,0,0.04,None,1,0.2,0.0,0,5,10,381
2026-09-18,Pulka,Staples,4,0,13,0,21.36,29.49,0,1,0.04,None,0,0.05,0.0,0,5,10,437
2026-09-19,Pulka,Staples,5,0,12,0,47.3,31.85,1,0,0.07,None,1,0.3,0.0,0,5,10,460
2026-09-20,Pulka,Staples,6,1,11,0,13.55,33.82,0,0,0.03,None,0,0.02,0.0,1,5,10,35
2026-09-21,Pulka,Staples,0,1,10,1,4.07,27.23,0,1,0.24,None,0,0.15,0.0,1,5,10,37
2026-09-22,Pulka,Staples,1,0,9,0,31.22,28.77,0,1,0.02,None,1,0.25,0.0,0,5,10,519
2026-09-23,Pulka,Staples,2,0,8,0,66.89,30.05,1,0,0.14,None,0,0.05,0.0,0,5,10,380
2026-09-24,Pulka,Staples,3,0,7,0,24.59,24.99,0,1,0.05,None,1,0.2,0.0,0,5,10,469
2026-09-25,Pulka,Staples,4,0,6,0,22.12,27.03,0,1,0.07,None,0,0.05,0.0,0,5,10,469
2026-09-26,Pulka,Staples,5,0,5,0,11.66,26.06,0,0,0.05,None,1,0.3,0.0,0,5,10,371
2026-09-27,Pulka,Staples,6,0,4,0,53.14,28.31,1,0,0.11,None,0,0.02,0.0,0,5,10,394
2026-09-28,Pulka,Staples,0,0,3,0,44.39,33.84,1,0,0.06,None,0,0.15,0.0,0,5,10,418
2026-09-29,Pulka,Staples,1,0,2,0,26.58,34.14,0,1,0.14,None,1,0.25,0.0,0,5,10,521
2026-09-30,Pulka,Staples,2,0,1,0,7.06,25.97,0,0,0.02,None,0,0.05,0.0,0,5,10,385
2026-10-01,Pulka,Staples,3,0,1,0,5.85,20.28,0,0,0.11,None,1,0.2,0.0,0,5,10,370
2026-10-02,Pulka,Staples,4,0,0,0,5.11,32.46,0,0,0.15,None,0,0.05,0.0,0,5,10,285
2026-10-03,Pulka,Staples,5,0,29,0,0.43,20.27,0,0,0.07,None,1,0.3,0.0,0,5,10,378
2026-10-04,Pulka,Staples,6,0,28,0,2.53,27.86,0,0,0.14,None,0,0.02,0.0,0,5,10,330
2026-10-05,Pulka,Staples,0,0,27,0,1.25,24.77,0,1,0.12,None,0,0.15,0.0,0,5,10,423
2026-10-06,Pulka,Staples,1,0,26,0,0.29,28.72,0,0,0.15,None,1,0.25,0.0,0,5,10,331
2026-10-07,Pulka,Staples,2,0,25,0,2.28,31.18,0,0,0.12,None,0,0.05,0.0,0,5,10,354
2026-10-08,Pulka,Staples,3,0,24,0,5.24,20.99,0,1,0.12,None,1,0.2,0.0,0,5,10,398
2026-10-09,Pulka,Staples,4,0,23,0,0.56,23.83,0,0,0.09,None,0,0.05,0.0,0,5,10,353
2026-10-10,Pulka,Staples,5,0,22,0,0.21,24.96,0,1,0.11,Navratri,1,0.45,0.05,0,5,10,391
2026-10-11,Pulka,Staples,6,0,21,0,7.83,21.67,0,0,0.05,Navratri,0,0.45,0.05,0,5,10,368
2026-10-12,Pulka,Staples,0,0,20,0,3.51,23.4,0,0,0.03,Navratri,0,0.45,0.05,0,5,10,348
2026-10-13,Pulka,Staples,1,0,19,0,0.29,24.3,0,0,0.05,Navratri,1,0.45,0.05,0,5,10,378
2026-10-14,Pulka,Staples,2,0,18,0,15.05,28.53,0,1,0.11,Navratri,0,0.45,0.05,0,5,10,406
2026-10-15,Pulka,Staples,3,0,17,0,2.38,29.15,0,0,0.05,Navratri,1,0.45,0.05,0,5,10,353
2026-10-16,Pulka,Staples,4,0,16,0,0.52,18.73,0,1,0.08,Navratri,0,0.45,0.05,0,5,10,394
2026-10-17,Pulka,Staples,5,0,15,0,2.28,24.04,0,0,0.06,Navratri,1,0.45,0.05,0,5,10,368
2026-10-18,Pulka,Staples,6,0,14,0,3.19,24.49,0,0,0.09,Navratri,0,0.45,0.05,0,5,10,344
2026-10-19,Pulka,Staples,0,1,13,1,9.64,28.01,0,1,0.18,Navratri,0,0.45,0.05,1,5,10,36
2026-10-20,Pulka,Staples,1,0,12,0,1.53,29.42,0,1,0.08,None,1,0.25,0.0,0,5,10,405
2026-10-21,Pulka,Staples,2,0,11,0,4.24,17.15,0,0,0.13,None,0,0.05,0.0,0,5,10,350
2026-10-22,Pulka,Staples,3,0,10,0,5.58,20.04,0,0,0.11,None,1,0.2,0.0,0,5,10,339
2026-10-23,Pulka,Staples,4,0,9,0,3.15,28.22,0,0,0.13,None,0,0.05,0.0,0,5,10,298
2026-10-24,Pulka,Staples,5,0,8,0,2.59,25.34,0,0,0.14,None,1,0.3,0.0,0,5,10,330
2026-10-25,Pulka,Staples,6,1,7,0,1.55,23.93,0,1,0.04,None,0,0.02,0.0,1,5,10,45
2026-10-26,Pulka,Staples,0,0,6,0,0.23,25.58,0,0,0.1,None,0,0.15,0.0,0,5,10,380
2026-10-27,Pulka,Staples,1,0,5,0,2.88,23.41,0,0,0.04,None,1,0.25,0.0,0,5,10,393
2026-10-28,Pulka,Staples,2,0,4,0,11.65,22.43,0,1,0.12,None,0,0.05,0.0,0,5,10,409
2026-10-29,Pulka,Staples,3,0,3,0,0.93,24.79,0,1,0.12,None,1,0.2,0.0,0,5,10,406
2026-10-30,Pulka,Staples,4,1,2,1,1.19,20.64,0,1,0.19,None,0,0.05,0.0,1,5,10,33
2026-10-31,Pulka,Staples,5,0,1,0,0.36,29.89,0,0,0.03,None,1,0.3,0.0,0,5,10,392
2026-11-01,Pulka,Staples,6,0,0,0,1.93,24.2,0,0,0.04,None,0,0.02,0.0,0,5,10,376
2026-11-02,Pulka,Staples,0,0,29,0,2.72,24.26,0,0,0.07,None,0,0.15,0.0,0,5,10,387
2026-11-03,Pulka,Staples,1,0,28,0,5.92,26.34,0,0,0.07,None,1,0.25,0.0,0,5,10,370
2026-11-04,Pulka,Staples,2,0,27,0,0.98,34.84,0,1,0.09,None,0,0.05,0.0,0,5,10,432
2026-11-05,Pulka,Staples,3,0,26,0,2.7,34.67,0,0,0.14,None,1,0.2,0.0,0,5,10,356
2026-11-06,Pulka,Staples,4,0,25,0,1.04,20.33,0,0,0.04,None,0,0.05,0.0,0,5,10,315
2026-11-07,Pulka,Staples,5,0,24,0,14.34,19.62,0,1,0.1,None,1,0.3,0.0,0,5,10,368
2026-11-08,Pulka,Staples,6,0,23,0,0.65,24.11,0,0,0.12,None,0,0.02,0.0,0,5,10,347
2026-11-09,Pulka,Staples,0,1,22,1,0.35,19.15,0,0,0.22,None,0,0.15,0.0,1,5,10,32
2026-11-10,Pulka,Staples,1,0,21,0,4.49,25.31,0,0,0.12,None,1,0.25,0.0,0,5,10,365
2026-11-11,Pulka,Staples,2,0,20,0,12.01,30.81,0,0,0.12,None,0,0.05,0.0,0,5,10,344
2026-11-12,Pulka,Staples,3,0,19,0,7.73,20.99,0,0,0.12,None,1,0.2,0.0,0,5,10,382
2026-11-13,Pulka,Staples,4,1,18,1,0.72,15.26,0,0,0.19,None,0,0.05,0.0,1,5,10,30
2026-11-14,Pulka,Staples,5,0,17,0,1.67,25.65,0,0,0.05,None,1,0.3,0.0,0,5,10,378
2026-11-15,Pulka,Staples,6,0,16,0,8.66,17.98,0,0,0.14,None,0,0.02,0.0,0,5,10,345
2026-11-16,Pulka,Staples,0,0,15,0,1.3,29.53,0,0,0.07,None,0,0.15,0.0,0,5,10,368
2026-11-17,Pulka,Staples,1,0,14,0,4.59,26.82,0,1,0.13,None,1,0.25,0.0,0,5,10,412
2026-11-18,Pulka,Staples,2,0,13,0,3.23,25.01,0,0,0.06,None,0,0.05,0.0,0,5,10,412
2026-11-19,Pulka,Staples,3,0,12,0,0.87,20.63,0,0,0.09,None,1,0.2,0.0,0,5,10,354
2026-11-20,Pulka,Staples,4,0,11,0,4.47,29.72,0,0,0.1,None,0,0.05,0.0,0,5,10,328
2026-11-21,Pulka,Staples,5,0,10,0,0.15,21.45,0,0,0.07,None,1,0.3,0.0,0,5,10,368
2026-11-22,Pulka,Staples,6,0,9,0,2.08,27.54,0,0,0.08,None,0,0.02,0.0,0,5,10,354
2026-11-23,Pulka,Staples,0,0,8,0,3.27,20.47,0,1,0.13,None,0,0.15,0.0,0,5,10,383
2026-11-24,Pulka,Staples,1,0,7,0,1.59,21.65,0,0,0.15,None,1,0.25,0.0,0,5,10,346
2026-11-25,Pulka,Staples,2,0,6,0,11.44,20.41,0,0,0.11,None,0,0.05,0.0,0,5,10,353
2026-11-26,Pulka,Staples,3,0,5,0,12.8,18.64,0,1,0.08,None,1,0.2,0.0,0,5,10,417
2026-11-27,Pulka,Staples,4,0,4,0,7.33,22.96,0,0,0.04,None,0,0.05,0.0,0,5,10,343
2026-11-28,Pulka,Staples,5,0,3,0,0.05,22.71,0,0,0.05,None,1,0.3,0.0,0,5,10,332
2026-11-29,Pulka,Staples,6,0,2,0,13.85,22.11,0,0,0.05,None,0,0.02,0.0,0,5,10,383
2026-11-30,Pulka,Staples,0,0,1,0,1.04,29.89,0,0,0.05,None,0,0.15,0.0,0,5,10,353
2026-12-01,Pulka,Staples,1,0,1,0,4.03,23.07,0,0,0.05,None,1,0.25,0.0,0,5,10,391
2026-12-02,Pulka,Staples,2,0,0,0,0.23,20.6,0,1,0.11,None,0,0.05,0.0,0,5,10,434
2026-12-03,Pulka,Staples,3,1,29,0,3.28,31.0,0,1,0.05,None,1,0.2,0.0,1,5,10,47
2026-12-04,Pulka,Staples,4,0,28,0,1.89,24.85,0,0,0.03,None,0,0.05,0.0,0,5,10,357
2026-12-05,Pulka,Staples,5,0,27,0,0.04,24.82,0,0,0.1,None,1,0.3,0.0,0,5,10,350
2026-12-06,Pulka,Staples,6,0,26,0,3.25,23.2,0,0,0.05,None,0,0.02,0.0,0,5,10,376
2026-12-07,Pulka,Staples,0,0,25,0,3.09,21.62,0,1,0.08,None,0,0.15,0.0,0,5,10,424
2026-12-08,Pulka,Staples,1,0,24,0,6.39,26.33,0,0,0.12,None,1,0.25,0.0,0,5,10,331
2026-12-09,Pulka,Staples,2,0,23,0,3.87,25.48,0,0,0.15,None,0,0.05,0.0,0,5,10,340
2026-12-10,Pulka,Staples,3,0,22,0,0.11,16.03,0,0,0.12,None,1,0.2,0.0,0,5,10,353
2026-12-11,Pulka,Staples,4,0,21,0,0.7,27.35,0,0,0.14,None,0,0.05,0.0,0,5,10,313
2026-12-12,Pulka,Staples,5,0,20,0,0.23,31.99,0,0,0.06,None,1,0.3,0.0,0,5,10,330
2026-12-13,Pulka,Staples,6,0,19,0,2.78,23.73,0,0,0.05,None,0,0.02,0.0,0,5,10,387
2026-12-14,Pulka,Staples,0,0,18,0,0.51,30.51,0,1,0.14,None,0,0.15,0.0,0,5,10,398
2026-12-15,Pulka,Staples,1,0,17,0,2.57,24.71,0,0,0.03,None,1,0.25,0.0,0,5,10,423
2026-12-16,Pulka,Staples,2,0,16,0,1.59,21.4,0,0,0.07,None,0,0.05,0.0,0,5,10,384
2026-12-17,Pulka,Staples,3,0,15,0,1.51,21.06,0,0,0.06,None,1,0.2,0.0,0,5,10,369
2026-12-18,Pulka,Staples,4,0,14,0,2.32,22.33,0,0,0.11,None,0,0.05,0.0,0,5,10,310
2026-12-19,Pulka,Staples,5,0,13,0,1.16,23.17,0,0,0.03,None,1,0.3,0.0,0,5,10,371
2026-12-20,Pulka,Staples,6,0,12,0,4.1,29.06,0,0,0.11,None,0,0.02,0.0,0,5,10,379
2026-12-21,Pulka,Staples,0,0,11,0,3.44,27.62,0,0,0.1,None,0,0.15,0.0,0,5,10,392
2026-12-22,Pulka,Staples,1,0,10,0,8.24,26.39,0,0,0.08,None,1,0.25,0.0,0,5,10,351
2026-12-23,Pulka,Staples,2,0,9,0,0.6,24.18,0,0,0.04,None,0,0.05,0.0,0,5,10,393
2026-12-24,Pulka,Staples,3,0,8,0,0.23,28.47,0,0,0.09,None,1,0.2,0.0,0,5,10,367
2026-12-25,Pulka,Staples,4,0,7,0,0.74,29.94,0,0,0.1,None,0,0.05,0.0,0,5,10,311
2026-12-26,Pulka,Staples,5,0,6,0,7.7,28.2,0,0,0.08,None,1,0.3,0.0,0,5,10,360
2026-12-27,Pulka,Staples,6,0,5,0,0.09,24.18,0,0,0.11,None,0,0.02,0.0,0,5,10,350
2026-12-28,Pulka,Staples,0,0,4,0,0.49,20.07,0,0,0.12,None,0,0.15,0.0,0,5,10,390
2026-12-29,Pulka,Staples,1,0,3,0,3.79,20.31,0,0,0.08,None,1,0.25,0.0,0,5,10,344
2026-12-30,Pulka,Staples,2,0,2,0,3.42,25.31,0,1,0.04,None,0,0.05,0.0,0,5,10,424
2024-01-01,White Rice,Staples,0,0,1,0,9.03,27.59,0,0,0.04,None,0,0.15,0.0,0,10,20,413
2024-01-02,White Rice,Staples,1,0,0,0,0.61,25.97,0,0,0.06,None,1,0.25,0.0,0,10,20,340
2024-01-03,White Rice,Staples,2,0,29,0,4.61,19.35,0,0,0.09,None,0,0.05,0.0,0,10,20,355
2024-01-04,White Rice,Staples,3,0,28,0,1.74,23.83,0,0,0.08,None,1,0.2,0.0,0,10,20,381
2024-01-05,White Rice,Staples,4,0,27,0,0.61,27.95,0,0,0.05,None,0,0.05,0.0,0,10,20,346
2024-01-06,White Rice,Staples,5,0,26,0,1.32,22.12,0,0,0.09,None,1,0.3,0.0,0,10,20,369
2024-01-07,White Rice,Staples,6,0,25,0,0.23,28.73,0,0,0.04,None,0,0.02,0.0,0,10,20,392
2024-01-08,White Rice,Staples,0,0,24,0,3.04,20.22,0,1,0.08,None,0,0.15,0.0,0,10,20,448
2024-01-09,White Rice,Staples,1,0,23,0,1.67,31.26,0,0,0.03,None,1,0.25,0.0,0,10,20,388
2024-01-10,White Rice,Staples,2,0,22,0,0.86,30.91,0,0,0.03,None,0,0.05,0.0,0,10,20,377
2024-01-11,White Rice,Staples,3,0,21,0,0.62,25.39,0,1,0.14,None,1,0.2,0.0,0,10,20,434
2024-01-12,White Rice,Staples,4,0,20,0,5.91,19.15,0,0,0.09,None,0,0.05,0.0,0,10,20,305
2024-01-13,White Rice,Staples,5,0,19,0,1.17,32.54,0,0,0.15,None,1,0.3,0.0,0,10,20,344
2024-01-14,White Rice,Staples,6,0,18,0,0.98,24.23,0,0,0.08,None,0,0.02,0.0,0,10,20,372
2024-01-15,White Rice,Staples,0,0,17,0,3.0,27.35,0,0,0.13,None,0,0.15,0.0,0,10,20,386
2024-01-16,White Rice,Staples,1,0,16,0,0.05,18.8,0,0,0.04,None,1,0.25,0.0,0,10,20,384
2024-01-17,White Rice,Staples,2,0,15,0,6.3,23.71,0,0,0.11,None,0,0.05,0.0,0,10,20,361
2024-01-18,White Rice,Staples,3,0,14,0,1.29,28.13,0,0,0.14,None,1,0.2,0.0,0,10,20,349
2024-01-19,White Rice,Staples,4,0,13,0,6.86,26.17,0,0,0.04,None,0,0.05,0.0,0,10,20,332
2024-01-20,White Rice,Staples,5,0,12,0,0.81,27.63,0,0,0.12,None,1,0.3,0.0,0,10,20,370
2024-01-21,White Rice,Staples,6,0,11,0,0.84,21.99,0,1,0.07,None,0,0.02,0.0,0,10,20,452
2024-01-22,White Rice,Staples,0,0,10,0,3.85,35.88,0,0,0.02,None,0,0.15,0.0,0,10,20,369
2024-01-23,White Rice,Staples,1,1,9,0,5.75,24.71,0,0,0.07,None,1,0.25,0.0,1,10,20,36
2024-01-24,White Rice,Staples,2,0,8,0,3.57,21.46,0,0,0.15,None,0,0.05,0.0,0,10,20,343
2024-01-25,White Rice,Staples,3,0,7,0,3.64,19.49,0,1,0.13,None,1,0.2,0.0,0,10,20,400
2024-01-26,White Rice,Staples,4,0,6,0,4.77,29.54,0,1,0.06,None,0,0.05,0.0,0,10,20,388
2024-01-27,White Rice,Staples,5,0,5,0,2.35,27.75,0,0,0.02,None,1,0.3,0.0,0,10,20,358
2024-01-28,White Rice,Staples,6,0,4,0,0.73,22.08,0,0,0.09,None,0,0.02,0.0,0,10,20,368
2024-01-29,White Rice,Staples,0,0,3,0,0.95,21.83,0,0,0.15,None,0,0.15,0.0,0,10,20,339
2024-01-30,White Rice,Staples,1,0,2,0,0.86,32.06,0,0,0.06,None,1,0.25,0.0,0,10,20,385
2024-01-31,White Rice,Staples,2,0,1,0,4.25,23.06,0,0,0.04,None,0,0.05,0.0,0,10,20,394
2024-02-01,White Rice,Staples,3,0,29,0,1.71,20.9,0,0,0.1,None,1,0.2,0.0,0,10,20,352
2024-02-02,White Rice,Staples,4,0,28,0,5.82,21.07,0,0,0.1,None,0,0.05,0.0,0,10,20,330
2024-02-03,White Rice,Staples,5,0,27,0,3.09,27.65,0,0,0.09,None,1,0.3,0.0,0,10,20,360
2024-02-04,White Rice,Staples,6,0,26,0,0.07,23.03,0,1,0.06,None,0,0.02,0.0,0,10,20,460
2024-02-05,White Rice,Staples,0,0,25,0,0.59,27.52,0,0,0.12,None,0,0.15,0.0,0,10,20,349
2024-02-06,White Rice,Staples,1,0,24,0,1.68,24.19,0,0,0.12,None,1,0.25,0.0,0,10,20,375
2024-02-07,White Rice,Staples,2,0,23,0,0.03,26.3,0,1,0.09,None,0,0.05,0.0,0,10,20,431
2024-02-08,White Rice,Staples,3,0,22,0,4.19,27.5,0,0,0.08,None,1,0.2,0.0,0,10,20,377
2024-02-09,White Rice,Staples,4,0,21,0,0.37,24.41,0,0,0.12,None,0,0.05,0.0,0,10,20,304
2024-02-10,White Rice,Staples,5,0,20,0,5.18,23.12,0,0,0.15,None,1,0.3,0.0,0,10,20,344
2024-02-11,White Rice,Staples,6,0,19,0,2.45,28.43,0,0,0.08,None,0,0.02,0.0,0,10,20,363
2024-02-12,White Rice,Staples,0,0,18,0,2.63,24.56,0,0,0.13,None,0,0.15,0.0,0,10,20,353
2024-02-13,White Rice,Staples,1,1,17,0,2.22,30.8,0,0,0.1,None,1,0.25,0.0,1,10,20,37
2024-02-14,White Rice,Staples,2,0,16,0,0.63,21.77,0,0,0.07,None,0,0.05,0.0,0,10,20,359
2024-02-15,White Rice,Staples,3,0,15,0,0.53,22.69,0,1,0.13,None,1,0.2,0.0,0,10,20,391
2024-02-16,White Rice,Staples,4,1,14,1,0.49,18.15,0,1,0.28,None,0,0.05,0.0,1,10,20,33
2024-02-17,White Rice,Staples,5,0,13,0,6.0,22.6,0,1,0.15,None,1,0.3,0.0,0,10,20,408
2024-02-18,White Rice,Staples,6,1,12,0,2.8,24.43,0,0,0.11,None,0,0.02,0.0,1,10,20,32
2024-02-19,White Rice,Staples,0,0,11,0,5.74,25.46,0,0,0.09,None,0,0.15,0.0,0,10,20,358
2024-02-20,White Rice,Staples,1,0,10,0,0.04,27.74,0,0,0.1,None,1,0.25,0.0,0,10,20,339
2024-02-21,White Rice,Staples,2,0,9,0,4.59,31.51,0,1,0.14,None,0,0.05,0.0,0,10,20,382
2024-02-22,White Rice,Staples,3,0,8,0,1.2,19.78,0,0,0.04,None,1,0.2,0.0,0,10,20,398
2024-02-23,White Rice,Staples,4,0,7,0,1.93,20.76,0,0,0.04,None,0,0.05,0.0,0,10,20,335
2024-02-24,White Rice,Staples,5,0,6,0,1.36,32.86,0,0,0.12,None,1,0.3,0.0,0,10,20,351
2024-02-25,White Rice,Staples,6,0,5,0,4.14,22.88,0,0,0.08,None,0,0.02,0.0,0,10,20,356
2024-02-26,White Rice,Staples,0,0,4,0,0.87,27.31,0,0,0.09,None,0,0.15,0.0,0,10,20,369
2024-02-27,White Rice,Staples,1,0,3,0,1.42,22.41,0,0,0.14,None,1,0.25,0.0,0,10,20,326
2024-02-28,White Rice,Staples,2,0,2,0,2.31,30.92,0,0,0.12,None,0,0.05,0.0,0,10,20,334
2024-02-29,White Rice,Staples,3,0,1,0,12.92,32.64,0,0,0.05,None,1,0.2,0.0,0,10,20,367
2024-03-01,White Rice,Staples,4,0,1,0,6.81,25.19,0,0,0.15,None,0,0.05,0.0,0,10,20,294
2024-03-02,White Rice,Staples,5,0,0,0,3.31,28.02,0,1,0.09,None,1,0.3,0.0,0,10,20,399
2024-03-03,White Rice,Staples,6,0,29,0,0.83,17.78,0,0,0.1,None,0,0.02,0.0,0,10,20,371
2024-03-04,White Rice,Staples,0,0,28,0,0.43,25.19,0,0,0.15,None,0,0.15,0.0,0,10,20,357
2024-03-05,White Rice,Staples,1,0,27,0,1.59,30.77,0,0,0.14,None,1,0.25,0.0,0,10,20,350
2024-03-06,White Rice,Staples,2,0,26,0,5.53,26.35,0,0,0.04,None,0,0.05,0.0,0,10,20,375
2024-03-07,White Rice,Staples,3,0,25,0,6.29,29.8,0,0,0.07,None,1,0.2,0.0,0,10,20,364
2024-03-08,White Rice,Staples,4,0,24,0,6.9,31.71,0,0,0.09,None,0,0.05,0.0,0,10,20,331
2024-03-09,White Rice,Staples,5,0,23,0,4.74,27.53,0,1,0.12,None,1,0.3,0.0,0,10,20,469
2024-03-10,White Rice,Staples,6,0,22,0,2.53,26.92,0,0,0.13,Ramadan,0,0.02,0.15,0,10,20,301
2024-03-11,White Rice,Staples,0,0,21,0,3.84,28.48,0,0,0.09,Ramadan,0,0.15,0.15,0,10,20,330
2024-03-12,White Rice,Staples,1,0,20,0,8.83,26.12,0,0,0.1,Ramadan,1,0.25,0.15,0,10,20,288
2024-03-13,White Rice,Staples,2,0,19,0,0.5,25.9,0,0,0.1,Ramadan,0,0.05,0.15,0,10,20,330
2024-03-14,White Rice,Staples,3,0,18,0,1.53,29.38,0,0,0.06,Ramadan,1,0.2,0.15,0,10,20,302
2024-03-15,White Rice,Staples,4,0,17,0,1.28,23.66,0,0,0.08,Ramadan,0,0.05,0.15,0,10,20,305
2024-03-16,White Rice,Staples,5,0,16,0,1.35,24.78,0,0,0.1,Ramadan,1,0.3,0.15,0,10,20,301
2024-03-17,White Rice,Staples,6,0,15,0,6.85,24.9,0,0,0.04,Ramadan,0,0.02,0.15,0,10,20,324
2024-03-18,White Rice,Staples,0,0,14,0,1.74,31.02,0,0,0.09,Ramadan,0,0.15,0.15,0,10,20,303
2024-03-19,White Rice,Staples,1,0,13,0,0.51,32.01,0,0,0.11,Ramadan,1,0.25,0.15,0,10,20,315
2024-03-20,White Rice,Staples,2,0,12,0,0.82,24.04,0,0,0.13,Ramadan,0,0.05,0.15,0,10,20,289
2024-03-21,White Rice,Staples,3,0,11,0,6.8,26.3,0,0,0.14,Ramadan,1,0.2,0.15,0,10,20,275
2024-03-22,White Rice,Staples,4,0,10,0,0.94,19.37,0,0,0.07,Ramadan,0,0.05,0.15,0,10,20,254
2024-03-23,White Rice,Staples,5,0,9,0,0.45,24.85,0,1,0.12,Ramadan,1,0.3,0.15,0,10,20,377
2024-03-24,White Rice,Staples,6,0,8,0,0.89,25.68,0,1,0.09,Ramadan,0,0.02,0.15,0,10,20,368
2024-03-25,White Rice,Staples,0,0,7,0,2.42,29.12,0,0,0.02,Ramadan,0,0.15,0.15,0,10,20,340
2024-03-26,White Rice,Staples,1,0,6,0,7.37,17.64,0,0,0.03,Ramadan,1,0.25,0.15,0,10,20,309
2024-03-27,White Rice,Staples,2,0,5,0,1.48,21.98,0,0,0.07,Ramadan,0,0.05,0.15,0,10,20,301
2024-03-28,White Rice,Staples,3,0,4,0,0.73,25.74,0,0,0.05,Ramadan,1,0.2,0.15,0,10,20,312
2024-03-29,White Rice,Staples,4,0,3,0,4.42,24.86,0,0,0.08,Ramadan,0,0.05,0.15,0,10,20,307
2024-03-30,White Rice,Staples,5,0,2,0,2.68,28.89,0,0,0.03,Ramadan,1,0.3,0.15,0,10,20,327
2024-03-31,White Rice,Staples,6,0,1,0,3.23,27.44,0,0,0.13,Ramadan,0,0.02,0.15,0,10,20,294
2024-04-01,White Rice,Staples,0,0,0,0,0.0,37.45,0,0,0.14,Ramadan,0,0.15,0.15,0,10,20,308
2024-04-02,White Rice,Staples,1,0,29,0,0.01,41.0,0,0,0.11,Ramadan,1,0.25,0.15,0,10,20,298
2024-04-03,White Rice,Staples,2,0,28,0,0.83,37.3,0,0,0.13,Ramadan,0,0.05,0.15,0,10,20,303
2024-04-04,White Rice,Staples,3,0,27,0,0.46,39.11,0,0,0.12,Ramadan,1,0.2,0.15,0,10,20,322
2024-04-05,White Rice,Staples,4,0,26,0,0.0,38.16,0,0,0.07,Ramadan,0,0.05,0.15,0,10,20,269
2024-04-06,White Rice,Staples,5,0,25,0,5.13,37.75,0,1,0.05,Ramadan,1,0.3,0.15,0,10,20,394
2024-04-07,White Rice,Staples,6,0,24,0,0.06,41.11,0,0,0.03,Ramadan,0,0.02,0.15,0,10,20,320
2024-04-08,White Rice,Staples,0,0,23,0,2.0,40.41,0,0,0.1,Ramadan,0,0.15,0.15,0,10,20,284
2024-04-09,White Rice,Staples,1,0,22,0,0.33,41.77,0,0,0.03,Ramadan,1,0.25,0.15,0,10,20,313
2024-04-10,White Rice,Staples,2,0,21,0,2.1,38.26,0,0,0.09,None,0,0.05,0.0,0,10,20,373
2024-04-11,White Rice,Staples,3,0,20,0,1.05,41.01,0,0,0.04,None,1,0.2,0.0,0,10,20,376
2024-04-12,White Rice,Staples,4,0,19,0,2.19,40.38,0,0,0.05,None,0,0.05,0.0,0,10,20,341
2024-04-13,White Rice,Staples,5,0,18,0,0.59,40.44,0,0,0.1,None,1,0.3,0.0,0,10,20,362
2024-04-14,White Rice,Staples,6,0,17,0,0.24,40.35,0,0,0.13,None,0,0.02,0.0,0,10,20,336
2024-04-15,White Rice,Staples,0,0,16,0,1.79,43.76,0,0,0.03,None,0,0.15,0.0,0,10,20,409
2024-04-16,White Rice,Staples,1,0,15,0,0.32,41.27,0,1,0.07,None,1,0.25,0.0,0,10,20,439
2024-04-17,White Rice,Staples,2,0,14,0,0.45,40.54,0,0,0.12,None,0,0.05,0.0,0,10,20,347
2024-04-18,White Rice,Staples,3,0,13,0,4.04,39.82,0,0,0.04,None,1,0.2,0.0,0,10,20,413
2024-04-19,White Rice,Staples,4,0,12,0,0.7,37.14,0,0,0.06,None,0,0.05,0.0,0,10,20,333
2024-04-20,White Rice,Staples,5,0,11,0,0.75,41.57,0,0,0.03,None,1,0.3,0.0,0,10,20,398
2024-04-21,White Rice,Staples,6,0,10,0,1.15,38.25,0,0,0.02,None,0,0.02,0.0,0,10,20,391
2024-04-22,White Rice,Staples,0,0,9,0,1.84,42.8,0,0,0.14,None,0,0.15,0.0,0,10,20,359
2024-04-23,White Rice,Staples,1,0,8,0,1.85,40.23,0,1,0.08,None,1,0.25,0.0,0,10,20,463
2024-04-24,White Rice,Staples,2,0,7,0,0.12,40.41,0,1,0.05,None,0,0.05,0.0,0,10,20,468
2024-04-25,White Rice,Staples,3,0,6,0,0.92,40.87,0,0,0.03,None,1,0.2,0.0,0,10,20,409
2024-04-26,White Rice,Staples,4,0,5,0,0.24,40.45,0,0,0.11,None,0,0.05,0.0,0,10,20,335
2024-04-27,White Rice,Staples,5,0,4,0,0.73,41.77,0,0,0.1,None,1,0.3,0.0,0,10,20,384
2024-04-28,White Rice,Staples,6,0,3,0,0.12,39.42,0,0,0.09,None,0,0.02,0.0,0,10,20,386
2024-04-29,White Rice,Staples,0,0,2,0,0.03,42.32,0,0,0.05,None,0,0.15,0.0,0,10,20,339
2024-04-30,White Rice,Staples,1,0,1,0,0.06,37.22,0,0,0.12,None,1,0.25,0.0,0,10,20,348
2024-05-01,White Rice,Staples,2,0,1,0,2.72,39.35,0,0,0.09,None,0,0.05,0.0,0,10,20,354
2024-05-02,White Rice,Staples,3,0,0,0,0.0,41.83,0,0,0.09,None,1,0.2,0.0,0,10,20,371
2024-05-03,White Rice,Staples,4,0,29,0,1.02,37.92,0,0,0.11,None,0,0.05,0.0,0,10,20,338
2024-05-04,White Rice,Staples,5,0,28,0,5.12,44.81,0,1,0.09,None,1,0.3,0.0,0,10,20,433
2024-05-05,White Rice,Staples,6,0,27,0,0.93,42.01,0,0,0.09,None,0,0.02,0.0,0,10,20,357
2024-05-06,White Rice,Staples,0,0,26,0,1.91,39.4,0,1,0.04,None,0,0.15,0.0,0,10,20,494
2024-05-07,White Rice,Staples,1,0,25,0,1.12,36.89,0,0,0.05,None,1,0.25,0.0,0,10,20,374
2024-05-08,White Rice,Staples,2,0,24,0,0.29,43.07,0,0,0.08,None,0,0.05,0.0,0,10,20,341
2024-05-09,White Rice,Staples,3,0,23,0,1.24,41.13,0,0,0.05,None,1,0.2,0.0,0,10,20,376
2024-05-10,White Rice,Staples,4,0,22,0,0.47,38.02,0,1,0.09,None,0,0.05,0.0,0,10,20,371
2024-05-11,White Rice,Staples,5,0,21,0,0.03,41.88,0,0,0.04,None,1,0.3,0.0,0,10,20,417
2024-05-12,White Rice,Staples,6,0,20,0,0.0,39.85,0,1,0.1,None,0,0.02,0.0,0,10,20,433
2024-05-13,White Rice,Staples,0,0,19,0,3.41,43.5,0,0,0.12,None,0,0.15,0.0,0,10,20,365
2024-05-14,White Rice,Staples,1,0,18,0,0.71,38.44,0,0,0.13,None,1,0.25,0.0,0,10,20,343
2024-05-15,White Rice,Staples,2,0,17,0,0.6,42.92,0,0,0.15,None,0,0.05,0.0,0,10,20,311
2024-05-16,White Rice,Staples,3,0,16,0,1.1,41.14,0,0,0.03,None,1,0.2,0.0,0,10,20,419
2024-05-17,White Rice,Staples,4,0,15,0,1.84,37.55,0,0,0.13,None,0,0.05,0.0,0,10,20,318
2024-05-18,White Rice,Staples,5,0,14,0,0.63,38.59,0,0,0.14,None,1,0.3,0.0,0,10,20,341
2024-05-19,White Rice,Staples,6,0,13,0,0.41,42.63,0,0,0.14,None,0,0.02,0.0,0,10,20,322
2024-05-20,White Rice,Staples,0,0,12,0,0.54,40.38,0,0,0.13,None,0,0.15,0.0,0,10,20,343
2024-05-21,White Rice,Staples,1,0,11,0,4.71,38.3,0,0,0.1,None,1,0.25,0.0,0,10,20,331
2024-05-22,White Rice,Staples,2,0,10,0,0.09,40.0,0,0,0.13,None,0,0.05,0.0,0,10,20,365
2024-05-23,White Rice,Staples,3,0,9,0,0.32,41.98,0,0,0.06,None,1,0.2,0.0,0,10,20,374
2024-05-24,White Rice,Staples,4,0,8,0,4.11,42.78,0,0,0.09,None,0,0.05,0.0,0,10,20,338
2024-05-25,White Rice,Staples,5,0,7,0,0.04,39.63,0,0,0.15,None,1,0.3,0.0,0,10,20,310
2024-05-26,White Rice,Staples,6,0,6,0,0.81,38.41,0,0,0.03,None,0,0.02,0.0,0,10,20,384
2024-05-27,White Rice,Staples,0,0,5,0,0.01,39.4,0,1,0.13,None,0,0.15,0.0,0,10,20,387
2024-05-28,White Rice,Staples,1,0,4,0,0.4,39.58,0,0,0.07,None,1,0.25,0.0,0,10,20,380
2024-05-29,White Rice,Staples,2,0,3,0,0.14,40.22,0,0,0.02,None,0,0.05,0.0,0,10,20,369
2024-05-30,White Rice,Staples,3,0,2,0,0.02,39.11,0,0,0.08,None,1,0.2,0.0,0,10,20,350
2024-05-31,White Rice,Staples,4,0,1,0,5.83,39.58,0,0,0.11,None,0,0.05,0.0,0,10,20,294
2024-06-01,White Rice,Staples,5,0,0,0,28.2,30.9,0,0,0.03,None,1,0.3,0.0,0,10,20,420
2024-06-02,White Rice,Staples,6,0,29,0,17.86,27.59,0,0,0.07,None,0,0.02,0.0,0,10,20,398
2024-06-03,White Rice,Staples,0,0,28,0,37.14,32.16,0,0,0.03,None,0,0.15,0.0,0,10,20,459
2024-06-04,White Rice,Staples,1,0,27,0,7.35,28.25,0,1,0.12,None,1,0.25,0.0,0,10,20,421
2024-06-05,White Rice,Staples,2,0,26,0,25.56,31.67,0,0,0.07,None,0,0.05,0.0,0,10,20,424
2024-06-06,White Rice,Staples,3,0,25,0,13.97,29.17,0,0,0.06,None,1,0.2,0.0,0,10,20,382
2024-06-07,White Rice,Staples,4,0,24,0,23.84,32.2,0,0,0.04,None,0,0.05,0.0,0,10,20,402
2024-06-08,White Rice,Staples,5,0,23,0,10.73,31.76,0,1,0.12,None,1,0.3,0.0,0,10,20,473
2024-06-09,White Rice,Staples,6,0,22,0,26.08,28.13,0,0,0.02,None,0,0.02,0.0,0,10,20,461
2024-06-10,White Rice,Staples,0,0,21,0,48.86,31.18,1,0,0.07,None,0,0.15,0.0,0,10,20,435
2024-06-11,White Rice,Staples,1,0,20,0,8.16,27.55,0,0,0.14,None,1,0.25,0.0,0,10,20,309
2024-06-12,White Rice,Staples,2,0,19,0,8.73,33.5,0,0,0.1,None,0,0.05,0.0,0,10,20,351
2024-06-13,White Rice,Staples,3,0,18,0,59.96,33.63,1,1,0.06,None,1,0.2,0.0,0,10,20,521
2024-06-14,White Rice,Staples,4,0,17,0,17.83,34.43,0,0,0.06,None,0,0.05,0.0,0,10,20,323
2024-06-15,White Rice,Staples,5,0,16,0,6.63,35.56,0,0,0.04,None,1,0.3,0.0,0,10,20,407
2024-06-16,White Rice,Staples,6,0,15,0,21.58,28.42,0,0,0.06,None,0,0.02,0.0,0,10,20,449
2024-06-17,White Rice,Staples,0,0,14,0,5.67,21.38,0,0,0.11,None,0,0.15,0.0,0,10,20,303
2024-06-18,White Rice,Staples,1,0,13,0,6.13,31.06,0,0,0.03,None,1,0.25,0.0,0,10,20,391
2024-06-19,White Rice,Staples,2,0,12,0,13.97,29.09,0,0,0.03,None,0,0.05,0.0,0,10,20,419
2024-06-20,White Rice,Staples,3,0,11,0,28.1,29.16,0,0,0.15,None,1,0.2,0.0,0,10,20,406
2024-06-21,White Rice,Staples,4,0,10,0,29.17,26.24,0,0,0.08,None,0,0.05,0.0,0,10,20,382
2024-06-22,White Rice,Staples,5,0,9,0,8.87,27.57,0,0,0.09,None,1,0.3,0.0,0,10,20,359
2024-06-23,White Rice,Staples,6,0,8,0,8.09,28.65,0,0,0.1,None,0,0.02,0.0,0,10,20,394
2024-06-24,White Rice,Staples,0,0,7,0,9.64,27.6,0,0,0.12,None,0,0.15,0.0,0,10,20,327
2024-06-25,White Rice,Staples,1,0,6,0,16.26,29.82,0,1,0.09,None,1,0.25,0.0,0,10,20,420
2024-06-26,White Rice,Staples,2,0,5,0,24.08,24.51,0,0,0.1,None,0,0.05,0.0,0,10,20,420
2024-06-27,White Rice,Staples,3,0,4,0,23.74,27.46,0,0,0.13,None,1,0.2,0.0,0,10,20,394
2024-06-28,White Rice,Staples,4,0,3,0,7.13,31.27,0,0,0.03,None,0,0.05,0.0,0,10,20,352
2024-06-29,White Rice,Staples,5,0,2,0,6.37,31.28,0,0,0.04,None,1,0.3,0.0,0,10,20,384
2024-06-30,White Rice,Staples,6,0,1,0,25.61,35.42,0,0,0.08,None,0,0.02,0.0,0,10,20,430
2024-07-01,White Rice,Staples,0,0,1,0,6.81,28.49,0,1,0.03,None,0,0.15,0.0,0,10,20,451
2024-07-02,White Rice,Staples,1,0,0,0,38.73,29.69,0,1,0.1,None,1,0.25,0.0,0,10,20,525
2024-07-03,White Rice,Staples,2,0,29,0,5.98,28.79,0,1,0.06,None,0,0.05,0.0,0,10,20,464
2024-07-04,White Rice,Staples,3,0,28,0,24.22,30.54,0,0,0.12,None,1,0.2,0.0,0,10,20,379
2024-07-05,White Rice,Staples,4,0,27,0,15.01,27.08,0,1,0.09,None,0,0.05,0.0,0,10,20,397
2024-07-06,White Rice,Staples,5,0,26,0,21.33,30.57,0,1,0.06,None,1,0.3,0.0,0,10,20,525
2024-07-07,White Rice,Staples,6,0,25,0,12.16,27.27,0,0,0.02,None,0,0.02,0.0,0,10,20,393
2024-07-08,White Rice,Staples,0,0,24,0,32.19,35.13,0,0,0.03,None,0,0.15,0.0,0,10,20,462
2024-07-09,White Rice,Staples,1,0,23,0,17.14,30.8,0,1,0.13,None,1,0.25,0.0,0,10,20,428
2024-07-10,White Rice,Staples,2,0,22,0,9.27,32.66,0,0,0.1,None,0,0.05,0.0,0,10,20,364
2024-07-11,White Rice,Staples,3,0,21,0,13.69,27.47,0,0,0.14,None,1,0.2,0.0,0,10,20,367
2024-07-12,White Rice,Staples,4,0,20,0,8.8,26.04,0,0,0.04,None,0,0.05,0.0,0,10,20,342
2024-07-13,White Rice,Staples,5,0,19,0,17.75,25.63,0,0,0.05,None,1,0.3,0.0,0,10,20,401
2024-07-14,White Rice,Staples,6,0,18,0,14.44,27.34,0,0,0.09,None,0,0.02,0.0,0,10,20,370
2024-07-15,White Rice,Staples,0,0,17,0,2.54,25.25,0,0,0.1,None,0,0.15,0.0,0,10,20,376
2024-07-16,White Rice,Staples,1,0,16,0,21.5,27.34,0,0,0.12,None,1,0.25,0.0,0,10,20,399
2024-07-17,White Rice,Staples,2,0,15,0,36.51,30.62,0,1,0.11,None,0,0.05,0.0,0,10,20,507
2024-07-18,White Rice,Staples,3,0,14,0,10.54,30.28,0,0,0.06,None,1,0.2,0.0,0,10,20,390
2024-07-19,White Rice,Staples,4,0,13,0,5.52,32.76,0,0,0.08,None,0,0.05,0.0,0,10,20,340
2024-07-20,White Rice,Staples,5,0,12,0,39.81,25.01,0,0,0.07,None,1,0.3,0.0,0,10,20,422
2024-07-21,White Rice,Staples,6,0,11,0,14.67,29.55,0,0,0.11,None,0,0.02,0.0,0,10,20,344
2024-07-22,White Rice,Staples,0,0,10,0,11.27,29.96,0,1,0.07,None,0,0.15,0.0,0,10,20,421
2024-07-23,White Rice,Staples,1,0,9,0,19.8,25.38,0,0,0.09,None,1,0.25,0.0,0,10,20,336
2024-07-24,White Rice,Staples,2,0,8,0,20.11,26.81,0,0,0.03,None,0,0.05,0.0,0,10,20,427
2024-07-25,White Rice,Staples,3,0,7,0,6.3,30.72,0,0,0.08,None,1,0.2,0.0,0,10,20,371
2024-07-26,White Rice,Staples,4,0,6,0,11.35,29.68,0,0,0.05,None,0,0.05,0.0,0,10,20,346
2024-07-27,White Rice,Staples,5,0,5,0,26.05,28.89,0,0,0.08,None,1,0.3,0.0,0,10,20,422
2024-07-28,White Rice,Staples,6,0,4,0,7.98,30.72,0,0,0.1,None,0,0.02,0.0,0,10,20,318
2024-07-29,White Rice,Staples,0,1,3,1,14.25,29.55,0,0,0.28,None,0,0.15,0.0,1,10,20,28
2024-07-30,White Rice,Staples,1,0,2,0,13.74,28.77,0,0,0.12,None,1,0.25,0.0,0,10,20,337
2024-07-31,White Rice,Staples,2,0,1,0,30.35,31.55,0,0,0.12,None,0,0.05,0.0,0,10,20,420
2024-08-01,White Rice,Staples,3,0,1,0,16.33,27.35,0,0,0.07,None,1,0.2,0.0,0,10,20,367
2024-08-02,White Rice,Staples,4,0,0,0,2.22,30.64,0,0,0.12,None,0,0.05,0.0,0,10,20,312
2024-08-03,White Rice,Staples,5,0,29,0,8.58,27.18,0,1,0.07,None,1,0.3,0.0,0,10,20,438
2024-08-04,White Rice,Staples,6,0,28,0,16.97,27.44,0,1,0.09,None,0,0.02,0.0,0,10,20,446
2024-08-05,White Rice,Staples,0,0,27,0,29.41,27.08,0,1,0.09,Shravan,0,0.4,0.02,0,10,20,462
2024-08-06,White Rice,Staples,1,0,26,0,16.31,28.12,0,0,0.11,Shravan,1,0.4,0.02,0,10,20,348
2024-08-07,White Rice,Staples,2,0,25,0,8.51,33.08,0,1,0.08,Shravan,0,0.4,0.02,0,10,20,420
2024-08-08,White Rice,Staples,3,0,24,0,42.61,32.78,1,0,0.11,Shravan,1,0.4,0.02,0,10,20,403
2024-08-09,White Rice,Staples,4,0,23,0,25.95,33.61,0,0,0.14,Shravan,0,0.4,0.02,0,10,20,297
2024-08-10,White Rice,Staples,5,0,22,0,10.93,29.56,0,0,0.13,Shravan,1,0.4,0.02,0,10,20,335
2024-08-11,White Rice,Staples,6,0,21,0,21.84,27.77,0,0,0.12,Shravan,0,0.4,0.02,0,10,20,390
2024-08-12,White Rice,Staples,0,0,20,0,12.77,31.81,0,0,0.03,Shravan,0,0.4,0.02,0,10,20,345
2024-08-13,White Rice,Staples,1,0,19,0,0.54,29.77,0,0,0.15,Shravan,1,0.4,0.02,0,10,20,335
2024-08-14,White Rice,Staples,2,0,18,0,8.96,29.29,0,0,0.02,Shravan,0,0.4,0.02,0,10,20,386
2024-08-15,White Rice,Staples,3,0,17,0,18.89,30.15,0,0,0.14,Shravan,1,0.4,0.02,0,10,20,349
2024-08-16,White Rice,Staples,4,0,16,0,15.37,25.07,0,0,0.03,Shravan,0,0.4,0.02,0,10,20,352
2024-08-17,White Rice,Staples,5,0,15,0,12.28,29.05,0,0,0.1,Shravan,1,0.4,0.02,0,10,20,360
2024-08-18,White Rice,Staples,6,0,14,0,30.2,29.21,0,1,0.11,Shravan,0,0.4,0.02,0,10,20,436
2024-08-19,White Rice,Staples,0,0,13,0,58.82,30.02,1,0,0.12,Shravan,0,0.4,0.02,0,10,20,437
2024-08-20,White Rice,Staples,1,0,12,0,5.28,31.34,0,0,0.14,Shravan,1,0.4,0.02,0,10,20,341
2024-08-21,White Rice,Staples,2,0,11,0,3.29,30.49,0,0,0.12,Shravan,0,0.4,0.02,0,10,20,344
2024-08-22,White Rice,Staples,3,0,10,0,27.79,26.12,0,0,0.09,Shravan,1,0.4,0.02,0,10,20,408
2024-08-23,White Rice,Staples,4,0,9,0,5.17,31.81,0,1,0.11,Shravan,0,0.4,0.02,0,10,20,371
2024-08-24,White Rice,Staples,5,0,8,0,12.46,28.06,0,1,0.15,Shravan,1,0.4,0.02,0,10,20,373
2024-08-25,White Rice,Staples,6,0,7,0,25.46,31.22,0,0,0.11,Shravan,0,0.4,0.02,0,10,20,371
2024-08-26,White Rice,Staples,0,0,6,0,11.94,32.06,0,0,0.08,Shravan,0,0.4,0.02,0,10,20,371
2024-08-27,White Rice,Staples,1,0,5,0,13.19,34.23,0,0,0.08,Shravan,1,0.4,0.02,0,10,20,351
2024-08-28,White Rice,Staples,2,0,4,0,6.62,30.03,0,0,0.13,Shravan,0,0.4,0.02,0,10,20,355
2024-08-29,White Rice,Staples,3,0,3,0,2.64,30.96,0,0,0.04,Shravan,1,0.4,0.02,0,10,20,390
2024-08-30,White Rice,Staples,4,0,2,0,27.07,26.55,0,1,0.07,Shravan,0,0.4,0.02,0,10,20,426
2024-08-31,White Rice,Staples,5,0,1,0,28.96,29.25,0,1,0.12,Shravan,1,0.4,0.02,0,10,20,511
2024-09-01,White Rice,Staples,6,0,0,0,22.12,31.71,0,0,0.05,Shravan,0,0.4,0.02,0,10,20,428
2024-09-02,White Rice,Staples,0,0,29,0,57.99,39.33,1,1,0.13,Shravan,0,0.4,0.02,0,10,20,497
2024-09-03,White Rice,Staples,1,0,28,0,31.67,28.39,0,0,0.06,Shravan,1,0.4,0.02,0,10,20,433
2024-09-04,White Rice,Staples,2,0,27,0,17.83,31.36,0,0,0.07,None,0,0.05,0.0,0,10,20,362
2024-09-05,White Rice,Staples,3,0,26,0,24.0,30.15,0,0,0.11,None,1,0.2,0.0,0,10,20,402
2024-09-06,White Rice,Staples,4,0,25,0,11.22,27.41,0,1,0.11,None,0,0.05,0.0,0,10,20,373
2024-09-07,White Rice,Staples,5,0,24,0,12.34,30.43,0,0,0.06,None,1,0.3,0.0,0,10,20,399
2024-09-08,White Rice,Staples,6,0,23,0,14.79,35.44,0,0,0.03,None,0,0.02,0.0,0,10,20,376
2024-09-09,White Rice,Staples,0,0,22,0,12.44,26.02,0,0,0.06,None,0,0.15,0.0,0,10,20,367
2024-09-10,White Rice,Staples,1,0,21,0,9.94,26.68,0,0,0.05,None,1,0.25,0.0,0,10,20,349
2024-09-11,White Rice,Staples,2,1,20,0,4.97,29.75,0,0,0.1,None,0,0.05,0.0,1,10,20,36
2024-09-12,White Rice,Staples,3,0,19,0,5.97,27.25,0,1,0.14,None,1,0.2,0.0,0,10,20,406
2024-09-13,White Rice,Staples,4,0,18,0,13.88,29.87,0,0,0.08,None,0,0.05,0.0,0,10,20,329
2024-09-14,White Rice,Staples,5,0,17,0,16.36,29.48,0,0,0.14,None,1,0.3,0.0,0,10,20,316
2024-09-15,White Rice,Staples,6,0,16,0,15.57,32.42,0,0,0.05,None,0,0.02,0.0,0,10,20,363
2024-09-16,White Rice,Staples,0,0,15,0,15.81,27.85,0,0,0.11,None,0,0.15,0.0,0,10,20,364
2024-09-17,White Rice,Staples,1,0,14,0,27.1,29.44,0,1,0.1,None,1,0.25,0.0,0,10,20,483
2024-09-18,White Rice,Staples,2,0,13,0,13.42,36.42,0,0,0.11,None,0,0.05,0.0,0,10,20,341
2024-09-19,White Rice,Staples,3,0,12,0,10.53,32.58,0,0,0.06,None,1,0.2,0.0,0,10,20,363
2024-09-20,White Rice,Staples,4,0,11,0,11.08,34.33,0,0,0.04,None,0,0.05,0.0,0,10,20,354
2024-09-21,White Rice,Staples,5,0,10,0,12.74,28.16,0,0,0.09,None,1,0.3,0.0,0,10,20,326
2024-09-22,White Rice,Staples,6,0,9,0,33.31,26.56,0,0,0.14,None,0,0.02,0.0,0,10,20,367
2024-09-23,White Rice,Staples,0,0,8,0,31.62,31.45,0,0,0.08,None,0,0.15,0.0,0,10,20,401
2024-09-24,White Rice,Staples,1,0,7,0,28.23,30.34,0,0,0.03,None,1,0.25,0.0,0,10,20,484
2024-09-25,White Rice,Staples,2,0,6,0,13.22,25.75,0,0,0.07,None,0,0.05,0.0,0,10,20,382
2024-09-26,White Rice,Staples,3,0,5,0,3.43,24.36,0,0,0.11,None,1,0.2,0.0,0,10,20,355
2024-09-27,White Rice,Staples,4,0,4,0,6.7,30.26,0,0,0.06,None,0,0.05,0.0,0,10,20,344
2024-09-28,White Rice,Staples,5,0,3,0,17.17,25.65,0,0,0.12,None,1,0.3,0.0,0,10,20,349
2024-09-29,White Rice,Staples,6,0,2,0,30.0,33.73,0,1,0.13,None,0,0.02,0.0,0,10,20,483
2024-09-30,White Rice,Staples,0,0,1,0,8.32,29.81,0,1,0.14,None,0,0.15,0.0,0,10,20,408
2024-10-01,White Rice,Staples,1,0,1,0,1.41,22.76,0,1,0.08,None,1,0.25,0.0,0,10,20,419
2024-10-02,White Rice,Staples,2,0,0,0,1.38,32.05,0,0,0.11,None,0,0.05,0.0,0,10,20,350
2024-10-03,White Rice,Staples,3,0,29,0,4.36,30.59,0,0,0.12,Navratri,1,0.45,0.05,0,10,20,339
2024-10-04,White Rice,Staples,4,0,28,0,0.56,31.1,0,0,0.14,Navratri,0,0.45,0.05,0,10,20,300
2024-10-05,White Rice,Staples,5,0,27,0,6.6,32.46,0,0,0.08,Navratri,1,0.45,0.05,0,10,20,368
2024-10-06,White Rice,Staples,6,0,26,0,0.73,28.4,0,0,0.04,Navratri,0,0.45,0.05,0,10,20,360
2024-10-07,White Rice,Staples,0,0,25,0,4.77,28.71,0,0,0.14,Navratri,0,0.45,0.05,0,10,20,308
2024-10-08,White Rice,Staples,1,0,24,0,0.74,18.9,0,0,0.13,Navratri,1,0.45,0.05,0,10,20,342
2024-10-09,White Rice,Staples,2,0,23,0,0.09,30.74,0,0,0.02,Navratri,0,0.45,0.05,0,10,20,364
2024-10-10,White Rice,Staples,3,0,22,0,6.57,29.66,0,0,0.14,Navratri,1,0.45,0.05,0,10,20,320
2024-10-11,White Rice,Staples,4,0,21,0,20.42,29.65,0,1,0.13,Navratri,0,0.45,0.05,0,10,20,393
2024-10-12,White Rice,Staples,5,0,20,0,1.13,22.61,0,0,0.05,Navratri,1,0.45,0.05,0,10,20,385
2024-10-13,White Rice,Staples,6,0,19,0,2.61,26.32,0,1,0.12,None,0,0.02,0.0,0,10,20,460
2024-10-14,White Rice,Staples,0,0,18,0,1.26,25.64,0,0,0.05,None,0,0.15,0.0,0,10,20,402
2024-10-15,White Rice,Staples,1,0,17,0,3.4,22.39,0,0,0.14,None,1,0.25,0.0,0,10,20,343
2024-10-16,White Rice,Staples,2,0,16,0,0.97,26.62,0,0,0.04,None,0,0.05,0.0,0,10,20,363
2024-10-17,White Rice,Staples,3,0,15,0,0.06,27.09,0,0,0.13,None,1,0.2,0.0,0,10,20,371
2024-10-18,White Rice,Staples,4,0,14,0,0.97,23.75,0,1,0.1,None,0,0.05,0.0,0,10,20,356
2024-10-19,White Rice,Staples,5,0,13,0,6.39,26.33,0,0,0.13,None,1,0.3,0.0,0,10,20,360
2024-10-20,White Rice,Staples,6,0,12,0,17.68,26.15,0,0,0.13,None,0,0.02,0.0,0,10,20,349
2024-10-21,White Rice,Staples,0,0,11,0,0.27,22.33,0,0,0.05,None,0,0.15,0.0,0,10,20,376
2024-10-22,White Rice,Staples,1,0,10,0,1.18,20.94,0,0,0.05,None,1,0.25,0.0,0,10,20,364
2024-10-23,White Rice,Staples,2,0,9,0,6.0,26.33,0,0,0.03,None,0,0.05,0.0,0,10,20,350
2024-10-24,White Rice,Staples,3,0,8,0,0.47,20.75,0,0,0.06,None,1,0.2,0.0,0,10,20,361
2024-10-25,White Rice,Staples,4,0,7,0,0.18,20.26,0,0,0.09,None,0,0.05,0.0,0,10,20,288
2024-10-26,White Rice,Staples,5,0,6,0,5.5,28.22,0,1,0.14,None,1,0.3,0.0,0,10,20,390
2024-10-27,White Rice,Staples,6,0,5,0,1.35,19.12,0,1,0.07,None,0,0.02,0.0,0,10,20,433
2024-10-28,White Rice,Staples,0,0,4,0,2.02,19.98,0,0,0.05,None,0,0.15,0.0,0,10,20,340
2024-10-29,White Rice,Staples,1,0,3,0,0.74,26.16,0,0,0.13,None,1,0.25,0.0,0,10,20,355
2024-10-30,White Rice,Staples,2,0,2,0,1.41,22.87,0,0,0.09,None,0,0.05,0.0,0,10,20,384
2024-10-31,White Rice,Staples,3,0,1,0,0.74,23.56,0,0,0.02,None,1,0.2,0.0,0,10,20,402
2024-11-01,White Rice,Staples,4,0,0,0,1.84,27.76,0,0,0.03,None,0,0.05,0.0,0,10,20,362
2024-11-02,White Rice,Staples,5,0,29,0,1.89,31.36,0,0,0.08,None,1,0.3,0.0,0,10,20,362
2024-11-03,White Rice,Staples,6,0,28,0,0.09,22.6,0,0,0.1,None,0,0.02,0.0,0,10,20,340
2024-11-04,White Rice,Staples,0,0,27,0,2.4,29.8,0,0,0.02,None,0,0.15,0.0,0,10,20,386
2024-11-05,White Rice,Staples,1,0,26,0,0.57,29.88,0,0,0.12,None,1,0.25,0.0,0,10,20,344
2024-11-06,White Rice,Staples,2,0,25,0,7.94,20.53,0,0,0.03,None,0,0.05,0.0,0,10,20,418
2024-11-07,White Rice,Staples,3,0,24,0,2.84,25.78,0,0,0.06,None,1,0.2,0.0,0,10,20,381
2024-11-08,White Rice,Staples,4,1,23,1,0.03,28.97,0,0,0.3,None,0,0.05,0.0,1,10,20,26
2024-11-09,White Rice,Staples,5,0,22,0,1.26,21.8,0,1,0.14,None,1,0.3,0.0,0,10,20,402
2024-11-10,White Rice,Staples,6,0,21,0,0.85,26.94,0,0,0.11,None,0,0.02,0.0,0,10,20,372
2024-11-11,White Rice,Staples,0,0,20,0,0.02,27.8,0,0,0.11,None,0,0.15,0.0,0,10,20,326
2024-11-12,White Rice,Staples,1,0,19,0,0.61,28.7,0,0,0.08,None,1,0.25,0.0,0,10,20,373
2024-11-13,White Rice,Staples,2,0,18,0,2.72,20.16,0,0,0.09,None,0,0.05,0.0,0,10,20,359
2024-11-14,White Rice,Staples,3,0,17,0,5.16,32.64,0,1,0.07,None,1,0.2,0.0,0,10,20,463
2024-11-15,White Rice,Staples,4,0,16,0,0.38,21.35,0,1,0.05,None,0,0.05,0.0,0,10,20,414
2024-11-16,White Rice,Staples,5,0,15,0,0.57,18.02,0,1,0.13,None,1,0.3,0.0,0,10,20,431
2024-11-17,White Rice,Staples,6,0,14,0,3.53,18.92,0,0,0.05,None,0,0.02,0.0,0,10,20,374
2024-11-18,White Rice,Staples,0,0,13,0,1.3,29.61,0,0,0.05,None,0,0.15,0.0,0,10,20,371
2024-11-19,White Rice,Staples,1,0,12,0,1.44,26.94,0,0,0.08,None,1,0.25,0.0,0,10,20,376
2024-11-20,White Rice,Staples,2,0,11,0,1.94,32.83,0,0,0.04,None,0,0.05,0.0,0,10,20,386
2024-11-21,White Rice,Staples,3,0,10,0,2.85,22.17,0,1,0.11,None,1,0.2,0.0,0,10,20,424
2024-11-22,White Rice,Staples,4,0,9,0,5.06,18.75,0,0,0.03,None,0,0.05,0.0,0,10,20,371
2024-11-23,White Rice,Staples,5,0,8,0,1.51,30.15,0,0,0.04,None,1,0.3,0.0,0,10,20,360
2024-11-24,White Rice,Staples,6,0,7,0,9.52,18.69,0,0,0.14,None,0,0.02,0.0,0,10,20,369
2024-11-25,White Rice,Staples,0,0,6,0,3.94,26.4,0,1,0.04,None,0,0.15,0.0,0,10,20,464
2024-11-26,White Rice,Staples,1,0,5,0,5.58,24.15,0,0,0.09,None,1,0.25,0.0,0,10,20,377
2024-11-27,White Rice,Staples,2,0,4,0,0.02,31.03,0,0,0.11,None,0,0.05,0.0,0,10,20,344
2024-11-28,White Rice,Staples,3,0,3,0,3.49,26.77,0,0,0.06,None,1,0.2,0.0,0,10,20,354
2024-11-29,White Rice,Staples,4,0,2,0,4.25,23.65,0,1,0.03,None,0,0.05,0.0,0,10,20,401
2024-11-30,White Rice,Staples,5,0,1,0,0.07,23.51,0,1,0.14,None,1,0.3,0.0,0,10,20,402
2024-12-01,White Rice,Staples,6,0,1,0,0.09,24.27,0,0,0.06,None,0,0.02,0.0,0,10,20,376
2024-12-02,White Rice,Staples,0,0,0,0,0.97,20.92,0,1,0.07,None,0,0.15,0.0,0,10,20,467
2024-12-03,White Rice,Staples,1,0,29,0,0.76,27.54,0,1,0.03,None,1,0.25,0.0,0,10,20,451
2024-12-04,White Rice,Staples,2,0,28,0,2.03,21.9,0,0,0.06,None,0,0.05,0.0,0,10,20,387
2024-12-05,White Rice,Staples,3,0,27,0,0.48,27.86,0,0,0.07,None,1,0.2,0.0,0,10,20,404
2024-12-06,White Rice,Staples,4,0,26,0,3.08,27.09,0,1,0.06,None,0,0.05,0.0,0,10,20,400
2024-12-07,White Rice,Staples,5,0,25,0,3.35,20.42,0,1,0.07,None,1,0.3,0.0,0,10,20,456
2024-12-08,White Rice,Staples,6,1,24,0,0.51,24.17,0,1,0.15,None,0,0.02,0.0,1,10,20,42
2024-12-09,White Rice,Staples,0,0,23,0,1.59,17.7,0,0,0.06,None,0,0.15,0.0,0,10,20,396
2024-12-10,White Rice,Staples,1,0,22,0,5.12,26.18,0,0,0.14,None,1,0.25,0.0,0,10,20,357
2024-12-11,White Rice,Staples,2,0,21,0,0.4,23.19,0,0,0.1,None,0,0.05,0.0,0,10,20,377
2024-12-12,White Rice,Staples,3,0,20,0,4.39,27.92,0,0,0.1,None,1,0.2,0.0,0,10,20,340
2024-12-13,White Rice,Staples,4,0,19,0,3.97,26.3,0,0,0.08,None,0,0.05,0.0,0,10,20,326
2024-12-14,White Rice,Staples,5,0,18,0,0.9,25.3,0,0,0.09,None,1,0.3,0.0,0,10,20,358
2024-12-15,White Rice,Staples,6,0,17,0,6.63,31.49,0,0,0.03,None,0,0.02,0.0,0,10,20,426
2024-12-16,White Rice,Staples,0,0,16,0,0.46,21.01,0,0,0.11,None,0,0.15,0.0,0,10,20,374
2024-12-17,White Rice,Staples,1,0,15,0,1.05,27.61,0,0,0.1,None,1,0.25,0.0,0,10,20,340
2024-12-18,White Rice,Staples,2,0,14,0,0.3,27.83,0,1,0.14,None,0,0.05,0.0,0,10,20,397
2024-12-19,White Rice,Staples,3,0,13,0,3.74,26.11,0,0,0.05,None,1,0.2,0.0,0,10,20,379
2024-12-20,White Rice,Staples,4,0,12,0,2.39,30.67,0,0,0.05,None,0,0.05,0.0,0,10,20,314
2024-12-21,White Rice,Staples,5,0,11,0,6.21,26.1,0,1,0.1,None,1,0.3,0.0,0,10,20,421
2024-12-22,White Rice,Staples,6,0,10,0,0.43,29.57,0,0,0.04,None,0,0.02,0.0,0,10,20,418
2024-12-23,White Rice,Staples,0,0,9,0,2.9,29.33,0,0,0.02,None,0,0.15,0.0,0,10,20,381
2024-12-24,White Rice,Staples,1,1,8,0,0.34,24.04,0,0,0.1,None,1,0.25,0.0,1,10,20,34
2024-12-25,White Rice,Staples,2,0,7,0,3.05,32.88,0,0,0.06,None,0,0.05,0.0,0,10,20,375
2024-12-26,White Rice,Staples,3,0,6,0,1.36,22.92,0,0,0.11,None,1,0.2,0.0,0,10,20,393
2024-12-27,White Rice,Staples,4,0,5,0,3.63,24.38,0,0,0.11,None,0,0.05,0.0,0,10,20,344
2024-12-28,White Rice,Staples,5,0,4,0,0.87,25.87,0,1,0.07,None,1,0.3,0.0,0,10,20,424
2024-12-29,White Rice,Staples,6,0,3,0,18.29,16.74,0,0,0.03,None,0,0.02,0.0,0,10,20,372
2024-12-30,White Rice,Staples,0,0,2,0,3.13,25.69,0,1,0.04,None,0,0.15,0.0,0,10,20,472
2024-12-31,White Rice,Staples,1,0,1,0,0.41,20.53,0,0,0.05,None,1,0.25,0.0,0,10,20,374
2025-01-01,White Rice,Staples,2,0,1,0,1.27,26.02,0,1,0.09,None,0,0.05,0.0,0,10,20,439
2025-01-02,White Rice,Staples,3,0,0,0,1.7,23.24,0,0,0.03,None,1,0.2,0.0,0,10,20,411
2025-01-03,White Rice,Staples,4,0,29,0,5.29,22.17,0,1,0.04,None,0,0.05,0.0,0,10,20,435
2025-01-04,White Rice,Staples,5,0,28,0,2.61,23.03,0,1,0.11,None,1,0.3,0.0,0,10,20,457
2025-01-05,White Rice,Staples,6,0,27,0,1.44,20.72,0,0,0.1,None,0,0.02,0.0,0,10,20,356
2025-01-06,White Rice,Staples,0,0,26,0,4.83,29.83,0,0,0.13,None,0,0.15,0.0,0,10,20,370
2025-01-07,White Rice,Staples,1,0,25,0,0.75,27.31,0,0,0.09,None,1,0.25,0.0,0,10,20,387
2025-01-08,White Rice,Staples,2,0,24,0,0.25,20.13,0,0,0.05,None,0,0.05,0.0,0,10,20,377
2025-01-09,White Rice,Staples,3,0,23,0,1.45,24.21,0,0,0.03,None,1,0.2,0.0,0,10,20,392
2025-01-10,White Rice,Staples,4,0,22,0,9.64,25.71,0,0,0.03,None,0,0.05,0.0,0,10,20,384
2025-01-11,White Rice,Staples,5,0,21,0,0.56,18.45,0,0,0.15,None,1,0.3,0.0,0,10,20,342
2025-01-12,White Rice,Staples,6,0,20,0,0.24,20.55,0,0,0.07,None,0,0.02,0.0,0,10,20,403
2025-01-13,White Rice,Staples,0,0,19,0,0.81,27.48,0,0,0.08,None,0,0.15,0.0,0,10,20,386
2025-01-14,White Rice,Staples,1,0,18,0,0.76,18.89,0,1,0.04,None,1,0.25,0.0,0,10,20,420
2025-01-15,White Rice,Staples,2,0,17,0,5.36,31.4,0,1,0.13,None,0,0.05,0.0,0,10,20,419
2025-01-16,White Rice,Staples,3,0,16,0,16.99,29.42,0,0,0.11,None,1,0.2,0.0,0,10,20,339
2025-01-17,White Rice,Staples,4,0,15,0,1.63,29.57,0,0,0.04,None,0,0.05,0.0,0,10,20,315
2025-01-18,White Rice,Staples,5,0,14,0,0.08,26.35,0,0,0.12,None,1,0.3,0.0,0,10,20,322
2025-01-19,White Rice,Staples,6,0,13,0,2.01,28.31,0,0,0.05,None,0,0.02,0.0,0,10,20,412
2025-01-20,White Rice,Staples,0,0,12,0,3.98,24.09,0,0,0.1,None,0,0.15,0.0,0,10,20,345
2025-01-21,White Rice,Staples,1,0,11,0,0.66,14.96,0,0,0.13,None,1,0.25,0.0,0,10,20,363
2025-01-22,White Rice,Staples,2,0,10,0,4.16,25.58,0,0,0.05,None,0,0.05,0.0,0,10,20,393
2025-01-23,White Rice,Staples,3,0,9,0,1.67,22.1,0,0,0.04,None,1,0.2,0.0,0,10,20,386
2025-01-24,White Rice,Staples,4,0,8,0,0.04,18.75,0,0,0.11,None,0,0.05,0.0,0,10,20,319
2025-01-25,White Rice,Staples,5,0,7,0,8.05,27.6,0,0,0.05,None,1,0.3,0.0,0,10,20,373
2025-01-26,White Rice,Staples,6,0,6,0,2.08,20.47,0,0,0.12,None,0,0.02,0.0,0,10,20,365
2025-01-27,White Rice,Staples,0,0,5,0,4.57,28.04,0,1,0.07,None,0,0.15,0.0,0,10,20,469
2025-01-28,White Rice,Staples,1,0,4,0,2.11,22.25,0,0,0.12,None,1,0.25,0.0,0,10,20,321
2025-01-29,White Rice,Staples,2,0,3,0,7.2,22.45,0,0,0.12,None,0,0.05,0.0,0,10,20,326
2025-01-30,White Rice,Staples,3,0,2,0,4.96,23.18,0,1,0.06,None,1,0.2,0.0,0,10,20,438
2025-01-31,White Rice,Staples,4,0,1,0,1.21,33.88,0,0,0.04,None,0,0.05,0.0,0,10,20,347
2025-02-01,White Rice,Staples,5,0,28,0,4.18,26.36,0,1,0.14,None,1,0.3,0.0,0,10,20,428
2025-02-02,White Rice,Staples,6,0,27,0,6.19,29.6,0,0,0.03,None,0,0.02,0.0,0,10,20,385
2025-02-03,White Rice,Staples,0,0,26,0,0.63,23.66,0,0,0.09,None,0,0.15,0.0,0,10,20,349
2025-02-04,White Rice,Staples,1,0,25,0,3.34,26.26,0,0,0.07,None,1,0.25,0.0,0,10,20,379
2025-02-05,White Rice,Staples,2,0,24,0,0.15,25.29,0,0,0.06,None,0,0.05,0.0,0,10,20,381
2025-02-06,White Rice,Staples,3,0,23,0,2.36,24.76,0,0,0.06,None,1,0.2,0.0,0,10,20,378
2025-02-07,White Rice,Staples,4,0,22,0,0.45,29.19,0,1,0.05,None,0,0.05,0.0,0,10,20,413
2025-02-08,White Rice,Staples,5,0,21,0,4.61,27.04,0,0,0.07,None,1,0.3,0.0,0,10,20,361
2025-02-09,White Rice,Staples,6,0,20,0,2.72,24.99,0,1,0.06,None,0,0.02,0.0,0,10,20,449
2025-02-10,White Rice,Staples,0,0,19,0,0.38,25.6,0,1,0.08,None,0,0.15,0.0,0,10,20,437
2025-02-11,White Rice,Staples,1,0,18,0,3.81,24.57,0,1,0.06,None,1,0.25,0.0,0,10,20,438
2025-02-12,White Rice,Staples,2,0,17,0,0.03,25.11,0,0,0.08,None,0,0.05,0.0,0,10,20,367
2025-02-13,White Rice,Staples,3,0,16,0,0.02,22.75,0,0,0.05,None,1,0.2,0.0,0,10,20,369
2025-02-14,White Rice,Staples,4,0,15,0,0.21,25.94,0,0,0.07,None,0,0.05,0.0,0,10,20,311
2025-02-15,White Rice,Staples,5,0,14,0,0.34,28.66,0,1,0.03,None,1,0.3,0.0,0,10,20,441
2025-02-16,White Rice,Staples,6,0,13,0,0.4,26.15,0,0,0.14,None,0,0.02,0.0,0,10,20,353
2025-02-17,White Rice,Staples,0,0,12,0,0.04,25.88,0,0,0.12,None,0,0.15,0.0,0,10,20,340
2025-02-18,White Rice,Staples,1,0,11,0,3.53,16.07,0,0,0.06,None,1,0.25,0.0,0,10,20,403
2025-02-19,White Rice,Staples,2,0,10,0,2.38,24.12,0,0,0.03,None,0,0.05,0.0,0,10,20,375
2025-02-20,White Rice,Staples,3,0,9,0,4.33,30.26,0,0,0.1,None,1,0.2,0.0,0,10,20,349
2025-02-21,White Rice,Staples,4,0,8,0,0.21,28.45,0,0,0.06,None,0,0.05,0.0,0,10,20,314
2025-02-22,White Rice,Staples,5,0,7,0,1.44,23.89,0,0,0.06,None,1,0.3,0.0,0,10,20,370
2025-02-23,White Rice,Staples,6,0,6,0,0.68,30.64,0,0,0.03,None,0,0.02,0.0,0,10,20,383
2025-02-24,White Rice,Staples,0,0,5,0,2.82,22.58,0,0,0.04,None,0,0.15,0.0,0,10,20,357
2025-02-25,White Rice,Staples,1,0,4,0,7.81,27.65,0,0,0.13,None,1,0.25,0.0,0,10,20,332
2025-02-26,White Rice,Staples,2,0,3,0,1.19,23.28,0,0,0.12,None,0,0.05,0.0,0,10,20,359
2025-02-27,White Rice,Staples,3,0,2,0,4.09,18.32,0,1,0.08,None,1,0.2,0.0,0,10,20,450
2025-02-28,White Rice,Staples,4,0,1,0,7.21,31.05,0,1,0.06,Ramadan,0,0.05,0.15,0,10,20,350
2025-03-01,White Rice,Staples,5,0,1,0,2.93,22.78,0,0,0.12,Ramadan,1,0.3,0.15,0,10,20,292
2025-03-02,White Rice,Staples,6,0,0,0,1.32,32.76,0,0,0.04,Ramadan,0,0.02,0.15,0,10,20,329
2025-03-03,White Rice,Staples,0,0,29,0,10.26,31.66,0,0,0.14,Ramadan,0,0.15,0.15,0,10,20,278
2025-03-04,White Rice,Staples,1,0,28,0,0.4,28.39,0,0,0.02,Ramadan,1,0.25,0.15,0,10,20,345
2025-03-05,White Rice,Staples,2,0,27,0,3.91,31.07,0,0,0.15,Ramadan,0,0.05,0.15,0,10,20,299
2025-03-06,White Rice,Staples,3,0,26,0,0.38,29.03,0,0,0.07,Ramadan,1,0.2,0.15,0,10,20,307
2025-03-07,White Rice,Staples,4,0,25,0,4.5,23.52,0,1,0.04,Ramadan,0,0.05,0.15,0,10,20,329
2025-03-08,White Rice,Staples,5,0,24,0,0.66,27.52,0,1,0.11,Ramadan,1,0.3,0.15,0,10,20,330
2025-03-09,White Rice,Staples,6,0,23,0,0.9,23.53,0,0,0.09,Ramadan,0,0.02,0.15,0,10,20,297
2025-03-10,White Rice,Staples,0,1,22,1,3.9,25.31,0,0,0.18,Ramadan,0,0.15,0.15,1,10,20,28
2025-03-11,White Rice,Staples,1,0,21,0,1.22,19.35,0,1,0.04,Ramadan,1,0.25,0.15,0,10,20,391
2025-03-12,White Rice,Staples,2,0,20,0,2.45,32.73,0,0,0.14,Ramadan,0,0.05,0.15,0,10,20,292
2025-03-13,White Rice,Staples,3,0,19,0,7.6,22.82,0,0,0.09,Ramadan,1,0.2,0.15,0,10,20,307
2025-03-14,White Rice,Staples,4,0,18,0,1.98,21.96,0,0,0.13,Ramadan,0,0.05,0.15,0,10,20,264
2025-03-15,White Rice,Staples,5,0,17,0,2.58,25.12,0,0,0.02,Ramadan,1,0.3,0.15,0,10,20,351
2025-03-16,White Rice,Staples,6,0,16,0,2.54,22.79,0,0,0.06,Ramadan,0,0.02,0.15,0,10,20,314
2025-03-17,White Rice,Staples,0,0,15,0,1.01,29.06,0,0,0.08,Ramadan,0,0.15,0.15,0,10,20,338
2025-03-18,White Rice,Staples,1,0,14,0,2.37,24.88,0,0,0.06,Ramadan,1,0.25,0.15,0,10,20,321
2025-03-19,White Rice,Staples,2,0,13,0,9.95,30.48,0,0,0.11,Ramadan,0,0.05,0.15,0,10,20,278
2025-03-20,White Rice,Staples,3,0,12,0,1.56,26.32,0,1,0.1,Ramadan,1,0.2,0.15,0,10,20,382
2025-03-21,White Rice,Staples,4,0,11,0,0.61,29.51,0,0,0.08,Ramadan,0,0.05,0.15,0,10,20,288
2025-03-22,White Rice,Staples,5,0,10,0,0.48,23.84,0,0,0.08,Ramadan,1,0.3,0.15,0,10,20,308
2025-03-23,White Rice,Staples,6,0,9,0,6.49,25.32,0,1,0.07,Ramadan,0,0.02,0.15,0,10,20,362
2025-03-24,White Rice,Staples,0,0,8,0,8.35,21.35,0,0,0.12,Ramadan,0,0.15,0.15,0,10,20,281
2025-03-25,White Rice,Staples,1,0,7,0,1.09,29.85,0,0,0.13,Ramadan,1,0.25,0.15,0,10,20,287
2025-03-26,White Rice,Staples,2,0,6,0,1.76,30.67,0,0,0.05,Ramadan,0,0.05,0.15,0,10,20,320
2025-03-27,White Rice,Staples,3,0,5,0,2.63,18.27,0,1,0.04,Ramadan,1,0.2,0.15,0,10,20,424
2025-03-28,White Rice,Staples,4,0,4,0,2.11,23.87,0,0,0.15,Ramadan,0,0.05,0.15,0,10,20,262
2025-03-29,White Rice,Staples,5,0,3,0,4.8,26.93,0,1,0.08,Ramadan,1,0.3,0.15,0,10,20,331
2025-03-30,White Rice,Staples,6,0,2,0,0.68,30.28,0,1,0.09,Ramadan,0,0.02,0.15,0,10,20,335
2025-03-31,White Rice,Staples,0,0,1,0,1.06,22.58,0,0,0.08,None,0,0.15,0.0,0,10,20,356
2025-04-01,White Rice,Staples,1,0,0,0,0.42,39.88,0,1,0.03,None,1,0.25,0.0,0,10,20,473
2025-04-02,White Rice,Staples,2,0,29,0,0.0,39.8,0,0,0.08,None,0,0.05,0.0,0,10,20,349
2025-04-03,White Rice,Staples,3,0,28,0,3.1,42.19,0,1,0.15,None,1,0.2,0.0,0,10,20,378
2025-04-04,White Rice,Staples,4,0,27,0,0.16,37.82,0,1,0.03,None,0,0.05,0.0,0,10,20,403
2025-04-05,White Rice,Staples,5,0,26,0,0.13,39.49,0,1,0.14,None,1,0.3,0.0,0,10,20,400
2025-04-06,White Rice,Staples,6,0,25,0,0.13,42.18,0,1,0.06,None,0,0.02,0.0,0,10,20,472
2025-04-07,White Rice,Staples,0,1,24,1,2.48,37.25,0,0,0.25,None,0,0.15,0.0,1,10,20,30
2025-04-08,White Rice,Staples,1,0,23,0,0.06,38.3,0,0,0.08,None,1,0.25,0.0,0,10,20,331
2025-04-09,White Rice,Staples,2,0,22,0,0.1,38.91,0,0,0.02,None,0,0.05,0.0,0,10,20,394
2025-04-10,White Rice,Staples,3,0,21,0,0.66,40.42,0,0,0.11,None,1,0.2,0.0,0,10,20,341
2025-04-11,White Rice,Staples,4,0,20,0,0.12,41.52,0,1,0.08,None,0,0.05,0.0,0,10,20,392
2025-04-12,White Rice,Staples,5,0,19,0,0.01,41.86,0,0,0.07,None,1,0.3,0.0,0,10,20,371
2025-04-13,White Rice,Staples,6,0,18,0,1.05,35.75,0,0,0.03,None,0,0.02,0.0,0,10,20,378
2025-04-14,White Rice,Staples,0,0,17,0,2.34,39.14,0,0,0.04,None,0,0.15,0.0,0,10,20,374
2025-04-15,White Rice,Staples,1,0,16,0,0.09,38.64,0,0,0.05,None,1,0.25,0.0,0,10,20,355
2025-04-16,White Rice,Staples,2,0,15,0,0.2,43.07,0,1,0.13,None,0,0.05,0.0,0,10,20,418
2025-04-17,White Rice,Staples,3,0,14,0,0.0,42.44,0,0,0.06,None,1,0.2,0.0,0,10,20,355
2025-04-18,White Rice,Staples,4,0,13,0,0.97,39.2,0,1,0.04,None,0,0.05,0.0,0,10,20,423
2025-04-19,White Rice,Staples,5,0,12,0,0.69,43.9,0,0,0.03,None,1,0.3,0.0,0,10,20,409
2025-04-20,White Rice,Staples,6,0,11,0,0.21,37.8,0,1,0.13,None,0,0.02,0.0,0,10,20,414
2025-04-21,White Rice,Staples,0,0,10,0,0.03,40.55,0,0,0.08,None,0,0.15,0.0,0,10,20,390
2025-04-22,White Rice,Staples,1,0,9,0,0.17,40.81,0,0,0.04,None,1,0.25,0.0,0,10,20,368
2025-04-23,White Rice,Staples,2,0,8,0,2.72,39.84,0,0,0.03,None,0,0.05,0.0,0,10,20,376
2025-04-24,White Rice,Staples,3,0,7,0,1.19,41.17,0,0,0.06,None,1,0.2,0.0,0,10,20,351
2025-04-25,White Rice,Staples,4,0,6,0,1.12,40.97,0,0,0.04,None,0,0.05,0.0,0,10,20,365
2025-04-26,White Rice,Staples,5,0,5,0,1.15,39.23,0,0,0.08,None,1,0.3,0.0,0,10,20,384
2025-04-27,White Rice,Staples,6,1,4,0,0.26,40.09,0,0,0.11,None,0,0.02,0.0,1,10,20,37
2025-04-28,White Rice,Staples,0,0,3,0,0.74,38.31,0,1,0.08,None,0,0.15,0.0,0,10,20,424
2025-04-29,White Rice,Staples,1,0,2,0,2.89,36.97,0,0,0.05,None,1,0.25,0.0,0,10,20,392
2025-04-30,White Rice,Staples,2,0,1,0,0.02,37.45,0,0,0.04,None,0,0.05,0.0,0,10,20,388
2025-05-01,White Rice,Staples,3,0,1,0,0.21,36.9,0,0,0.12,None,1,0.2,0.0,0,10,20,365
2025-05-02,White Rice,Staples,4,0,0,0,0.25,42.33,0,0,0.11,None,0,0.05,0.0,0,10,20,302
2025-05-03,White Rice,Staples,5,0,29,0,1.16,39.08,0,0,0.06,None,1,0.3,0.0,0,10,20,389
2025-05-04,White Rice,Staples,6,0,28,0,0.49,39.08,0,0,0.09,None,0,0.02,0.0,0,10,20,359
2025-05-05,White Rice,Staples,0,0,27,0,1.47,35.66,0,1,0.06,None,0,0.15,0.0,0,10,20,425
2025-05-06,White Rice,Staples,1,0,26,0,0.14,40.59,0,1,0.04,None,1,0.25,0.0,0,10,20,442
2025-05-07,White Rice,Staples,2,0,25,0,0.07,40.76,0,0,0.04,None,0,0.05,0.0,0,10,20,381
2025-05-08,White Rice,Staples,3,0,24,0,0.02,38.2,0,1,0.13,None,1,0.2,0.0,0,10,20,447
2025-05-09,White Rice,Staples,4,0,23,0,0.84,39.89,0,1,0.09,None,0,0.05,0.0,0,10,20,380
2025-05-10,White Rice,Staples,5,0,22,0,1.66,38.72,0,0,0.1,None,1,0.3,0.0,0,10,20,328
2025-05-11,White Rice,Staples,6,0,21,0,0.13,39.77,0,0,0.14,None,0,0.02,0.0,0,10,20,368
2025-05-12,White Rice,Staples,0,0,20,0,0.04,39.4,0,0,0.1,None,0,0.15,0.0,0,10,20,387
2025-05-13,White Rice,Staples,1,0,19,0,6.74,38.31,0,0,0.12,None,1,0.25,0.0,0,10,20,340
2025-05-14,White Rice,Staples,2,0,18,0,0.02,40.06,0,0,0.04,None,0,0.05,0.0,0,10,20,385
2025-05-15,White Rice,Staples,3,0,17,0,2.33,42.04,0,0,0.07,None,1,0.2,0.0,0,10,20,390
2025-05-16,White Rice,Staples,4,1,16,1,0.45,35.66,0,0,0.27,None,0,0.05,0.0,1,10,20,27
2025-05-17,White Rice,Staples,5,0,15,0,0.02,39.31,0,0,0.12,None,1,0.3,0.0,0,10,20,362
2025-05-18,White Rice,Staples,6,0,14,0,0.0,37.66,0,0,0.02,None,0,0.02,0.0,0,10,20,436
2025-05-19,White Rice,Staples,0,0,13,0,1.97,38.67,0,0,0.13,None,0,0.15,0.0,0,10,20,336
2025-05-20,White Rice,Staples,1,0,12,0,0.84,39.99,0,0,0.09,None,1,0.25,0.0,0,10,20,365
2025-05-21,White Rice,Staples,2,0,11,0,0.43,45.28,1,1,0.06,None,0,0.05,0.0,0,10,20,450
2025-05-22,White Rice,Staples,3,0,10,0,0.82,38.12,0,0,0.05,None,1,0.2,0.0,0,10,20,374
2025-05-23,White Rice,Staples,4,0,9,0,0.16,40.96,0,0,0.11,None,0,0.05,0.0,0,10,20,302
2025-05-24,White Rice,Staples,5,0,8,0,0.22,40.5,0,1,0.07,None,1,0.3,0.0,0,10,20,466
2025-05-25,White Rice,Staples,6,0,7,0,0.0,36.79,0,1,0.06,None,0,0.02,0.0,0,10,20,470
2025-05-26,White Rice,Staples,0,0,6,0,0.82,42.55,0,0,0.12,None,0,0.15,0.0,0,10,20,344
2025-05-27,White Rice,Staples,1,0,5,0,4.69,43.11,0,0,0.05,None,1,0.25,0.0,0,10,20,389
2025-05-28,White Rice,Staples,2,0,4,0,0.04,43.75,0,0,0.14,None,0,0.05,0.0,0,10,20,358
2025-05-29,White Rice,Staples,3,0,3,0,0.0,39.84,0,0,0.11,None,1,0.2,0.0,0,10,20,299
2025-05-30,White Rice,Staples,4,0,2,0,0.06,39.9,0,0,0.04,None,0,0.05,0.0,0,10,20,345
2025-05-31,White Rice,Staples,5,0,1,0,1.87,40.0,0,0,0.12,None,1,0.3,0.0,0,10,20,360
2025-06-01,White Rice,Staples,6,0,0,0,25.41,28.89,0,0,0.03,None,0,0.02,0.0,0,10,20,411
2025-06-02,White Rice,Staples,0,0,29,0,26.88,27.02,0,0,0.04,None,0,0.15,0.0,0,10,20,446
2025-06-03,White Rice,Staples,1,0,28,0,16.96,32.21,0,0,0.07,None,1,0.25,0.0,0,10,20,371
2025-06-04,White Rice,Staples,2,0,27,0,12.66,33.5,0,0,0.09,None,0,0.05,0.0,0,10,20,375
2025-06-05,White Rice,Staples,3,0,26,0,12.02,29.55,0,0,0.02,None,1,0.2,0.0,0,10,20,365
2025-06-06,White Rice,Staples,4,0,25,0,28.15,25.81,0,0,0.08,None,0,0.05,0.0,0,10,20,367
2025-06-07,White Rice,Staples,5,0,24,0,11.82,31.98,0,0,0.13,None,1,0.3,0.0,0,10,20,333
2025-06-08,White Rice,Staples,6,0,23,0,16.3,26.01,0,0,0.14,None,0,0.02,0.0,0,10,20,341
2025-06-09,White Rice,Staples,0,0,22,0,6.45,32.61,0,0,0.03,None,0,0.15,0.0,0,10,20,363
2025-06-10,White Rice,Staples,1,0,21,0,8.05,25.65,0,0,0.03,None,1,0.25,0.0,0,10,20,401
2025-06-11,White Rice,Staples,2,0,20,0,8.23,29.14,0,0,0.04,None,0,0.05,0.0,0,10,20,332
2025-06-12,White Rice,Staples,3,0,19,0,68.93,32.61,1,0,0.13,None,1,0.2,0.0,0,10,20,419
2025-06-13,White Rice,Staples,4,0,18,0,4.6,30.57,0,0,0.04,None,0,0.05,0.0,0,10,20,345
2025-06-14,White Rice,Staples,5,0,17,0,41.11,28.18,1,0,0.05,None,1,0.3,0.0,0,10,20,416
2025-06-15,White Rice,Staples,6,0,16,0,18.98,31.17,0,0,0.13,None,0,0.02,0.0,0,10,20,334
2025-06-16,White Rice,Staples,0,0,15,0,5.36,26.81,0,0,0.07,None,0,0.15,0.0,0,10,20,373
2025-06-17,White Rice,Staples,1,0,14,0,22.08,28.67,0,0,0.07,None,1,0.25,0.0,0,10,20,434
2025-06-18,White Rice,Staples,2,0,13,0,18.16,32.57,0,0,0.13,None,0,0.05,0.0,0,10,20,371
2025-06-19,White Rice,Staples,3,0,12,0,42.4,28.65,1,0,0.04,None,1,0.2,0.0,0,10,20,445
2025-06-20,White Rice,Staples,4,0,11,0,35.76,30.01,0,1,0.03,None,0,0.05,0.0,0,10,20,510
2025-06-21,White Rice,Staples,5,0,10,0,14.15,35.24,0,0,0.07,None,1,0.3,0.0,0,10,20,392
2025-06-22,White Rice,Staples,6,0,9,0,7.41,32.01,0,1,0.08,None,0,0.02,0.0,0,10,20,442
2025-06-23,White Rice,Staples,0,0,8,0,20.98,28.03,0,0,0.06,None,0,0.15,0.0,0,10,20,427
2025-06-24,White Rice,Staples,1,0,7,0,1.68,27.14,0,0,0.13,None,1,0.25,0.0,0,10,20,356
2025-06-25,White Rice,Staples,2,0,6,0,18.61,30.84,0,0,0.02,None,0,0.05,0.0,0,10,20,394
2025-06-26,White Rice,Staples,3,0,5,0,25.11,32.13,0,0,0.12,None,1,0.2,0.0,0,10,20,469
2025-06-27,White Rice,Staples,4,0,4,0,12.76,33.15,0,0,0.03,None,0,0.05,0.0,0,10,20,357
2025-06-28,White Rice,Staples,5,0,3,0,13.78,23.69,0,1,0.11,None,1,0.3,0.0,0,10,20,472
2025-06-29,White Rice,Staples,6,0,2,0,2.46,33.14,0,0,0.13,None,0,0.02,0.0,0,10,20,327
2025-06-30,White Rice,Staples,0,0,1,0,70.63,36.56,1,0,0.12,None,0,0.15,0.0,0,10,20,392
2025-07-01,White Rice,Staples,1,0,1,0,16.48,24.6,0,0,0.13,None,1,0.25,0.0,0,10,20,360
2025-07-02,White Rice,Staples,2,0,0,0,12.81,32.22,0,0,0.14,None,0,0.05,0.0,0,10,20,340
2025-07-03,White Rice,Staples,3,0,29,0,4.66,30.09,0,1,0.08,None,1,0.2,0.0,0,10,20,476
2025-07-04,White Rice,Staples,4,0,28,0,3.57,30.12,0,0,0.09,None,0,0.05,0.0,0,10,20,343
2025-07-05,White Rice,Staples,5,0,27,0,6.32,32.87,0,1,0.08,None,1,0.3,0.0,0,10,20,491
2025-07-06,White Rice,Staples,6,0,26,0,23.21,26.37,0,0,0.07,None,0,0.02,0.0,0,10,20,449
2025-07-07,White Rice,Staples,0,0,25,0,24.02,31.2,0,0,0.04,None,0,0.15,0.0,0,10,20,448
2025-07-08,White Rice,Staples,1,0,24,0,26.46,29.96,0,0,0.11,None,1,0.25,0.0,0,10,20,375
2025-07-09,White Rice,Staples,2,1,23,0,12.81,27.19,0,0,0.12,None,0,0.05,0.0,1,10,20,34
2025-07-10,White Rice,Staples,3,0,22,0,30.11,31.18,0,0,0.05,None,1,0.2,0.0,0,10,20,446
2025-07-11,White Rice,Staples,4,0,21,0,9.52,33.1,0,0,0.14,None,0,0.05,0.0,0,10,20,304
2025-07-12,White Rice,Staples,5,0,20,0,21.23,31.55,0,1,0.05,None,1,0.3,0.0,0,10,20,507
2025-07-13,White Rice,Staples,6,0,19,0,2.1,27.98,0,0,0.02,None,0,0.02,0.0,0,10,20,407
2025-07-14,White Rice,Staples,0,0,18,0,5.93,28.76,0,0,0.09,None,0,0.15,0.0,0,10,20,344
2025-07-15,White Rice,Staples,1,0,17,0,23.34,30.68,0,0,0.09,None,1,0.25,0.0,0,10,20,409
2025-07-16,White Rice,Staples,2,0,16,0,13.89,34.32,0,0,0.13,None,0,0.05,0.0,0,10,20,332
2025-07-17,White Rice,Staples,3,0,15,0,28.73,33.48,0,0,0.04,None,1,0.2,0.0,0,10,20,432
2025-07-18,White Rice,Staples,4,0,14,0,22.37,30.87,0,0,0.07,None,0,0.05,0.0,0,10,20,375
2025-07-19,White Rice,Staples,5,0,13,0,7.32,28.71,0,1,0.11,None,1,0.3,0.0,0,10,20,436
2025-07-20,White Rice,Staples,6,0,12,0,64.65,31.17,1,1,0.1,None,0,0.02,0.0,0,10,20,496
2025-07-21,White Rice,Staples,0,0,11,0,16.5,32.46,0,0,0.13,None,0,0.15,0.0,0,10,20,354
2025-07-22,White Rice,Staples,1,0,10,0,8.2,28.8,0,0,0.08,None,1,0.25,0.0,0,10,20,392
2025-07-23,White Rice,Staples,2,0,9,0,9.53,31.39,0,0,0.13,None,0,0.05,0.0,0,10,20,326
2025-07-24,White Rice,Staples,3,0,8,0,27.42,25.59,0,0,0.03,None,1,0.2,0.0,0,10,20,418
2025-07-25,White Rice,Staples,4,0,7,0,25.67,26.35,0,1,0.06,Shravan,0,0.4,0.02,0,10,20,489
2025-07-26,White Rice,Staples,5,0,6,0,7.4,30.24,0,0,0.14,Shravan,1,0.4,0.02,0,10,20,350
2025-07-27,White Rice,Staples,6,0,5,0,8.15,29.49,0,0,0.06,Shravan,0,0.4,0.02,0,10,20,364
2025-07-28,White Rice,Staples,0,1,4,1,13.53,25.47,0,1,0.2,Shravan,0,0.4,0.02,1,10,20,37
2025-07-29,White Rice,Staples,1,0,3,0,3.33,27.91,0,0,0.03,Shravan,1,0.4,0.02,0,10,20,384
2025-07-30,White Rice,Staples,2,0,2,0,31.43,27.99,0,1,0.05,Shravan,0,0.4,0.02,0,10,20,504
2025-07-31,White Rice,Staples,3,0,1,0,10.42,29.18,0,0,0.06,Shravan,1,0.4,0.02,0,10,20,327
2025-08-01,White Rice,Staples,4,0,1,0,36.62,25.1,0,0,0.06,Shravan,0,0.4,0.02,0,10,20,365
2025-08-02,White Rice,Staples,5,0,0,0,7.33,29.43,0,0,0.12,Shravan,1,0.4,0.02,0,10,20,317
2025-08-03,White Rice,Staples,6,0,29,0,15.27,34.33,0,0,0.14,Shravan,0,0.4,0.02,0,10,20,343
2025-08-04,White Rice,Staples,0,0,28,0,10.46,27.27,0,1,0.03,Shravan,0,0.4,0.02,0,10,20,493
2025-08-05,White Rice,Staples,1,0,27,0,12.49,26.1,0,0,0.03,Shravan,1,0.4,0.02,0,10,20,382
2025-08-06,White Rice,Staples,2,0,26,0,9.79,30.59,0,1,0.03,Shravan,0,0.4,0.02,0,10,20,413
2025-08-07,White Rice,Staples,3,0,25,0,17.87,25.41,0,1,0.08,Shravan,1,0.4,0.02,0,10,20,459
2025-08-08,White Rice,Staples,4,0,24,0,30.73,28.85,0,1,0.14,Shravan,0,0.4,0.02,0,10,20,376
2025-08-09,White Rice,Staples,5,0,23,0,5.54,29.47,0,0,0.14,Shravan,1,0.4,0.02,0,10,20,349
2025-08-10,White Rice,Staples,6,0,22,0,4.81,32.38,0,0,0.12,Shravan,0,0.4,0.02,0,10,20,342
2025-08-11,White Rice,Staples,0,0,21,0,9.76,32.27,0,0,0.07,Shravan,0,0.4,0.02,0,10,20,359
2025-08-12,White Rice,Staples,1,0,20,0,40.6,33.02,1,0,0.03,Shravan,1,0.4,0.02,0,10,20,413
2025-08-13,White Rice,Staples,2,0,19,0,16.51,34.76,0,1,0.13,Shravan,0,0.4,0.02,0,10,20,401
2025-08-14,White Rice,Staples,3,0,18,0,11.01,29.49,0,0,0.02,Shravan,1,0.4,0.02,0,10,20,415
2025-08-15,White Rice,Staples,4,0,17,0,23.19,22.85,0,1,0.1,Shravan,0,0.4,0.02,0,10,20,452
2025-08-16,White Rice,Staples,5,0,16,0,33.64,31.29,0,0,0.07,Shravan,1,0.4,0.02,0,10,20,390
2025-08-17,White Rice,Staples,6,0,15,0,28.08,30.19,0,1,0.06,Shravan,0,0.4,0.02,0,10,20,482
2025-08-18,White Rice,Staples,0,0,14,0,27.95,33.59,0,0,0.04,Shravan,0,0.4,0.02,0,10,20,398
2025-08-19,White Rice,Staples,1,0,13,0,9.44,27.66,0,0,0.04,Shravan,1,0.4,0.02,0,10,20,395
2025-08-20,White Rice,Staples,2,0,12,0,21.32,34.85,0,1,0.12,Shravan,0,0.4,0.02,0,10,20,470
2025-08-21,White Rice,Staples,3,0,11,0,32.23,33.67,0,0,0.08,Shravan,1,0.4,0.02,0,10,20,411
2025-08-22,White Rice,Staples,4,0,10,0,40.36,29.48,1,0,0.02,Shravan,0,0.4,0.02,0,10,20,409
2025-08-23,White Rice,Staples,5,0,9,0,34.21,26.86,0,1,0.05,Shravan,1,0.4,0.02,0,10,20,512
2025-08-24,White Rice,Staples,6,0,8,0,11.72,30.28,0,0,0.04,None,0,0.02,0.0,0,10,20,363
2025-08-25,White Rice,Staples,0,0,7,0,16.87,34.93,0,0,0.12,None,0,0.15,0.0,0,10,20,359
2025-08-26,White Rice,Staples,1,0,6,0,19.73,31.51,0,0,0.1,None,1,0.25,0.0,0,10,20,368
2025-08-27,White Rice,Staples,2,0,5,0,23.76,29.02,0,0,0.14,None,0,0.05,0.0,0,10,20,370
2025-08-28,White Rice,Staples,3,0,4,0,51.46,33.12,1,0,0.08,None,1,0.2,0.0,0,10,20,423
2025-08-29,White Rice,Staples,4,0,3,0,14.76,27.18,0,0,0.12,None,0,0.05,0.0,0,10,20,325
2025-08-30,White Rice,Staples,5,0,2,0,21.86,27.78,0,1,0.11,None,1,0.3,0.0,0,10,20,510
2025-08-31,White Rice,Staples,6,0,1,0,12.87,31.63,0,0,0.08,None,0,0.02,0.0,0,10,20,381
2025-09-01,White Rice,Staples,0,0,0,0,31.96,29.61,0,0,0.05,None,0,0.15,0.0,0,10,20,460
2025-09-02,White Rice,Staples,1,0,29,0,20.1,29.96,0,0,0.09,None,1,0.25,0.0,0,10,20,410
2025-09-03,White Rice,Staples,2,0,28,0,18.87,32.24,0,0,0.1,None,0,0.05,0.0,0,10,20,348
2025-09-04,White Rice,Staples,3,0,27,0,40.76,27.15,1,0,0.03,None,1,0.2,0.0,0,10,20,436
2025-09-05,White Rice,Staples,4,0,26,0,11.03,30.21,0,0,0.1,None,0,0.05,0.0,0,10,20,295
2025-09-06,White Rice,Staples,5,0,25,0,8.78,29.69,0,0,0.08,None,1,0.3,0.0,0,10,20,380
2025-09-07,White Rice,Staples,6,0,24,0,21.97,32.55,0,1,0.14,None,0,0.02,0.0,0,10,20,478
2025-09-08,White Rice,Staples,0,0,23,0,11.75,31.35,0,0,0.09,None,0,0.15,0.0,0,10,20,358
2025-09-09,White Rice,Staples,1,0,22,0,12.87,22.78,0,0,0.15,None,1,0.25,0.0,0,10,20,339
2025-09-10,White Rice,Staples,2,0,21,0,19.57,29.0,0,0,0.03,None,0,0.05,0.0,0,10,20,395
2025-09-11,White Rice,Staples,3,0,20,0,21.86,28.85,0,0,0.08,None,1,0.2,0.0,0,10,20,425
2025-09-12,White Rice,Staples,4,0,19,0,4.57,31.71,0,0,0.14,None,0,0.05,0.0,0,10,20,304
2025-09-13,White Rice,Staples,5,0,18,0,24.27,30.32,0,0,0.14,None,1,0.3,0.0,0,10,20,387
2025-09-14,White Rice,Staples,6,0,17,0,10.29,28.15,0,0,0.09,None,0,0.02,0.0,0,10,20,370
2025-09-15,White Rice,Staples,0,0,16,0,9.3,31.37,0,1,0.07,None,0,0.15,0.0,0,10,20,492
2025-09-16,White Rice,Staples,1,0,15,0,53.8,29.21,1,0,0.03,None,1,0.25,0.0,0,10,20,517
2025-09-17,White Rice,Staples,2,1,14,0,22.05,32.09,0,0,0.13,None,0,0.05,0.0,1,10,20,35
2025-09-18,White Rice,Staples,3,0,13,0,43.07,22.69,1,0,0.03,None,1,0.2,0.0,0,10,20,460
2025-09-19,White Rice,Staples,4,0,12,0,20.38,28.21,0,0,0.02,None,0,0.05,0.0,0,10,20,370
2025-09-20,White Rice,Staples,5,0,11,0,15.17,26.69,0,0,0.11,None,1,0.3,0.0,0,10,20,370
2025-09-21,White Rice,Staples,6,0,10,0,4.05,35.6,0,0,0.13,None,0,0.02,0.0,0,10,20,400
2025-09-22,White Rice,Staples,0,0,9,0,11.3,25.86,0,0,0.07,Navratri,0,0.45,0.05,0,10,20,322
2025-09-23,White Rice,Staples,1,0,8,0,4.47,29.46,0,0,0.14,Navratri,1,0.45,0.05,0,10,20,317
2025-09-24,White Rice,Staples,2,0,7,0,4.55,33.68,0,0,0.05,Navratri,0,0.45,0.05,0,10,20,345
2025-09-25,White Rice,Staples,3,0,6,0,3.94,35.02,0,0,0.08,Navratri,1,0.45,0.05,0,10,20,361
2025-09-26,White Rice,Staples,4,0,5,0,23.19,33.02,0,0,0.13,Navratri,0,0.45,0.05,0,10,20,300
2025-09-27,White Rice,Staples,5,0,4,0,14.78,33.18,0,0,0.08,Navratri,1,0.45,0.05,0,10,20,305
2025-09-28,White Rice,Staples,6,0,3,0,23.49,25.04,0,0,0.13,Navratri,0,0.45,0.05,0,10,20,359
2025-09-29,White Rice,Staples,0,0,2,0,26.44,30.25,0,0,0.1,Navratri,0,0.45,0.05,0,10,20,398
2025-09-30,White Rice,Staples,1,0,1,0,9.36,38.68,0,0,0.07,Navratri,1,0.45,0.05,0,10,20,359
2025-10-01,White Rice,Staples,2,0,1,0,0.27,27.83,0,0,0.05,Navratri,0,0.45,0.05,0,10,20,383
2025-10-02,White Rice,Staples,3,0,0,0,0.64,18.13,0,0,0.1,Navratri,1,0.45,0.05,0,10,20,355
2025-10-03,White Rice,Staples,4,0,29,0,3.25,33.83,0,0,0.04,None,0,0.05,0.0,0,10,20,333
2025-10-04,White Rice,Staples,5,0,28,0,0.36,28.18,0,0,0.09,None,1,0.3,0.0,0,10,20,363
2025-10-05,White Rice,Staples,6,0,27,0,7.45,20.19,0,0,0.11,None,0,0.02,0.0,0,10,20,358
2025-10-06,White Rice,Staples,0,0,26,0,0.64,31.98,0,1,0.11,None,0,0.15,0.0,0,10,20,445
2025-10-07,White Rice,Staples,1,0,25,0,0.62,27.56,0,0,0.06,None,1,0.25,0.0,0,10,20,362
2025-10-08,White Rice,Staples,2,0,24,0,1.16,29.4,0,0,0.04,None,0,0.05,0.0,0,10,20,380
2025-10-09,White Rice,Staples,3,0,23,0,6.94,24.7,0,0,0.06,None,1,0.2,0.0,0,10,20,406
2025-10-10,White Rice,Staples,4,0,22,0,1.79,25.61,0,0,0.08,None,0,0.05,0.0,0,10,20,320
2025-10-11,White Rice,Staples,5,0,21,0,1.16,22.14,0,0,0.03,None,1,0.3,0.0,0,10,20,391
2025-10-12,White Rice,Staples,6,0,20,0,1.94,23.58,0,0,0.12,None,0,0.02,0.0,0,10,20,353
2025-10-13,White Rice,Staples,0,0,19,0,6.14,29.74,0,0,0.13,None,0,0.15,0.0,0,10,20,334
2025-10-14,White Rice,Staples,1,1,18,0,0.23,34.28,0,0,0.03,None,1,0.25,0.0,1,10,20,39
2025-10-15,White Rice,Staples,2,0,17,0,0.23,20.63,0,1,0.05,None,0,0.05,0.0,0,10,20,469
2025-10-16,White Rice,Staples,3,0,16,0,17.13,30.21,0,0,0.1,None,1,0.2,0.0,0,10,20,350
2025-10-17,White Rice,Staples,4,0,15,0,2.31,19.81,0,0,0.03,None,0,0.05,0.0,0,10,20,337
2025-10-18,White Rice,Staples,5,0,14,0,0.02,26.21,0,0,0.14,None,1,0.3,0.0,0,10,20,357
2025-10-19,White Rice,Staples,6,0,13,0,3.28,25.91,0,0,0.1,None,0,0.02,0.0,0,10,20,369
2025-10-20,White Rice,Staples,0,0,12,0,1.08,26.42,0,0,0.04,None,0,0.15,0.0,0,10,20,369
2025-10-21,White Rice,Staples,1,0,11,0,6.67,28.53,0,0,0.1,None,1,0.25,0.0,0,10,20,356
2025-10-22,White Rice,Staples,2,0,10,0,1.0,21.71,0,0,0.09,None,0,0.05,0.0,0,10,20,361
2025-10-23,White Rice,Staples,3,0,9,0,1.25,25.11,0,0,0.08,None,1,0.2,0.0,0,10,20,368
2025-10-24,White Rice,Staples,4,0,8,0,1.68,33.84,0,0,0.11,None,0,0.05,0.0,0,10,20,310
2025-10-25,White Rice,Staples,5,0,7,0,3.81,23.24,0,0,0.05,None,1,0.3,0.0,0,10,20,392
2025-10-26,White Rice,Staples,6,0,6,0,7.09,17.24,0,0,0.07,None,0,0.02,0.0,0,10,20,387
2025-10-27,White Rice,Staples,0,0,5,0,0.67,19.63,0,1,0.04,None,0,0.15,0.0,0,10,20,451
2025-10-28,White Rice,Staples,1,0,4,0,2.52,22.09,0,0,0.13,None,1,0.25,0.0,0,10,20,347
2025-10-29,White Rice,Staples,2,0,3,0,1.08,24.93,0,0,0.12,None,0,0.05,0.0,0,10,20,350
2025-10-30,White Rice,Staples,3,0,2,0,0.17,23.49,0,0,0.02,None,1,0.2,0.0,0,10,20,362
2025-10-31,White Rice,Staples,4,0,1,0,5.48,25.35,0,0,0.1,None,0,0.05,0.0,0,10,20,337
2025-11-01,White Rice,Staples,5,0,0,0,0.33,17.55,0,1,0.05,None,1,0.3,0.0,0,10,20,420
2025-11-02,White Rice,Staples,6,0,29,0,2.02,25.07,0,1,0.11,None,0,0.02,0.0,0,10,20,390
2025-11-03,White Rice,Staples,0,0,28,0,0.14,21.5,0,1,0.04,None,0,0.15,0.0,0,10,20,451
2025-11-04,White Rice,Staples,1,0,27,0,0.01,15.53,0,0,0.11,None,1,0.25,0.0,0,10,20,388
2025-11-05,White Rice,Staples,2,0,26,0,8.46,27.64,0,1,0.12,None,0,0.05,0.0,0,10,20,412
2025-11-06,White Rice,Staples,3,0,25,0,0.91,25.11,0,0,0.07,None,1,0.2,0.0,0,10,20,353
2025-11-07,White Rice,Staples,4,0,24,0,1.44,26.07,0,0,0.1,None,0,0.05,0.0,0,10,20,327
2025-11-08,White Rice,Staples,5,0,23,0,6.73,33.14,0,1,0.04,None,1,0.3,0.0,0,10,20,469
2025-11-09,White Rice,Staples,6,0,22,0,0.96,24.69,0,1,0.15,None,0,0.02,0.0,0,10,20,399
2025-11-10,White Rice,Staples,0,0,21,0,7.64,28.24,0,0,0.05,None,0,0.15,0.0,0,10,20,398
2025-11-11,White Rice,Staples,1,0,20,0,4.6,30.72,0,1,0.11,None,1,0.25,0.0,0,10,20,424
2025-11-12,White Rice,Staples,2,0,19,0,0.71,23.6,0,0,0.14,None,0,0.05,0.0,0,10,20,350
2025-11-13,White Rice,Staples,3,0,18,0,4.24,28.11,0,0,0.11,None,1,0.2,0.0,0,10,20,392
2025-11-14,White Rice,Staples,4,0,17,0,1.92,21.73,0,1,0.08,None,0,0.05,0.0,0,10,20,438
2025-11-15,White Rice,Staples,5,0,16,0,5.25,23.11,0,0,0.09,None,1,0.3,0.0,0,10,20,354
2025-11-16,White Rice,Staples,6,0,15,0,0.95,24.06,0,1,0.07,None,0,0.02,0.0,0,10,20,439
2025-11-17,White Rice,Staples,0,0,14,0,1.23,27.5,0,0,0.08,None,0,0.15,0.0,0,10,20,405
2025-11-18,White Rice,Staples,1,0,13,0,1.72,17.14,0,0,0.12,None,1,0.25,0.0,0,10,20,369
2025-11-19,White Rice,Staples,2,0,12,0,1.38,17.08,0,0,0.05,None,0,0.05,0.0,0,10,20,378
2025-11-20,White Rice,Staples,3,0,11,0,0.16,33.39,0,1,0.09,None,1,0.2,0.0,0,10,20,406
2025-11-21,White Rice,Staples,4,1,10,1,1.48,26.35,0,0,0.27,None,0,0.05,0.0,1,10,20,24
2025-11-22,White Rice,Staples,5,0,9,0,2.08,21.12,0,0,0.12,None,1,0.3,0.0,0,10,20,384
2025-11-23,White Rice,Staples,6,0,8,0,0.38,19.84,0,0,0.04,None,0,0.02,0.0,0,10,20,403
2025-11-24,White Rice,Staples,0,0,7,0,3.43,24.39,0,1,0.09,None,0,0.15,0.0,0,10,20,422
2025-11-25,White Rice,Staples,1,0,6,0,9.04,24.07,0,0,0.09,None,1,0.25,0.0,0,10,20,374
2025-11-26,White Rice,Staples,2,0,5,0,9.87,18.33,0,0,0.07,None,0,0.05,0.0,0,10,20,327
2025-11-27,White Rice,Staples,3,0,4,0,5.08,32.32,0,1,0.08,None,1,0.2,0.0,0,10,20,461
2025-11-28,White Rice,Staples,4,0,3,0,0.12,23.24,0,1,0.09,None,0,0.05,0.0,0,10,20,382
2025-11-29,White Rice,Staples,5,0,2,0,1.42,20.84,0,0,0.11,None,1,0.3,0.0,0,10,20,367
2025-11-30,White Rice,Staples,6,0,1,0,0.41,20.47,0,0,0.06,None,0,0.02,0.0,0,10,20,369
2025-12-01,White Rice,Staples,0,0,1,0,1.05,26.19,0,0,0.13,None,0,0.15,0.0,0,10,20,341
2025-12-02,White Rice,Staples,1,0,0,0,0.68,21.02,0,0,0.12,None,1,0.25,0.0,0,10,20,335
2025-12-03,White Rice,Staples,2,0,29,0,2.98,26.89,0,0,0.02,None,0,0.05,0.0,0,10,20,375
2025-12-04,White Rice,Staples,3,0,28,0,7.33,19.93,0,1,0.05,None,1,0.2,0.0,0,10,20,495
2025-12-05,White Rice,Staples,4,0,27,0,5.09,22.22,0,0,0.11,None,0,0.05,0.0,0,10,20,343
2025-12-06,White Rice,Staples,5,0,26,0,0.22,27.36,0,0,0.09,None,1,0.3,0.0,0,10,20,411
2025-12-07,White Rice,Staples,6,0,25,0,1.75,27.0,0,0,0.03,None,0,0.02,0.0,0,10,20,388
2025-12-08,White Rice,Staples,0,0,24,0,0.09,26.94,0,0,0.11,None,0,0.15,0.0,0,10,20,364
2025-12-09,White Rice,Staples,1,0,23,0,1.94,18.78,0,0,0.13,None,1,0.25,0.0,0,10,20,374
2025-12-10,White Rice,Staples,2,0,22,0,0.69,24.94,0,0,0.03,None,0,0.05,0.0,0,10,20,385
2025-12-11,White Rice,Staples,3,0,21,0,4.62,26.92,0,0,0.14,None,1,0.2,0.0,0,10,20,291
2025-12-12,White Rice,Staples,4,0,20,0,0.59,27.01,0,0,0.13,None,0,0.05,0.0,0,10,20,314
2025-12-13,White Rice,Staples,5,0,19,0,5.74,26.85,0,0,0.05,None,1,0.3,0.0,0,10,20,359
2025-12-14,White Rice,Staples,6,0,18,0,0.8,23.36,0,0,0.09,None,0,0.02,0.0,0,10,20,359
2025-12-15,White Rice,Staples,0,0,17,0,2.61,20.03,0,0,0.04,None,0,0.15,0.0,0,10,20,390
2025-12-16,White Rice,Staples,1,0,16,0,0.89,21.02,0,0,0.15,None,1,0.25,0.0,0,10,20,357
2025-12-17,White Rice,Staples,2,0,15,0,9.6,28.67,0,0,0.1,None,0,0.05,0.0,0,10,20,373
2025-12-18,White Rice,Staples,3,0,14,0,2.63,16.08,0,0,0.02,None,1,0.2,0.0,0,10,20,428
2025-12-19,White Rice,Staples,4,1,13,1,1.29,16.48,0,0,0.17,None,0,0.05,0.0,1,10,20,32
2025-12-20,White Rice,Staples,5,0,12,0,0.78,22.18,0,1,0.06,None,1,0.3,0.0,0,10,20,443
2025-12-21,White Rice,Staples,6,0,11,0,9.77,23.74,0,0,0.1,None,0,0.02,0.0,0,10,20,330
2025-12-22,White Rice,Staples,0,0,10,0,0.59,27.49,0,1,0.04,None,0,0.15,0.0,0,10,20,504
2025-12-23,White Rice,Staples,1,0,9,0,8.7,26.51,0,0,0.14,None,1,0.25,0.0,0,10,20,326
2025-12-24,White Rice,Staples,2,0,8,0,16.28,26.94,0,0,0.08,None,0,0.05,0.0,0,10,20,334
2025-12-25,White Rice,Staples,3,0,7,0,0.27,24.62,0,0,0.1,None,1,0.2,0.0,0,10,20,360
2025-12-26,White Rice,Staples,4,0,6,0,0.29,18.71,0,0,0.13,None,0,0.05,0.0,0,10,20,316
2025-12-27,White Rice,Staples,5,0,5,0,1.66,25.84,0,0,0.06,None,1,0.3,0.0,0,10,20,392
2025-12-28,White Rice,Staples,6,0,4,0,1.15,28.74,0,0,0.14,None,0,0.02,0.0,0,10,20,340
2025-12-29,White Rice,Staples,0,0,3,0,2.31,23.98,0,0,0.08,None,0,0.15,0.0,0,10,20,381
2025-12-30,White Rice,Staples,1,0,2,0,2.34,23.63,0,0,0.04,None,1,0.25,0.0,0,10,20,383
2025-12-31,White Rice,Staples,2,0,1,0,4.89,20.74,0,0,0.12,None,0,0.05,0.0,0,10,20,379
2026-01-01,White Rice,Staples,3,0,1,0,1.56,23.12,0,0,0.12,None,1,0.2,0.0,0,10,20,355
2026-01-02,White Rice,Staples,4,0,0,0,1.99,27.96,0,0,0.14,None,0,0.05,0.0,0,10,20,307
2026-01-03,White Rice,Staples,5,0,29,0,1.01,27.64,0,0,0.11,None,1,0.3,0.0,0,10,20,349
2026-01-04,White Rice,Staples,6,0,28,0,6.49,24.21,0,0,0.13,None,0,0.02,0.0,0,10,20,320
2026-01-05,White Rice,Staples,0,0,27,0,1.55,25.96,0,0,0.09,None,0,0.15,0.0,0,10,20,371
2026-01-06,White Rice,Staples,1,0,26,0,5.92,24.33,0,0,0.11,None,1,0.25,0.0,0,10,20,335
2026-01-07,White Rice,Staples,2,0,25,0,14.96,28.97,0,0,0.05,None,0,0.05,0.0,0,10,20,380
2026-01-08,White Rice,Staples,3,0,24,0,3.36,27.83,0,0,0.02,None,1,0.2,0.0,0,10,20,358
2026-01-09,White Rice,Staples,4,0,23,0,2.8,29.67,0,0,0.06,None,0,0.05,0.0,0,10,20,346
2026-01-10,White Rice,Staples,5,0,22,0,3.8,17.96,0,0,0.05,None,1,0.3,0.0,0,10,20,354
2026-01-11,White Rice,Staples,6,0,21,0,0.51,15.7,0,1,0.08,None,0,0.02,0.0,0,10,20,433
2026-01-12,White Rice,Staples,0,0,20,0,0.87,27.01,0,1,0.14,None,0,0.15,0.0,0,10,20,411
2026-01-13,White Rice,Staples,1,0,19,0,0.03,32.3,0,1,0.04,None,1,0.25,0.0,0,10,20,422
2026-01-14,White Rice,Staples,2,0,18,0,0.76,23.8,0,0,0.05,None,0,0.05,0.0,0,10,20,353
2026-01-15,White Rice,Staples,3,0,17,0,1.91,27.96,0,1,0.06,None,1,0.2,0.0,0,10,20,453
2026-01-16,White Rice,Staples,4,0,16,0,0.21,25.12,0,0,0.12,None,0,0.05,0.0,0,10,20,330
2026-01-17,White Rice,Staples,5,0,15,0,2.24,27.81,0,0,0.06,None,1,0.3,0.0,0,10,20,382
2026-01-18,White Rice,Staples,6,0,14,0,1.55,22.59,0,0,0.04,None,0,0.02,0.0,0,10,20,359
2026-01-19,White Rice,Staples,0,1,13,1,1.49,31.77,0,0,0.21,None,0,0.15,0.0,1,10,20,33
2026-01-20,White Rice,Staples,1,0,12,0,0.4,25.92,0,0,0.05,None,1,0.25,0.0,0,10,20,363
2026-01-21,White Rice,Staples,2,0,11,0,0.06,22.44,0,0,0.09,None,0,0.05,0.0,0,10,20,375
2026-01-22,White Rice,Staples,3,0,10,0,2.44,22.16,0,0,0.14,None,1,0.2,0.0,0,10,20,355
2026-01-23,White Rice,Staples,4,0,9,0,1.11,28.19,0,0,0.08,None,0,0.05,0.0,0,10,20,360
2026-01-24,White Rice,Staples,5,0,8,0,0.45,26.21,0,0,0.08,None,1,0.3,0.0,0,10,20,350
2026-01-25,White Rice,Staples,6,0,7,0,1.97,24.44,0,1,0.11,None,0,0.02,0.0,0,10,20,421
2026-01-26,White Rice,Staples,0,0,6,0,3.19,23.75,0,0,0.1,None,0,0.15,0.0,0,10,20,379
2026-01-27,White Rice,Staples,1,0,5,0,1.49,19.67,0,0,0.06,None,1,0.25,0.0,0,10,20,404
2026-01-28,White Rice,Staples,2,0,4,0,2.1,28.08,0,0,0.09,None,0,0.05,0.0,0,10,20,364
2026-01-29,White Rice,Staples,3,0,3,0,1.73,23.08,0,0,0.08,None,1,0.2,0.0,0,10,20,366
2026-01-30,White Rice,Staples,4,0,2,0,2.11,22.23,0,1,0.13,None,0,0.05,0.0,0,10,20,361
2026-01-31,White Rice,Staples,5,0,1,0,7.47,26.57,0,0,0.14,None,1,0.3,0.0,0,10,20,329
2026-02-01,White Rice,Staples,6,0,28,0,0.1,28.98,0,0,0.11,None,0,0.02,0.0,0,10,20,344
2026-02-02,White Rice,Staples,0,0,27,0,11.81,23.88,0,0,0.06,None,0,0.15,0.0,0,10,20,375
2026-02-03,White Rice,Staples,1,0,26,0,4.55,27.37,0,0,0.1,None,1,0.25,0.0,0,10,20,384
2026-02-04,White Rice,Staples,2,0,25,0,0.26,26.3,0,0,0.09,None,0,0.05,0.0,0,10,20,361
2026-02-05,White Rice,Staples,3,0,24,0,0.51,23.28,0,0,0.1,None,1,0.2,0.0,0,10,20,360
2026-02-06,White Rice,Staples,4,0,23,0,2.82,22.21,0,1,0.07,None,0,0.05,0.0,0,10,20,406
2026-02-07,White Rice,Staples,5,0,22,0,1.08,23.79,0,1,0.12,None,1,0.3,0.0,0,10,20,387
2026-02-08,White Rice,Staples,6,0,21,0,2.82,19.53,0,1,0.05,None,0,0.02,0.0,0,10,20,390
2026-02-09,White Rice,Staples,0,0,20,0,2.54,31.92,0,0,0.04,None,0,0.15,0.0,0,10,20,355
2026-02-10,White Rice,Staples,1,0,19,0,3.1,27.45,0,0,0.12,None,1,0.25,0.0,0,10,20,375
2026-02-11,White Rice,Staples,2,0,18,0,1.42,18.95,0,0,0.06,None,0,0.05,0.0,0,10,20,384
2026-02-12,White Rice,Staples,3,1,17,0,0.34,32.08,0,0,0.1,None,1,0.2,0.0,1,10,20,36
2026-02-13,White Rice,Staples,4,0,16,0,1.01,35.89,0,0,0.03,None,0,0.05,0.0,0,10,20,326
2026-02-14,White Rice,Staples,5,0,15,0,2.19,29.39,0,0,0.15,None,1,0.3,0.0,0,10,20,305
2026-02-15,White Rice,Staples,6,0,14,0,1.82,22.73,0,1,0.12,None,0,0.02,0.0,0,10,20,431
2026-02-16,White Rice,Staples,0,0,13,0,1.52,27.32,0,0,0.13,None,0,0.15,0.0,0,10,20,351
2026-02-17,White Rice,Staples,1,1,12,0,5.88,22.14,0,0,0.14,Ramadan,1,0.25,0.15,1,10,20,28
2026-02-18,White Rice,Staples,2,0,11,0,0.88,15.09,0,0,0.02,Ramadan,0,0.05,0.15,0,10,20,324
2026-02-19,White Rice,Staples,3,0,10,0,3.85,27.81,0,0,0.06,Ramadan,1,0.2,0.15,0,10,20,285
2026-02-20,White Rice,Staples,4,0,9,0,1.53,20.25,0,0,0.08,Ramadan,0,0.05,0.15,0,10,20,308
2026-02-21,White Rice,Staples,5,0,8,0,8.27,27.75,0,0,0.09,Ramadan,1,0.3,0.15,0,10,20,297
2026-02-22,White Rice,Staples,6,0,7,0,0.76,23.22,0,0,0.14,Ramadan,0,0.02,0.15,0,10,20,328
2026-02-23,White Rice,Staples,0,1,6,1,8.33,22.7,0,1,0.28,Ramadan,0,0.15,0.15,1,10,20,32
2026-02-24,White Rice,Staples,1,0,5,0,3.71,26.98,0,1,0.05,Ramadan,1,0.25,0.15,0,10,20,389
2026-02-25,White Rice,Staples,2,0,4,0,3.25,24.15,0,0,0.07,Ramadan,0,0.05,0.15,0,10,20,283
2026-02-26,White Rice,Staples,3,0,3,0,1.58,33.11,0,0,0.04,Ramadan,1,0.2,0.15,0,10,20,360
2026-02-27,White Rice,Staples,4,0,2,0,7.19,29.31,0,0,0.12,Ramadan,0,0.05,0.15,0,10,20,274
2026-02-28,White Rice,Staples,5,0,1,0,0.95,21.01,0,1,0.02,Ramadan,1,0.3,0.15,0,10,20,379
2026-03-01,White Rice,Staples,6,0,1,0,2.48,24.96,0,0,0.03,Ramadan,0,0.02,0.15,0,10,20,326
2026-03-02,White Rice,Staples,0,0,0,0,9.23,26.75,0,0,0.12,Ramadan,0,0.15,0.15,0,10,20,306
2026-03-03,White Rice,Staples,1,0,29,0,2.74,28.02,0,0,0.09,Ramadan,1,0.25,0.15,0,10,20,310
2026-03-04,White Rice,Staples,2,0,28,0,0.2,25.68,0,0,0.02,Ramadan,0,0.05,0.15,0,10,20,339
2026-03-05,White Rice,Staples,3,0,27,0,1.55,23.88,0,1,0.07,Ramadan,1,0.2,0.15,0,10,20,376
2026-03-06,White Rice,Staples,4,0,26,0,0.06,24.96,0,0,0.06,Ramadan,0,0.05,0.15,0,10,20,272
2026-03-07,White Rice,Staples,5,0,25,0,2.02,32.57,0,0,0.05,Ramadan,1,0.3,0.15,0,10,20,321
2026-03-08,White Rice,Staples,6,0,24,0,0.83,22.02,0,0,0.12,Ramadan,0,0.02,0.15,0,10,20,296
2026-03-09,White Rice,Staples,0,0,23,0,1.05,26.97,0,0,0.04,Ramadan,0,0.15,0.15,0,10,20,310
2026-03-10,White Rice,Staples,1,0,22,0,1.03,21.82,0,0,0.02,Ramadan,1,0.25,0.15,0,10,20,329
2026-03-11,White Rice,Staples,2,0,21,0,5.62,27.81,0,1,0.07,Ramadan,0,0.05,0.15,0,10,20,406
2026-03-12,White Rice,Staples,3,0,20,0,8.91,23.91,0,0,0.13,Ramadan,1,0.2,0.15,0,10,20,288
2026-03-13,White Rice,Staples,4,0,19,0,0.54,22.59,0,0,0.05,Ramadan,0,0.05,0.15,0,10,20,308
2026-03-14,White Rice,Staples,5,0,18,0,4.9,30.8,0,0,0.05,Ramadan,1,0.3,0.15,0,10,20,303
2026-03-15,White Rice,Staples,6,0,17,0,4.22,22.53,0,1,0.11,Ramadan,0,0.02,0.15,0,10,20,342
2026-03-16,White Rice,Staples,0,0,16,0,3.0,32.93,0,0,0.13,Ramadan,0,0.15,0.15,0,10,20,289
2026-03-17,White Rice,Staples,1,0,15,0,0.24,27.13,0,0,0.13,Ramadan,1,0.25,0.15,0,10,20,302
2026-03-18,White Rice,Staples,2,0,14,0,1.01,29.83,0,0,0.09,Ramadan,0,0.05,0.15,0,10,20,318
2026-03-19,White Rice,Staples,3,0,13,0,6.27,20.77,0,0,0.02,Ramadan,1,0.2,0.15,0,10,20,343
2026-03-20,White Rice,Staples,4,0,12,0,7.31,23.9,0,0,0.14,None,0,0.05,0.0,0,10,20,282
2026-03-21,White Rice,Staples,5,0,11,0,3.48,12.88,0,0,0.09,None,1,0.3,0.0,0,10,20,347
2026-03-22,White Rice,Staples,6,0,10,0,0.51,25.65,0,0,0.12,None,0,0.02,0.0,0,10,20,351
2026-03-23,White Rice,Staples,0,0,9,0,7.75,18.14,0,0,0.1,None,0,0.15,0.0,0,10,20,371
2026-03-24,White Rice,Staples,1,0,8,0,5.19,29.67,0,0,0.11,None,1,0.25,0.0,0,10,20,337
2026-03-25,White Rice,Staples,2,0,7,0,0.0,21.72,0,0,0.05,None,0,0.05,0.0,0,10,20,389
2026-03-26,White Rice,Staples,3,0,6,0,1.79,20.97,0,0,0.13,None,1,0.2,0.0,0,10,20,353
2026-03-27,White Rice,Staples,4,0,5,0,3.45,28.35,0,0,0.12,None,0,0.05,0.0,0,10,20,340
2026-03-28,White Rice,Staples,5,0,4,0,1.88,27.82,0,0,0.14,None,1,0.3,0.0,0,10,20,350
2026-03-29,White Rice,Staples,6,0,3,0,6.89,25.09,0,0,0.07,None,0,0.02,0.0,0,10,20,331
2026-03-30,White Rice,Staples,0,0,2,0,9.37,25.35,0,0,0.09,None,0,0.15,0.0,0,10,20,335
2026-03-31,White Rice,Staples,1,0,1,0,1.02,25.64,0,0,0.03,None,1,0.25,0.0,0,10,20,364
2026-04-01,White Rice,Staples,2,0,0,0,0.56,37.27,0,0,0.1,None,0,0.05,0.0,0,10,20,363
2026-04-02,White Rice,Staples,3,0,29,0,0.39,39.19,0,0,0.02,None,1,0.2,0.0,0,10,20,365
2026-04-03,White Rice,Staples,4,0,28,0,0.22,41.22,0,0,0.14,None,0,0.05,0.0,0,10,20,307
2026-04-04,White Rice,Staples,5,0,27,0,0.51,40.94,0,0,0.13,None,1,0.3,0.0,0,10,20,352
2026-04-05,White Rice,Staples,6,0,26,0,0.49,36.95,0,0,0.03,None,0,0.02,0.0,0,10,20,357
2026-04-06,White Rice,Staples,0,0,25,0,0.04,36.56,0,1,0.04,None,0,0.15,0.0,0,10,20,419
2026-04-07,White Rice,Staples,1,0,24,0,0.14,38.82,0,0,0.06,None,1,0.25,0.0,0,10,20,363
2026-04-08,White Rice,Staples,2,0,23,0,1.35,40.74,0,0,0.15,None,0,0.05,0.0,0,10,20,336
2026-04-09,White Rice,Staples,3,0,22,0,0.3,36.85,0,0,0.13,None,1,0.2,0.0,0,10,20,328
2026-04-10,White Rice,Staples,4,0,21,0,0.98,38.3,0,0,0.14,None,0,0.05,0.0,0,10,20,308
2026-04-11,White Rice,Staples,5,0,20,0,0.21,43.01,0,0,0.09,None,1,0.3,0.0,0,10,20,344
2026-04-12,White Rice,Staples,6,0,19,0,0.1,41.29,0,0,0.1,None,0,0.02,0.0,0,10,20,360
2026-04-13,White Rice,Staples,0,0,18,0,0.19,41.93,0,0,0.11,None,0,0.15,0.0,0,10,20,368
2026-04-14,White Rice,Staples,1,0,17,0,0.01,40.2,0,0,0.06,None,1,0.25,0.0,0,10,20,336
2026-04-15,White Rice,Staples,2,0,16,0,0.29,39.19,0,1,0.08,None,0,0.05,0.0,0,10,20,467
2026-04-16,White Rice,Staples,3,0,15,0,1.93,38.32,0,0,0.11,None,1,0.2,0.0,0,10,20,344
2026-04-17,White Rice,Staples,4,0,14,0,0.07,38.32,0,0,0.08,None,0,0.05,0.0,0,10,20,317
2026-04-18,White Rice,Staples,5,0,13,0,0.43,38.39,0,0,0.04,None,1,0.3,0.0,0,10,20,374
2026-04-19,White Rice,Staples,6,0,12,0,0.19,41.62,0,0,0.02,None,0,0.02,0.0,0,10,20,398
2026-04-20,White Rice,Staples,0,0,11,0,4.52,41.99,0,0,0.08,None,0,0.15,0.0,0,10,20,353
2026-04-21,White Rice,Staples,1,0,10,0,7.38,40.27,0,1,0.05,None,1,0.25,0.0,0,10,20,486
2026-04-22,White Rice,Staples,2,0,9,0,0.36,44.4,0,1,0.07,None,0,0.05,0.0,0,10,20,399
2026-04-23,White Rice,Staples,3,0,8,0,0.59,39.19,0,0,0.09,None,1,0.2,0.0,0,10,20,365
2026-04-24,White Rice,Staples,4,0,7,0,4.41,41.23,0,0,0.04,None,0,0.05,0.0,0,10,20,357
2026-04-25,White Rice,Staples,5,0,6,0,0.03,41.62,0,1,0.11,None,1,0.3,0.0,0,10,20,411
2026-04-26,White Rice,Staples,6,0,5,0,1.44,39.94,0,0,0.08,None,0,0.02,0.0,0,10,20,341
2026-04-27,White Rice,Staples,0,0,4,0,0.05,39.42,0,0,0.13,None,0,0.15,0.0,0,10,20,357
2026-04-28,White Rice,Staples,1,0,3,0,0.27,44.44,0,1,0.03,None,1,0.25,0.0,0,10,20,468
2026-04-29,White Rice,Staples,2,0,2,0,0.22,39.93,0,1,0.09,None,0,0.05,0.0,0,10,20,408
2026-04-30,White Rice,Staples,3,0,1,0,0.02,38.64,0,0,0.11,None,1,0.2,0.0,0,10,20,317
2026-05-01,White Rice,Staples,4,0,1,0,0.01,40.24,0,0,0.06,None,0,0.05,0.0,0,10,20,341
2026-05-02,White Rice,Staples,5,0,0,0,0.02,41.71,0,0,0.13,None,1,0.3,0.0,0,10,20,331
2026-05-03,White Rice,Staples,6,0,29,0,0.06,39.32,0,0,0.14,None,0,0.02,0.0,0,10,20,348
2026-05-04,White Rice,Staples,0,0,28,0,0.38,39.28,0,1,0.1,None,0,0.15,0.0,0,10,20,446
2026-05-05,White Rice,Staples,1,0,27,0,0.18,39.36,0,0,0.11,None,1,0.25,0.0,0,10,20,363
2026-05-06,White Rice,Staples,2,0,26,0,0.15,41.18,0,0,0.07,None,0,0.05,0.0,0,10,20,319
2026-05-07,White Rice,Staples,3,0,25,0,0.99,43.05,0,0,0.09,None,1,0.2,0.0,0,10,20,397
2026-05-08,White Rice,Staples,4,0,24,0,0.04,40.65,0,1,0.14,None,0,0.05,0.0,0,10,20,367
2026-05-09,White Rice,Staples,5,0,23,0,5.49,42.34,0,0,0.14,None,1,0.3,0.0,0,10,20,316
2026-05-10,White Rice,Staples,6,0,22,0,2.0,39.34,0,1,0.04,None,0,0.02,0.0,0,10,20,416
2026-05-11,White Rice,Staples,0,0,21,0,0.06,42.23,0,0,0.1,None,0,0.15,0.0,0,10,20,357
2026-05-12,White Rice,Staples,1,0,20,0,0.22,39.26,0,0,0.04,None,1,0.25,0.0,0,10,20,378
2026-05-13,White Rice,Staples,2,0,19,0,3.25,41.48,0,0,0.03,None,0,0.05,0.0,0,10,20,392
2026-05-14,White Rice,Staples,3,0,18,0,0.34,42.72,0,0,0.08,None,1,0.2,0.0,0,10,20,371
2026-05-15,White Rice,Staples,4,0,17,0,0.7,40.82,0,0,0.12,None,0,0.05,0.0,0,10,20,302
2026-05-16,White Rice,Staples,5,1,16,0,0.15,41.96,0,0,0.03,None,1,0.3,0.0,1,10,20,39
2026-05-17,White Rice,Staples,6,0,15,0,1.23,39.99,0,0,0.05,None,0,0.02,0.0,0,10,20,369
2026-05-18,White Rice,Staples,0,0,14,0,1.25,42.27,0,0,0.15,None,0,0.15,0.0,0,10,20,344
2026-05-19,White Rice,Staples,1,0,13,0,0.2,38.31,0,0,0.02,None,1,0.25,0.0,0,10,20,388
2026-05-20,White Rice,Staples,2,0,12,0,0.12,39.28,0,1,0.08,None,0,0.05,0.0,0,10,20,443
2026-05-21,White Rice,Staples,3,0,11,0,0.0,40.65,0,0,0.09,None,1,0.2,0.0,0,10,20,348
2026-05-22,White Rice,Staples,4,0,10,0,1.66,41.43,0,0,0.13,None,0,0.05,0.0,0,10,20,326
2026-05-23,White Rice,Staples,5,0,9,0,1.79,38.53,0,1,0.13,None,1,0.3,0.0,0,10,20,402
2026-05-24,White Rice,Staples,6,0,8,0,0.03,39.95,0,0,0.09,None,0,0.02,0.0,0,10,20,325
2026-05-25,White Rice,Staples,0,0,7,0,1.52,42.82,0,0,0.08,None,0,0.15,0.0,0,10,20,381
2026-05-26,White Rice,Staples,1,0,6,0,2.84,40.69,0,0,0.02,None,1,0.25,0.0,0,10,20,372
2026-05-27,White Rice,Staples,2,0,5,0,0.08,40.7,0,0,0.04,None,0,0.05,0.0,0,10,20,362
2026-05-28,White Rice,Staples,3,0,4,0,0.84,40.93,0,0,0.04,None,1,0.2,0.0,0,10,20,402
2026-05-29,White Rice,Staples,4,0,3,0,1.04,40.07,0,0,0.12,None,0,0.05,0.0,0,10,20,310
2026-05-30,White Rice,Staples,5,0,2,0,0.45,40.31,0,0,0.12,None,1,0.3,0.0,0,10,20,368
2026-05-31,White Rice,Staples,6,0,1,0,0.14,37.03,0,0,0.12,None,0,0.02,0.0,0,10,20,332
2026-06-01,White Rice,Staples,0,0,0,0,79.14,33.46,1,0,0.14,None,0,0.15,0.0,0,10,20,417
2026-06-02,White Rice,Staples,1,0,29,0,21.71,29.85,0,1,0.08,None,1,0.25,0.0,0,10,20,534
2026-06-03,White Rice,Staples,2,0,28,0,26.79,29.41,0,0,0.03,None,0,0.05,0.0,0,10,20,424
2026-06-04,White Rice,Staples,3,0,27,0,16.8,31.26,0,1,0.07,None,1,0.2,0.0,0,10,20,447
2026-06-05,White Rice,Staples,4,0,26,0,20.57,30.84,0,0,0.05,None,0,0.05,0.0,0,10,20,429
2026-06-06,White Rice,Staples,5,1,25,0,21.55,28.11,0,0,0.05,None,1,0.3,0.0,1,10,20,42
2026-06-07,White Rice,Staples,6,0,24,0,7.69,31.54,0,0,0.07,None,0,0.02,0.0,0,10,20,387
2026-06-08,White Rice,Staples,0,0,23,0,8.64,32.37,0,0,0.08,None,0,0.15,0.0,0,10,20,366
2026-06-09,White Rice,Staples,1,0,22,0,8.26,29.25,0,1,0.14,None,1,0.25,0.0,0,10,20,405
2026-06-10,White Rice,Staples,2,0,21,0,16.76,32.76,0,1,0.08,None,0,0.05,0.0,0,10,20,440
2026-06-11,White Rice,Staples,3,0,20,0,32.12,29.79,0,0,0.15,None,1,0.2,0.0,0,10,20,394
2026-06-12,White Rice,Staples,4,0,19,0,60.44,36.62,1,0,0.08,None,0,0.05,0.0,0,10,20,380
2026-06-13,White Rice,Staples,5,1,18,0,11.54,31.84,0,0,0.04,None,1,0.3,0.0,1,10,20,35
2026-06-14,White Rice,Staples,6,0,17,0,24.68,32.67,0,0,0.09,None,0,0.02,0.0,0,10,20,412
2026-06-15,White Rice,Staples,0,0,16,0,23.17,28.7,0,1,0.07,None,0,0.15,0.0,0,10,20,571
2026-06-16,White Rice,Staples,1,0,15,0,25.43,31.29,0,0,0.11,None,1,0.25,0.0,0,10,20,440
2026-06-17,White Rice,Staples,2,0,14,0,3.21,29.19,0,0,0.09,None,0,0.05,0.0,0,10,20,426
2026-06-18,White Rice,Staples,3,0,13,0,6.63,33.37,0,1,0.04,None,1,0.2,0.0,0,10,20,467
2026-06-19,White Rice,Staples,4,0,12,0,15.58,32.51,0,0,0.05,None,0,0.05,0.0,0,10,20,323
2026-06-20,White Rice,Staples,5,0,11,0,12.14,37.38,0,0,0.02,None,1,0.3,0.0,0,10,20,405
2026-06-21,White Rice,Staples,6,0,10,0,53.55,30.33,1,0,0.09,None,0,0.02,0.0,0,10,20,404
2026-06-22,White Rice,Staples,0,0,9,0,63.95,35.92,1,1,0.08,None,0,0.15,0.0,0,10,20,519
2026-06-23,White Rice,Staples,1,0,8,0,18.38,28.23,0,0,0.03,None,1,0.25,0.0,0,10,20,369
2026-06-24,White Rice,Staples,2,0,7,0,20.64,30.57,0,1,0.13,None,0,0.05,0.0,0,10,20,459
2026-06-25,White Rice,Staples,3,0,6,0,48.11,29.52,1,0,0.11,None,1,0.2,0.0,0,10,20,403
2026-06-26,White Rice,Staples,4,0,5,0,27.66,27.09,0,1,0.14,None,0,0.05,0.0,0,10,20,399
2026-06-27,White Rice,Staples,5,0,4,0,16.46,24.03,0,0,0.14,None,1,0.3,0.0,0,10,20,351
2026-06-28,White Rice,Staples,6,0,3,0,25.88,28.74,0,0,0.1,None,0,0.02,0.0,0,10,20,413
2026-06-29,White Rice,Staples,0,0,2,0,20.21,32.63,0,0,0.13,None,0,0.15,0.0,0,10,20,405
2026-06-30,White Rice,Staples,1,0,1,0,28.92,30.06,0,0,0.04,None,1,0.25,0.0,0,10,20,410
2026-07-01,White Rice,Staples,2,1,1,0,33.05,31.35,0,0,0.09,None,0,0.05,0.0,1,10,20,45
2026-07-02,White Rice,Staples,3,0,0,0,15.2,27.49,0,0,0.14,None,1,0.2,0.0,0,10,20,360
2026-07-03,White Rice,Staples,4,0,29,0,36.68,34.06,0,0,0.09,None,0,0.05,0.0,0,10,20,330
2026-07-04,White Rice,Staples,5,0,28,0,33.33,28.27,0,1,0.05,None,1,0.3,0.0,0,10,20,533
2026-07-05,White Rice,Staples,6,0,27,0,14.17,24.54,0,0,0.12,None,0,0.02,0.0,0,10,20,322
2026-07-06,White Rice,Staples,0,0,26,0,28.18,30.47,0,1,0.08,None,0,0.15,0.0,0,10,20,511
2026-07-07,White Rice,Staples,1,0,25,0,51.55,33.75,1,0,0.04,None,1,0.25,0.0,0,10,20,404
2026-07-08,White Rice,Staples,2,0,24,0,28.87,26.63,0,0,0.14,None,0,0.05,0.0,0,10,20,380
2026-07-09,White Rice,Staples,3,0,23,0,6.09,31.81,0,0,0.05,None,1,0.2,0.0,0,10,20,407
2026-07-10,White Rice,Staples,4,0,22,0,10.11,30.46,0,0,0.1,None,0,0.05,0.0,0,10,20,300
2026-07-11,White Rice,Staples,5,0,21,0,4.75,31.25,0,0,0.12,None,1,0.3,0.0,0,10,20,335
2026-07-12,White Rice,Staples,6,0,20,0,27.16,28.1,0,0,0.07,None,0,0.02,0.0,0,10,20,483
2026-07-13,White Rice,Staples,0,0,19,0,13.02,33.14,0,0,0.05,None,0,0.15,0.0,0,10,20,365
2026-07-14,White Rice,Staples,1,0,18,0,36.34,28.13,0,1,0.04,None,1,0.25,0.0,0,10,20,518
2026-07-15,White Rice,Staples,2,0,17,0,13.42,27.81,0,0,0.14,None,0,0.05,0.0,0,10,20,327
2026-07-16,White Rice,Staples,3,0,16,0,27.61,31.92,0,1,0.11,None,1,0.2,0.0,0,10,20,532
2026-07-17,White Rice,Staples,4,1,15,1,16.55,30.18,0,0,0.29,None,0,0.05,0.0,1,10,20,28
2026-07-18,White Rice,Staples,5,0,14,0,12.96,31.58,0,0,0.14,None,1,0.3,0.0,0,10,20,345
2026-07-19,White Rice,Staples,6,0,13,0,9.17,28.82,0,0,0.14,None,0,0.02,0.0,0,10,20,305
2026-07-20,White Rice,Staples,0,0,12,0,2.85,31.23,0,1,0.06,None,0,0.15,0.0,0,10,20,476
2026-07-21,White Rice,Staples,1,0,11,0,38.78,35.42,0,1,0.06,None,1,0.25,0.0,0,10,20,567
2026-07-22,White Rice,Staples,2,0,10,0,21.47,37.52,0,0,0.06,None,0,0.05,0.0,0,10,20,424
2026-07-23,White Rice,Staples,3,0,9,0,8.64,31.84,0,0,0.07,None,1,0.2,0.0,0,10,20,391
2026-07-24,White Rice,Staples,4,0,8,0,25.36,30.66,0,1,0.03,None,0,0.05,0.0,0,10,20,477
2026-07-25,White Rice,Staples,5,0,7,0,27.92,27.63,0,1,0.07,None,1,0.3,0.0,0,10,20,528
2026-07-26,White Rice,Staples,6,0,6,0,12.48,34.4,0,1,0.05,None,0,0.02,0.0,0,10,20,492
2026-07-27,White Rice,Staples,0,0,5,0,5.88,31.53,0,0,0.03,None,0,0.15,0.0,0,10,20,375
2026-07-28,White Rice,Staples,1,0,4,0,2.6,38.67,0,1,0.04,None,1,0.25,0.0,0,10,20,465
2026-07-29,White Rice,Staples,2,0,3,0,37.37,32.52,0,1,0.12,None,0,0.05,0.0,0,10,20,544
2026-07-30,White Rice,Staples,3,0,2,0,30.41,31.15,0,0,0.1,None,1,0.2,0.0,0,10,20,430
2026-07-31,White Rice,Staples,4,0,1,0,31.24,31.27,0,0,0.04,None,0,0.05,0.0,0,10,20,366
2026-08-01,White Rice,Staples,5,0,1,0,21.26,36.11,0,1,0.05,Shravan,1,0.4,0.02,0,10,20,516
2026-08-02,White Rice,Staples,6,0,0,0,5.83,33.81,0,0,0.06,Shravan,0,0.4,0.02,0,10,20,368
2026-08-03,White Rice,Staples,0,0,29,0,50.85,31.99,1,0,0.07,Shravan,0,0.4,0.02,0,10,20,390
2026-08-04,White Rice,Staples,1,0,28,0,3.01,32.89,0,0,0.13,Shravan,1,0.4,0.02,0,10,20,354
2026-08-05,White Rice,Staples,2,0,27,0,19.96,29.8,0,0,0.07,Shravan,0,0.4,0.02,0,10,20,360
2026-08-06,White Rice,Staples,3,0,26,0,8.73,34.56,0,0,0.08,Shravan,1,0.4,0.02,0,10,20,368
2026-08-07,White Rice,Staples,4,0,25,0,30.82,31.62,0,1,0.06,Shravan,0,0.4,0.02,0,10,20,467
2026-08-08,White Rice,Staples,5,0,24,0,18.87,34.39,0,0,0.1,Shravan,1,0.4,0.02,0,10,20,384
2026-08-09,White Rice,Staples,6,0,23,0,12.07,32.33,0,0,0.08,Shravan,0,0.4,0.02,0,10,20,370
2026-08-10,White Rice,Staples,0,0,22,0,5.45,30.68,0,1,0.11,Shravan,0,0.4,0.02,0,10,20,411
2026-08-11,White Rice,Staples,1,0,21,0,40.16,31.05,1,0,0.11,Shravan,1,0.4,0.02,0,10,20,399
2026-08-12,White Rice,Staples,2,0,20,0,11.1,27.85,0,0,0.08,Shravan,0,0.4,0.02,0,10,20,360
2026-08-13,White Rice,Staples,3,0,19,0,21.04,30.2,0,0,0.11,Shravan,1,0.4,0.02,0,10,20,434
2026-08-14,White Rice,Staples,4,0,18,0,6.24,31.01,0,0,0.04,Shravan,0,0.4,0.02,0,10,20,352
2026-08-15,White Rice,Staples,5,0,17,0,10.57,25.95,0,0,0.14,Shravan,1,0.4,0.02,0,10,20,338
2026-08-16,White Rice,Staples,6,0,16,0,38.92,28.74,0,0,0.08,Shravan,0,0.4,0.02,0,10,20,384
2026-08-17,White Rice,Staples,0,0,15,0,3.35,24.56,0,1,0.05,Shravan,0,0.4,0.02,0,10,20,475
2026-08-18,White Rice,Staples,1,0,14,0,23.53,29.69,0,0,0.05,Shravan,1,0.4,0.02,0,10,20,450
2026-08-19,White Rice,Staples,2,0,13,0,13.01,26.12,0,1,0.09,Shravan,0,0.4,0.02,0,10,20,397
2026-08-20,White Rice,Staples,3,1,12,0,15.8,29.21,0,0,0.06,Shravan,1,0.4,0.02,1,10,20,38
2026-08-21,White Rice,Staples,4,0,11,0,6.4,31.87,0,0,0.04,Shravan,0,0.4,0.02,0,10,20,341
2026-08-22,White Rice,Staples,5,0,10,0,25.07,32.05,0,0,0.15,Shravan,1,0.4,0.02,0,10,20,370
2026-08-23,White Rice,Staples,6,0,9,0,2.25,29.93,0,0,0.11,Shravan,0,0.4,0.02,0,10,20,345
2026-08-24,White Rice,Staples,0,0,8,0,12.37,30.53,0,0,0.08,Shravan,0,0.4,0.02,0,10,20,369
2026-08-25,White Rice,Staples,1,0,7,0,25.19,28.28,0,0,0.13,Shravan,1,0.4,0.02,0,10,20,356
2026-08-26,White Rice,Staples,2,0,6,0,26.32,25.09,0,0,0.07,Shravan,0,0.4,0.02,0,10,20,386
2026-08-27,White Rice,Staples,3,0,5,0,26.85,25.36,0,0,0.03,Shravan,1,0.4,0.02,0,10,20,438
2026-08-28,White Rice,Staples,4,0,4,0,9.52,33.99,0,0,0.07,Shravan,0,0.4,0.02,0,10,20,338
2026-08-29,White Rice,Staples,5,0,3,0,13.92,35.0,0,0,0.08,Shravan,1,0.4,0.02,0,10,20,373
2026-08-30,White Rice,Staples,6,0,2,0,16.35,29.61,0,0,0.1,Shravan,0,0.4,0.02,0,10,20,350
2026-08-31,White Rice,Staples,0,0,1,0,23.97,24.17,0,0,0.13,Shravan,0,0.4,0.02,0,10,20,412
2026-09-01,White Rice,Staples,1,0,0,0,81.02,27.81,1,0,0.07,None,1,0.25,0.0,0,10,20,422
2026-09-02,White Rice,Staples,2,0,29,0,9.62,33.81,0,0,0.03,None,0,0.05,0.0,0,10,20,389
2026-09-03,White Rice,Staples,3,0,28,0,17.1,34.04,0,1,0.14,None,1,0.2,0.0,0,10,20,400
2026-09-04,White Rice,Staples,4,0,27,0,39.22,29.82,0,0,0.02,None,0,0.05,0.0,0,10,20,400
2026-09-05,White Rice,Staples,5,0,26,0,2.77,27.93,0,1,0.05,None,1,0.3,0.0,0,10,20,460
2026-09-06,White Rice,Staples,6,0,25,0,26.87,35.25,0,0,0.1,None,0,0.02,0.0,0,10,20,402
2026-09-07,White Rice,Staples,0,0,24,0,59.75,34.63,1,0,0.06,None,0,0.15,0.0,0,10,20,460
2026-09-08,White Rice,Staples,1,0,23,0,3.09,28.05,0,0,0.06,None,1,0.25,0.0,0,10,20,379
2026-09-09,White Rice,Staples,2,0,22,0,11.44,27.1,0,0,0.1,None,0,0.05,0.0,0,10,20,354
2026-09-10,White Rice,Staples,3,0,21,0,12.62,34.6,0,0,0.13,None,1,0.2,0.0,0,10,20,355
2026-09-11,White Rice,Staples,4,0,20,0,12.83,34.84,0,1,0.04,None,0,0.05,0.0,0,10,20,431
2026-09-12,White Rice,Staples,5,0,19,0,4.22,31.82,0,0,0.11,None,1,0.3,0.0,0,10,20,355
2026-09-13,White Rice,Staples,6,0,18,0,14.99,30.34,0,0,0.05,None,0,0.02,0.0,0,10,20,375
2026-09-14,White Rice,Staples,0,0,17,0,14.48,28.71,0,0,0.06,None,0,0.15,0.0,0,10,20,344
2026-09-15,White Rice,Staples,1,0,16,0,16.13,30.1,0,1,0.11,None,1,0.25,0.0,0,10,20,455
2026-09-16,White Rice,Staples,2,0,15,0,13.05,35.98,0,0,0.06,None,0,0.05,0.0,0,10,20,381
2026-09-17,White Rice,Staples,3,0,14,0,5.78,33.77,0,0,0.04,None,1,0.2,0.0,0,10,20,373
2026-09-18,White Rice,Staples,4,0,13,0,21.36,29.49,0,1,0.04,None,0,0.05,0.0,0,10,20,476
2026-09-19,White Rice,Staples,5,0,12,0,47.3,31.85,1,0,0.07,None,1,0.3,0.0,0,10,20,435
2026-09-20,White Rice,Staples,6,1,11,0,13.55,33.82,0,0,0.03,None,0,0.02,0.0,1,10,20,36
2026-09-21,White Rice,Staples,0,1,10,1,4.07,27.23,0,1,0.24,None,0,0.15,0.0,1,10,20,37
2026-09-22,White Rice,Staples,1,0,9,0,31.22,28.77,0,1,0.02,None,1,0.25,0.0,0,10,20,523
2026-09-23,White Rice,Staples,2,0,8,0,66.89,30.05,1,0,0.14,None,0,0.05,0.0,0,10,20,362
2026-09-24,White Rice,Staples,3,0,7,0,24.59,24.99,0,1,0.05,None,1,0.2,0.0,0,10,20,510
2026-09-25,White Rice,Staples,4,0,6,0,22.12,27.03,0,1,0.07,None,0,0.05,0.0,0,10,20,487
2026-09-26,White Rice,Staples,5,0,5,0,11.66,26.06,0,0,0.05,None,1,0.3,0.0,0,10,20,365
2026-09-27,White Rice,Staples,6,0,4,0,53.14,28.31,1,0,0.11,None,0,0.02,0.0,0,10,20,415
2026-09-28,White Rice,Staples,0,0,3,0,44.39,33.84,1,0,0.06,None,0,0.15,0.0,0,10,20,392
2026-09-29,White Rice,Staples,1,0,2,0,26.58,34.14,0,1,0.14,None,1,0.25,0.0,0,10,20,476
2026-09-30,White Rice,Staples,2,0,1,0,7.06,25.97,0,0,0.02,None,0,0.05,0.0,0,10,20,405
2026-10-01,White Rice,Staples,3,0,1,0,5.85,20.28,0,0,0.11,None,1,0.2,0.0,0,10,20,373
2026-10-02,White Rice,Staples,4,0,0,0,5.11,32.46,0,0,0.15,None,0,0.05,0.0,0,10,20,304
2026-10-03,White Rice,Staples,5,0,29,0,0.43,20.27,0,0,0.07,None,1,0.3,0.0,0,10,20,365
2026-10-04,White Rice,Staples,6,0,28,0,2.53,27.86,0,0,0.14,None,0,0.02,0.0,0,10,20,330
2026-10-05,White Rice,Staples,0,0,27,0,1.25,24.77,0,1,0.12,None,0,0.15,0.0,0,10,20,410
2026-10-06,White Rice,Staples,1,0,26,0,0.29,28.72,0,0,0.15,None,1,0.25,0.0,0,10,20,344
2026-10-07,White Rice,Staples,2,0,25,0,2.28,31.18,0,0,0.12,None,0,0.05,0.0,0,10,20,355
2026-10-08,White Rice,Staples,3,0,24,0,5.24,20.99,0,1,0.12,None,1,0.2,0.0,0,10,20,460
2026-10-09,White Rice,Staples,4,0,23,0,0.56,23.83,0,0,0.09,None,0,0.05,0.0,0,10,20,319
2026-10-10,White Rice,Staples,5,0,22,0,0.21,24.96,0,1,0.11,Navratri,1,0.45,0.05,0,10,20,440
2026-10-11,White Rice,Staples,6,0,21,0,7.83,21.67,0,0,0.05,Navratri,0,0.45,0.05,0,10,20,368
2026-10-12,White Rice,Staples,0,0,20,0,3.51,23.4,0,0,0.03,Navratri,0,0.45,0.05,0,10,20,361
2026-10-13,White Rice,Staples,1,0,19,0,0.29,24.3,0,0,0.05,Navratri,1,0.45,0.05,0,10,20,351
2026-10-14,White Rice,Staples,2,0,18,0,15.05,28.53,0,1,0.11,Navratri,0,0.45,0.05,0,10,20,417
2026-10-15,White Rice,Staples,3,0,17,0,2.38,29.15,0,0,0.05,Navratri,1,0.45,0.05,0,10,20,357
2026-10-16,White Rice,Staples,4,0,16,0,0.52,18.73,0,1,0.08,Navratri,0,0.45,0.05,0,10,20,377
2026-10-17,White Rice,Staples,5,0,15,0,2.28,24.04,0,0,0.06,Navratri,1,0.45,0.05,0,10,20,343
2026-10-18,White Rice,Staples,6,0,14,0,3.19,24.49,0,0,0.09,Navratri,0,0.45,0.05,0,10,20,342
2026-10-19,White Rice,Staples,0,1,13,1,9.64,28.01,0,1,0.18,Navratri,0,0.45,0.05,1,10,20,36
2026-10-20,White Rice,Staples,1,0,12,0,1.53,29.42,0,1,0.08,None,1,0.25,0.0,0,10,20,448
2026-10-21,White Rice,Staples,2,0,11,0,4.24,17.15,0,0,0.13,None,0,0.05,0.0,0,10,20,319
2026-10-22,White Rice,Staples,3,0,10,0,5.58,20.04,0,0,0.11,None,1,0.2,0.0,0,10,20,350
2026-10-23,White Rice,Staples,4,0,9,0,3.15,28.22,0,0,0.13,None,0,0.05,0.0,0,10,20,327
2026-10-24,White Rice,Staples,5,0,8,0,2.59,25.34,0,0,0.14,None,1,0.3,0.0,0,10,20,311
2026-10-25,White Rice,Staples,6,1,7,0,1.55,23.93,0,1,0.04,None,0,0.02,0.0,1,10,20,44
2026-10-26,White Rice,Staples,0,0,6,0,0.23,25.58,0,0,0.1,None,0,0.15,0.0,0,10,20,395
2026-10-27,White Rice,Staples,1,0,5,0,2.88,23.41,0,0,0.04,None,1,0.25,0.0,0,10,20,389
2026-10-28,White Rice,Staples,2,0,4,0,11.65,22.43,0,1,0.12,None,0,0.05,0.0,0,10,20,443
2026-10-29,White Rice,Staples,3,0,3,0,0.93,24.79,0,1,0.12,None,1,0.2,0.0,0,10,20,404
2026-10-30,White Rice,Staples,4,1,2,1,1.19,20.64,0,1,0.19,None,0,0.05,0.0,1,10,20,38
2026-10-31,White Rice,Staples,5,0,1,0,0.36,29.89,0,0,0.03,None,1,0.3,0.0,0,10,20,372
2026-11-01,White Rice,Staples,6,0,0,0,1.93,24.2,0,0,0.04,None,0,0.02,0.0,0,10,20,386
2026-11-02,White Rice,Staples,0,0,29,0,2.72,24.26,0,0,0.07,None,0,0.15,0.0,0,10,20,359
2026-11-03,White Rice,Staples,1,0,28,0,5.92,26.34,0,0,0.07,None,1,0.25,0.0,0,10,20,402
2026-11-04,White Rice,Staples,2,0,27,0,0.98,34.84,0,1,0.09,None,0,0.05,0.0,0,10,20,420
2026-11-05,White Rice,Staples,3,0,26,0,2.7,34.67,0,0,0.14,None,1,0.2,0.0,0,10,20,314
2026-11-06,White Rice,Staples,4,0,25,0,1.04,20.33,0,0,0.04,None,0,0.05,0.0,0,10,20,366
2026-11-07,White Rice,Staples,5,0,24,0,14.34,19.62,0,1,0.1,None,1,0.3,0.0,0,10,20,421
2026-11-08,White Rice,Staples,6,0,23,0,0.65,24.11,0,0,0.12,None,0,0.02,0.0,0,10,20,314
2026-11-09,White Rice,Staples,0,1,22,1,0.35,19.15,0,0,0.22,None,0,0.15,0.0,1,10,20,30
2026-11-10,White Rice,Staples,1,0,21,0,4.49,25.31,0,0,0.12,None,1,0.25,0.0,0,10,20,321
2026-11-11,White Rice,Staples,2,0,20,0,12.01,30.81,0,0,0.12,None,0,0.05,0.0,0,10,20,342
2026-11-12,White Rice,Staples,3,0,19,0,7.73,20.99,0,0,0.12,None,1,0.2,0.0,0,10,20,375
2026-11-13,White Rice,Staples,4,1,18,1,0.72,15.26,0,0,0.19,None,0,0.05,0.0,1,10,20,30
2026-11-14,White Rice,Staples,5,0,17,0,1.67,25.65,0,0,0.05,None,1,0.3,0.0,0,10,20,378
2026-11-15,White Rice,Staples,6,0,16,0,8.66,17.98,0,0,0.14,None,0,0.02,0.0,0,10,20,362
2026-11-16,White Rice,Staples,0,0,15,0,1.3,29.53,0,0,0.07,None,0,0.15,0.0,0,10,20,349
2026-11-17,White Rice,Staples,1,0,14,0,4.59,26.82,0,1,0.13,None,1,0.25,0.0,0,10,20,389
2026-11-18,White Rice,Staples,2,0,13,0,3.23,25.01,0,0,0.06,None,0,0.05,0.0,0,10,20,366
2026-11-19,White Rice,Staples,3,0,12,0,0.87,20.63,0,0,0.09,None,1,0.2,0.0,0,10,20,374
2026-11-20,White Rice,Staples,4,0,11,0,4.47,29.72,0,0,0.1,None,0,0.05,0.0,0,10,20,300
2026-11-21,White Rice,Staples,5,0,10,0,0.15,21.45,0,0,0.07,None,1,0.3,0.0,0,10,20,381
2026-11-22,White Rice,Staples,6,0,9,0,2.08,27.54,0,0,0.08,None,0,0.02,0.0,0,10,20,380
2026-11-23,White Rice,Staples,0,0,8,0,3.27,20.47,0,1,0.13,None,0,0.15,0.0,0,10,20,443
2026-11-24,White Rice,Staples,1,0,7,0,1.59,21.65,0,0,0.15,None,1,0.25,0.0,0,10,20,335
2026-11-25,White Rice,Staples,2,0,6,0,11.44,20.41,0,0,0.11,None,0,0.05,0.0,0,10,20,352
2026-11-26,White Rice,Staples,3,0,5,0,12.8,18.64,0,1,0.08,None,1,0.2,0.0,0,10,20,449
2026-11-27,White Rice,Staples,4,0,4,0,7.33,22.96,0,0,0.04,None,0,0.05,0.0,0,10,20,347
2026-11-28,White Rice,Staples,5,0,3,0,0.05,22.71,0,0,0.05,None,1,0.3,0.0,0,10,20,397
2026-11-29,White Rice,Staples,6,0,2,0,13.85,22.11,0,0,0.05,None,0,0.02,0.0,0,10,20,399
2026-11-30,White Rice,Staples,0,0,1,0,1.04,29.89,0,0,0.05,None,0,0.15,0.0,0,10,20,359
2026-12-01,White Rice,Staples,1,0,1,0,4.03,23.07,0,0,0.05,None,1,0.25,0.0,0,10,20,355
2026-12-02,White Rice,Staples,2,0,0,0,0.23,20.6,0,1,0.11,None,0,0.05,0.0,0,10,20,462
2026-12-03,White Rice,Staples,3,1,29,0,3.28,31.0,0,1,0.05,None,1,0.2,0.0,1,10,20,44
2026-12-04,White Rice,Staples,4,0,28,0,1.89,24.85,0,0,0.03,None,0,0.05,0.0,0,10,20,354
2026-12-05,White Rice,Staples,5,0,27,0,0.04,24.82,0,0,0.1,None,1,0.3,0.0,0,10,20,350
2026-12-06,White Rice,Staples,6,0,26,0,3.25,23.2,0,0,0.05,None,0,0.02,0.0,0,10,20,390
2026-12-07,White Rice,Staples,0,0,25,0,3.09,21.62,0,1,0.08,None,0,0.15,0.0,0,10,20,430
2026-12-08,White Rice,Staples,1,0,24,0,6.39,26.33,0,0,0.12,None,1,0.25,0.0,0,10,20,365
2026-12-09,White Rice,Staples,2,0,23,0,3.87,25.48,0,0,0.15,None,0,0.05,0.0,0,10,20,330
2026-12-10,White Rice,Staples,3,0,22,0,0.11,16.03,0,0,0.12,None,1,0.2,0.0,0,10,20,364
2026-12-11,White Rice,Staples,4,0,21,0,0.7,27.35,0,0,0.14,None,0,0.05,0.0,0,10,20,318
2026-12-12,White Rice,Staples,5,0,20,0,0.23,31.99,0,0,0.06,None,1,0.3,0.0,0,10,20,338
2026-12-13,White Rice,Staples,6,0,19,0,2.78,23.73,0,0,0.05,None,0,0.02,0.0,0,10,20,388
2026-12-14,White Rice,Staples,0,0,18,0,0.51,30.51,0,1,0.14,None,0,0.15,0.0,0,10,20,427
2026-12-15,White Rice,Staples,1,0,17,0,2.57,24.71,0,0,0.03,None,1,0.25,0.0,0,10,20,422
2026-12-16,White Rice,Staples,2,0,16,0,1.59,21.4,0,0,0.07,None,0,0.05,0.0,0,10,20,391
2026-12-17,White Rice,Staples,3,0,15,0,1.51,21.06,0,0,0.06,None,1,0.2,0.0,0,10,20,343
2026-12-18,White Rice,Staples,4,0,14,0,2.32,22.33,0,0,0.11,None,0,0.05,0.0,0,10,20,334
2026-12-19,White Rice,Staples,5,0,13,0,1.16,23.17,0,0,0.03,None,1,0.3,0.0,0,10,20,391
2026-12-20,White Rice,Staples,6,0,12,0,4.1,29.06,0,0,0.11,None,0,0.02,0.0,0,10,20,343
2026-12-21,White Rice,Staples,0,0,11,0,3.44,27.62,0,0,0.1,None,0,0.15,0.0,0,10,20,363
2026-12-22,White Rice,Staples,1,0,10,0,8.24,26.39,0,0,0.08,None,1,0.25,0.0,0,10,20,382
2026-12-23,White Rice,Staples,2,0,9,0,0.6,24.18,0,0,0.04,None,0,0.05,0.0,0,10,20,410
2026-12-24,White Rice,Staples,3,0,8,0,0.23,28.47,0,0,0.09,None,1,0.2,0.0,0,10,20,380
2026-12-25,White Rice,Staples,4,0,7,0,0.74,29.94,0,0,0.1,None,0,0.05,0.0,0,10,20,314
2026-12-26,White Rice,Staples,5,0,6,0,7.7,28.2,0,0,0.08,None,1,0.3,0.0,0,10,20,388
2026-12-27,White Rice,Staples,6,0,5,0,0.09,24.18,0,0,0.11,None,0,0.02,0.0,0,10,20,353
2026-12-28,White Rice,Staples,0,0,4,0,0.49,20.07,0,0,0.12,None,0,0.15,0.0,0,10,20,385
2026-12-29,White Rice,Staples,1,0,3,0,3.79,20.31,0,0,0.08,None,1,0.25,0.0,0,10,20,375
2026-12-30,White Rice,Staples,2,0,2,0,3.42,25.31,0,1,0.04,None,0,0.05,0.0,0,10,20,468
